SAMPLE_ID	Acholeplasmatales	Acidaminococcales	Actinomycetales	Aeromonadales	Alteromonadales	Bacillales	Bacteriovoracales	Bacteroidales	Bdellovibrionales	Bifidobacteriales	Bradymonadales	Burkholderiales	Campylobacterales	Cardiobacteriales	Caulobacterales	Cellvibrionales	Chitinophagales	Chlamydiales	Chromatiales	Chroococcales	Chrysiogenales	Clostridiales	Coriobacteriales	Corynebacteriales	Cytophagales	Deferribacterales	Dehalococcoidales	Deinococcales	Desulfobacterales	Desulfovibrionales	Desulfuromonadales	Eggerthellales	Enterobacterales	Entomoplasmatales	Erysipelotrichales	Flavobacteriales	Frankiales	Fusobacteriales	Halanaerobiales	Lactobacillales	Legionellales	Leptospirales	Limnochordales	Magnetococcales	Marinilabiliales	Mariprofundales	Mesoaciditogales	Micrococcales	Mycoplasmatales	Myxococcales	Neisseriales	Nevskiales	Nitrosomonadales	Nostocales	Oceanospirillales	Orbales	Oscillatoriales	Parachlamydiales	Pasteurellales	Pleurocapsales	Propionibacteriales	Pseudomonadales	Pseudonocardiales	Puniceicoccales	Rhizobiales	Rhodobacterales	Rhodospirillales	Rickettsiales	Rubrobacterales	Selenomonadales	Solirubrobacterales	Sphaerobacterales	Sphingobacteriales	Sphingomonadales	Spirochaetales	Streptomycetales	Synechococcales	Synergistales	Syntrophobacterales	Thermales	Thermoanaerobacterales	Thermodesulfobacteriales	Thermotogales	Thiotrichales	Tissierellales	Unclassified Actinobacteria Class	Unclassified Actinobacteria Phylum	Unclassified Alphaproteobacteria Class	Unclassified Bacilli Class	Unclassified Bacteroidetes Phylum	Unclassified Betaproteobacteria Class	Unclassified Candidatus Saccharibacteria Phylum	Unclassified Clostridia Class	Unclassified Coriobacteriia Class	Unclassified Cyanobacteria Phylum	Unclassified Epsilonproteobacteria Class	Unclassified Firmicutes Phylum	Unclassified Gammaproteobacteria Class	Unclassified Mollicutes Class	Unclassified Negativicutes Class	Unclassified Planctomycetes Phylum	Unclassified Proteobacteria Phylum	Unclassified Tissierellia Class	Unclassified Verrucomicrobia Phylum	Veillonellales	Verrucomicrobiales	Vibrionales	Victivallales	Xanthomonadales
ERR1624536	0.4189664503362295	2.208918299579826	1.1935737619740034	0.0	0.25816009011830005	0.6281877443780642	0.0	3.512729707583845	0.0	3.0460371485151465	0.0	1.1199193218128485	0.4189664503362295	0.0	0.0	0.0	0.0	0.0	0.0	1.9596750877398383	0.0	3.8707074750025736	2.8648782549424867	0.0	0.0	0.0	0.25816009011830005	0.0	0.0	0.9970405174155634	0.0	1.7104938500127886	1.311503591566287	0.0	2.908356256815895	0.25816009011830005	0.0	0.25816009011830005	1.74354527690115	2.5809474349712427	0.0	0.0	0.0	0.0	0.0	0.0	0.4189664503362295	0.4189664503362295	0.0	0.0	0.25816009011830005	0.0	0.0	0.5360561559943081	0.0	0.0	0.0	0.0	0.0	0.0	2.506411829142276	0.0	0.0	0.0	0.25816009011830005	0.0	0.0	1.311503591566287	0.0	0.25816009011830005	0.0	0.0	0.9599986069177077	0.6281877443780642	0.0	0.0	0.25816009011830005	0.0	0.25816009011830005	0.9195002110915786	0.4189664503362295	0.0	0.0	0.0	0.25816009011830005	0.0	0.0	0.0	0.0	1.9895785818212839	1.9859513245685718	0.4189664503362295	0.25816009011830005	0.0	0.25816009011830005	0.0	1.456491581860448	0.0	0.0	0.0	0.0	0.5360561559943081	0.0	0.0	3.317500106686718	1.3900201748863	0.0	0.0	0.0
ERR1624537	1.2190239957241271	1.27766071950743	1.1512160118917256	0.0	0.530664874494619	1.070826217757798	0.0	3.5974401660959083	0.0	3.2124710219994816	0.0	1.784195094696583	0.3417937819743099	0.0	0.0	0.530664874494619	0.0	0.3417937819743099	0.0	1.9962443282932127	0.0	3.8240258582032123	2.6243672873396555	0.0	0.0	0.0	0.0	0.0	0.3417937819743099	0.9128010311944673	0.0	1.6442947267746828	2.3280461506223142	0.0	2.8038049321680183	0.9720970532597258	0.0	0.3417937819743099	1.1128785278446587	3.203780565214912	0.3417937819743099	0.0	0.0	0.0	0.530664874494619	0.0	0.3417937819743099	0.3417937819743099	0.0	0.530664874494619	0.0	0.0	1.1128785278446587	0.0	0.0	0.0	0.0	0.8441093610851927	1.4552527454663968	0.0	2.1673516429134367	0.0	0.0	0.0	0.0	0.0	0.0	1.2190239957241271	0.0	1.0242611560145596	0.0	0.0	0.7624734445050295	0.0	0.0	0.530664874494619	0.0	0.530664874494619	0.7624734445050295	1.8964880361799445	0.0	0.0	0.0	0.0	1.4366390439827743	0.3417937819743099	0.530664874494619	0.3417937819743099	0.530664874494619	2.0985361461388123	1.9747496699734859	0.0	0.3417937819743099	0.0	0.530664874494619	0.0	1.8692657960934034	0.0	0.0	0.0	0.0	1.840222438039994	0.0	0.0	2.764516858454745	2.0773127829854694	0.0	0.0	0.0
ERR1624538	0.0	0.0	1.0282232375273066	0.0	0.8720180994725987	1.0698918523955585	0.0	3.7235607857432953	0.0	1.6102382851373014	0.0	1.7549554723866154	0.7241463877638059	0.0	0.0	0.625704894170532	0.31693542433018623	0.0	0.0	0.31693542433018623	0.0	3.828926995520027	2.4185151034047365	0.0	0.0	0.0	0.0	0.0	0.625704894170532	1.7382274396703992	0.0	1.683790836256436	1.0698918523955585	0.0	2.950813604154348	2.549671428051726	0.0	0.7241463877638059	0.9821282612908956	3.23208037564861	0.0	0.0	0.0	0.0	0.0	0.0	0.0	0.625704894170532	0.0	0.0	0.0	0.0	0.0	0.0	0.0	0.0	0.0	0.0	0.0	0.0	2.582614160373263	0.31693542433018623	0.0	0.0	0.31693542433018623	0.0	0.0	0.9821282612908956	0.0	0.8043456287632007	0.0	0.31693542433018623	0.0	0.0	0.0	0.0	0.4982016272028262	0.31693542433018623	0.8043456287632007	0.0	0.4982016272028262	0.0	0.0	0.0	0.8043456287632007	0.31693542433018623	0.0	0.0	0.625704894170532	1.284843068865834	1.9753887753520378	0.4982016272028262	0.0	0.0	0.7241463877638059	0.0	1.7466719917576545	0.31693542433018623	0.0	0.0	0.0	0.9821282612908956	0.0	0.0	2.8312304383617612	1.6102382851373014	0.0	0.0	0.0
ERR1624539	0.0	1.6794689004545313	1.4386170959996838	0.0	0.4821556670186029	1.2623874861173283	0.0	2.8911815782180788	0.0	3.0417502627989035	0.0	0.3048112655344247	0.4821556670186029	0.0	0.0	0.607719621481422	0.0	0.0	0.0	1.8067519425758274	0.0	4.044437438582765	3.122135152051068	1.2375394829647515	0.0	0.0	0.0	0.0	0.0	1.3689330508303623	0.3048112655344247	2.6297261077164364	1.8462707902060265	0.0	2.8593890026501745	0.3048112655344247	0.0	0.7050043336220599	0.0	2.4106209155903042	0.0	0.0	0.0	0.0	0.0	0.0	0.0	0.607719621481422	0.0	0.3048112655344247	0.0	0.0	0.0	0.3048112655344247	0.0	0.0	0.0	1.1831232084133947	0.0	0.0	2.2603412264135394	0.0	0.3048112655344247	0.0	0.7050043336220599	0.3048112655344247	0.0	1.2375394829647515	0.3048112655344247	0.0	0.0	0.0	0.0	0.0	0.0	0.0	0.3048112655344247	0.4821556670186029	0.3048112655344247	0.4821556670186029	1.1531243951802403	0.0	0.0	0.3048112655344247	0.607719621481422	0.3048112655344247	0.0	0.3048112655344247	0.0	1.6701254201022588	2.4562096546016816	0.7050043336220599	0.0	0.0	0.9096857595201665	0.0	2.365432005884125	0.4821556670186029	0.0	0.0	0.0	1.3689330508303623	0.0	0.0	1.3081864865539377	0.7050043336220599	0.0	0.0	0.0
ERR1624540	0.0	0.0	3.333784454643411	0.0	0.0	0.6335881158357465	0.0	2.472765586980376	0.0	2.9107267713826213	0.3223009711789812	1.1848371564729878	0.3223009711789812	0.0	0.0	0.0	0.0	0.0	0.0	1.5454585896654023	0.0	3.8498209478738246	3.24428444424652	0.0	0.0	0.0	0.3223009711789812	0.0	0.0	1.2431850552295467	0.0	2.9228811861805846	0.6335881158357465	0.0	3.121058614039743	2.2259809791003327	0.0	0.0	1.4379007879283319	3.2349261188025236	0.0	0.3223009711789812	0.7325208054344068	0.0	0.0	0.0	0.0	0.5052571755042391	0.0	0.3223009711789812	0.0	0.0	0.0	0.0	0.0	0.0	0.0	0.0	0.939657248698097	0.0	2.258792337802881	0.0	0.0	0.0	0.0	0.0	0.0	1.382166488640988	0.0	1.584483079237272	0.0	0.0	0.3223009711789812	0.0	0.0	0.0	0.0	0.0	0.3223009711789812	1.71280259499314	0.0	0.0	0.0	0.0	0.0	0.3223009711789812	0.3223009711789812	0.0	0.3223009711789812	1.382166488640988	1.71280259499314	1.2431850552295467	0.0	0.0	0.0	0.0	1.898330427173279	0.0	0.0	0.0	0.3223009711789812	1.471442359024585	0.0	0.0	1.892248518573306	0.0	0.0	0.3223009711789812	0.3223009711789812
ERR1624541	0.2967359766384611	2.4401064222240136	2.814203834931104	0.0	0.0	0.8955473600544082	0.0	2.898253417810829	0.0	3.1625161102842108	0.0	1.43883833143511	0.0	0.0	0.0	0.0	0.0	0.0	0.0	2.362474036555267	0.0	3.9109188892764557	3.125233611366264	0.0	0.0	0.0	0.2967359766384611	0.0	0.6920790459075206	1.1680411019283816	0.0	2.0559022126316364	1.6148258756297653	0.2967359766384611	2.319789608754844	0.0	0.0	0.2967359766384611	1.4230555865965615	2.0483503929098816	0.0	0.0	0.0	0.0	0.0	0.0	0.0	0.47138640914530133	0.0	0.0	0.0	0.0	0.0	0.0	0.0	0.0	0.0	0.0	0.47138640914530133	0.0	3.158692345986677	0.2967359766384611	0.0	0.0	0.0	0.2967359766384611	0.0	1.071276158078089	0.0	3.0260055868973206	0.0	0.0	0.7709707822213301	0.0	0.2967359766384611	0.0	0.0	0.2967359766384611	0.0	1.071276158078089	0.0	0.0	0.0	0.0	0.0	0.0	0.0	0.0	0.47138640914530133	1.8548113393026	0.2967359766384611	0.0	0.0	0.0	0.2967359766384611	0.0	1.5598063427849327	0.2967359766384611	0.0	0.0	0.0	0.47138640914530133	0.0	0.0	2.876741651647782	0.0	0.0	0.0	0.0
ERR1624542	0.19865973976512205	1.1386251352999361	0.5910699806518526	0.0	0.521143133618901	0.7512850492670544	0.19865973976512205	2.9813727281193967	0.0	2.6301502079949484	0.19865973976512205	0.521143133618901	1.4511791283810183	0.0	0.0	0.7512850492670544	0.0	0.0	0.0	1.9328866000648028	0.19865973976512205	3.733071211340315	2.797551729427714	0.0	0.0	0.0	0.19865973976512205	0.0	0.19865973976512205	0.8680626092023305	0.0	2.068193026565191	2.4664892703942956	0.0	3.060478413094661	1.011999638273617	0.0	0.3344576321092444	0.43775515197903164	3.8344597211979483	0.0	0.0	0.0	0.0	0.0	0.0	0.0	0.9600012725298644	0.0	0.43775515197903164	0.0	0.0	0.0	0.0	0.0	0.0	0.0	0.0	0.0	0.0	2.742402375580162	0.0	0.0	0.0	0.19865973976512205	0.0	0.0	1.5094783550937398	0.0	0.3344576321092444	0.0	0.0	0.43775515197903164	0.19865973976512205	0.19865973976512205	0.521143133618901	0.0	0.5910699806518526	0.19865973976512205	1.3400542139655707	0.3344576321092444	0.0	0.19865973976512205	0.0	0.19865973976512205	0.0	0.19865973976512205	0.0	1.0584326193515756	0.8325150765650045	2.245914487189369	0.0	0.3344576321092444	0.0	0.0	0.0	1.5247924600593656	0.19865973976512205	0.0	0.0	0.3344576321092444	0.3344576321092444	0.0	0.0	0.3344576321092444	0.793796449452871	0.0	0.0	0.0
ERR1624543	0.24510768390028248	0.6056754060399349	0.6804984781436954	0.24510768390028248	0.7999272662008853	1.14276828561657	0.0	3.464016183370178	0.0	2.1986032815097096	0.24510768390028248	1.6674676425488184	0.6804984781436954	0.0	0.0	0.0	0.0	0.0	0.0	0.7443052907084512	0.24510768390028248	3.941791792130973	2.7433875415676385	0.6056754060399349	0.0	0.0	0.0	0.0	0.0	2.0014961732381993	0.0	1.7846914818664739	1.952928312194233	0.0	2.9053115532366713	2.3275271296305853	0.0	0.24510768390028248	1.389328178425657	2.7710325879150832	0.0	0.0	1.1183888365431145	0.0	0.0	0.0	0.0	0.6056754060399349	0.0	0.4008347442416375	0.0	0.0	0.24510768390028248	0.24510768390028248	0.0	0.0	0.24510768390028248	1.4278790783753572	0.9704377720274877	0.0	2.8385912504622963	0.4008347442416375	0.0	0.0	0.24510768390028248	0.0	0.0	1.3001385320260228	0.0	1.0043348999222903	0.5152217329154077	0.0	1.3001385320260228	0.0	0.0	0.24510768390028248	0.0	0.6056754060399349	0.4008347442416375	0.7443052907084512	0.6056754060399349	0.0	0.24510768390028248	0.0	0.24510768390028248	0.0	0.5152217329154077	0.0	1.6148240124673723	2.652430555557023	2.3117511457191773	2.630629277601628	0.4008347442416375	0.0	0.24510768390028248	0.0	2.718295178584744	0.0	0.0	0.24510768390028248	0.0	1.2086345677921593	0.0	0.0	1.0043348999222903	1.4025623692627989	0.0	0.0	0.0
ERR1624544	0.0	0.0	1.0371629808588296	0.23214970367142984	0.49415623080125687	1.2368752821729987	0.3826187221856914	3.3634213250212	0.0	2.584348706350479	0.3826187221856914	1.5603075857706081	0.8668798958971855	0.0	0.0	0.0	0.23214970367142984	0.0	0.0	1.819634035297596	0.0	3.8047323160590523	2.1865066916626983	0.3826187221856914	0.0	0.3826187221856914	0.0	0.0	0.0	2.1489750262635625	0.49415623080125687	1.7957433911634813	2.1702249805740514	0.0	2.9575841551557915	0.49415623080125687	0.23214970367142984	0.0	1.1373563446472077	3.6265289108571652	0.0	0.0	0.0	0.0	0.0	0.0	0.0	0.943166764506222	0.0	0.7193332361289722	0.3826187221856914	0.0	0.0	0.0	0.0	0.0	0.0	0.0	1.159168239255413	0.0	1.846669309741195	0.0	0.0	0.0	0.5828224127017144	0.23214970367142984	0.0	1.2187127813763956	0.0	0.7193332361289722	0.0	0.0	0.8668798958971855	0.23214970367142984	0.0	0.23214970367142984	0.3826187221856914	0.7193332361289722	0.0	0.9768104920888403	0.7193332361289722	0.0	0.0	0.0	0.0	0.0	0.0	0.0	0.5828224127017144	2.2632122442806963	1.922624051584891	2.8954838851586695	0.3826187221856914	0.49415623080125687	0.3826187221856914	0.23214970367142984	2.2192025736353793	0.23214970367142984	0.0	1.159168239255413	0.0	1.5686733218244158	0.0	0.0	2.708003822007169	1.5251335621575026	0.0	0.0	0.0
ERR1624545	0.0	0.0	0.520141067928912	0.0	0.0	1.752027596138897	0.0	1.6848806505800442	0.0	1.137294861888843	0.0	1.0571235198143343	0.0	0.0	0.0	0.0	0.33368772973998356	0.0	0.0	0.7501050732227844	0.0	2.0214267054381656	0.8996651852790429	0.0	0.0	0.0	0.0	0.0	0.0	0.520141067928912	0.0	0.8312916585053621	4.165665369925458	0.0	0.9587241176051579	0.0	0.0	0.0	0.0	3.2791607534681346	0.0	0.0	0.0	0.0	0.0	0.0	0.0	0.0	0.0	0.0	0.0	0.0	0.0	0.0	0.0	0.0	0.0	0.0	0.0	0.0	0.8312916585053621	0.0	0.0	0.0	0.0	0.0	0.0	0.0	0.0	0.0	0.0	0.0	0.0	0.0	0.0	0.0	0.0	0.0	0.0	0.0	0.0	0.0	0.0	0.0	0.0	0.0	0.0	0.0	0.520141067928912	0.0	0.33368772973998356	0.33368772973998356	0.0	0.0	0.0	0.0	0.6501695820260346	0.0	0.0	0.0	0.0	0.0	0.0	0.0	0.9587241176051579	0.0	0.0	0.0	0.0
ERR1624546	0.43774564598036214	0.5575016040584696	1.198374877727604	0.0	1.340039928897219	1.2848743738208752	0.0	3.4978779623823346	0.43774564598036214	2.9071294196632627	0.0	1.1476691326875654	0.7937838868614655	0.0	0.0	0.0	0.0	0.2718380043650338	0.0	0.7937838868614655	0.9009062978027882	4.002775400502382	0.5575016040584696	0.0	0.0	0.0	0.0	0.0	0.0	1.7729738382999918	0.0	2.607104017819519	2.79024927780114	0.43774564598036214	2.9620015135260034	0.0	0.0	0.5575016040584696	1.4854299916359242	2.284197365309194	0.0	0.0	0.0	0.0	0.0	0.2718380043650338	0.0	1.7600377198691828	0.0	0.0	0.0	0.0	0.0	0.0	0.0	0.0	0.7937838868614655	0.2718380043650338	0.0	0.0	1.6221028025600288	0.0	0.0	0.0	0.2718380043650338	0.0	0.0	1.2848743738208752	0.0	0.2718380043650338	0.0	0.0	0.0	0.0	0.0	0.0	0.43774564598036214	0.5575016040584696	0.2718380043650338	0.2718380043650338	0.2718380043650338	0.0	0.0	0.0	0.43774564598036214	0.2718380043650338	0.0	0.0	0.2718380043650338	0.5575016040584696	0.2718380043650338	0.0	0.2718380043650338	0.0	0.6512719996415843	0.0	2.262039758975279	0.0	0.0	0.0	0.0	1.2848743738208752	0.0	0.0	2.10727014070485	1.4728951697776105	0.0	0.0	0.2718380043650338
ERR1624547	0.0	2.34971030179162	1.7062695215485326	0.0	0.3139905126734775	0.7195251507324694	0.0	2.7767805537615464	0.0	2.8870457238046456	0.0	0.3139905126734775	0.9770226458045193	0.0	0.0	0.0	0.0	0.0	0.0	2.287860941121495	0.0	3.887136171616439	2.549217622029099	0.3139905126734775	0.0	0.0	0.0	0.0	0.0	0.7195251507324694	0.0	2.392794872035119	1.1698978026302833	0.0	3.274974431366131	0.0	0.0	0.0	1.1026543605350223	3.634493033727237	0.0	0.0	0.0	0.0	0.0	0.0	0.0	0.6213585532347384	0.0	0.3139905126734775	0.3139905126734775	0.0	0.0	0.0	0.0	0.0	0.0	0.0	1.3668389870165643	0.0	2.2972543586400844	0.0	0.0	0.0	0.0	0.0	0.0	1.1375762279156272	0.0	0.0	0.0	0.0	0.3139905126734775	0.0	0.0	0.3139905126734775	0.0	0.0	0.3139905126734775	0.9255232192003209	0.494317395681067	0.0	0.0	0.0	0.0	0.0	0.0	0.0	0.3139905126734775	1.7240189865296593	1.9597553216237822	0.494317395681067	0.0	0.0	0.0	0.0	1.3668389870165643	0.3139905126734775	0.0	0.0	0.0	0.0	0.0	0.0	1.4559893906227095	0.0	0.0	0.0	0.3139905126734775
ERR1624548	0.0	1.1458463067068694	0.953972823906548	0.0	0.902824516583773	1.5048560550266883	0.0	3.428479216577164	0.0	2.0678850478727684	0.47691900627179906	1.2784661670781885	0.9997269423380822	0.0	0.0	0.30087831815870103	0.0	0.47691900627179906	0.0	2.164051526640059	0.698727294893813	3.927374891986432	1.9681828041306972	0.47691900627179906	0.0	0.0	0.0	0.0	0.698727294893813	1.1458463067068694	0.0	2.1670159914619394	3.0438444870532093	0.0	3.247424596480974	0.30087831815870103	0.0	0.0	0.30087831815870103	3.16106480355244	0.0	0.0	0.7778984251038336	0.47691900627179906	0.0	0.0	0.0	1.3421330686920019	0.0	0.0	0.0	0.30087831815870103	0.0	0.30087831815870103	0.0	0.0	0.0	0.0	0.30087831815870103	0.0	2.5523656582881715	0.0	0.0	0.0	0.47691900627179906	0.0	0.0	0.953972823906548	0.0	0.47691900627179906	0.0	0.698727294893813	0.30087831815870103	0.30087831815870103	0.0	0.47691900627179906	0.47691900627179906	0.0	0.0	0.698727294893813	0.7778984251038336	0.0	0.0	0.0	0.0	0.0	0.0	0.0	1.361437624075967	1.4768279637330315	1.7239781882399945	0.47691900627179906	0.0	0.0	0.47691900627179906	0.0	2.1364193745790017	0.47691900627179906	0.0	0.0	0.0	1.880514177865346	0.0	0.0	0.0	1.203835543864846	0.0	0.0	0.0
ERR1624549	1.4549718162785332	0.0	2.7564957271093284	0.0	0.0	1.4931536419382327	1.6326340022514356	3.3631925559362332	0.0	2.374355484824451	0.36359705153386185	0.9474103687208354	0.0	0.0	0.0	0.0	0.0	0.36359705153386185	0.0	0.36359705153386185	0.0	3.9975304264597242	2.5546203652142427	0.36359705153386185	1.5909275859685759	0.0	0.0	0.0	0.5586895182285471	0.7951624840461533	0.0	2.7392136937424203	2.9489633909192707	0.0	1.967053693730085	0.36359705153386185	0.0	0.0	0.0	2.7624347080478198	0.0	0.0	0.7951624840461533	0.0	0.0	0.0	0.0	0.692825934643512	0.0	0.36359705153386185	0.0	0.0	0.0	0.0	0.0	0.0	0.0	1.6706838327302687	0.0	0.0	2.7392136937424203	0.0	0.0	0.0	1.00729721703276	0.0	0.0	1.106846278340638	0.0	0.7951624840461533	0.0	0.692825934643512	0.7951624840461533	0.0	0.36359705153386185	0.0	0.36359705153386185	0.9474103687208354	0.0	0.36359705153386185	0.36359705153386185	0.0	0.0	0.0	0.36359705153386185	0.7951624840461533	0.0	0.0	2.0298039406907757	1.255970862400306	1.5760852683749418	0.36359705153386185	0.5586895182285471	0.0	0.0	0.0	2.487875371230759	0.0	0.0	0.0	0.0	1.255970862400306	0.36359705153386185	0.0	0.0	0.0	0.5586895182285471	0.0	0.0
ERR1624550	1.0544450278898725	2.5554587478273416	0.26981663889541263	0.0	0.0	0.43498419779759673	0.0	3.4431674492955824	0.0	2.4196840904012475	0.43498419779759673	1.3691013137418848	0.6478917437411814	0.0	0.0	0.0	0.0	0.0	0.0	0.0	0.0	3.644947257500429	2.1556841988783657	0.6478917437411814	0.0	0.0	0.26981663889541263	0.0	0.0	1.9570098606550737	0.0	2.0039382088010216	3.879596278264104	0.0	2.581716579576063	0.9420929226744109	0.0	2.373160742013412	1.5801942472839217	1.7356042445123074	0.0	0.0	0.0	0.0	0.0	0.0	0.0	0.7248086272693269	0.0	0.0	0.0	0.0	0.7248086272693269	0.0	0.0	0.0	0.26981663889541263	0.0	1.0201255198584358	0.0	2.200352757451679	0.26981663889541263	0.0	0.0	0.0	0.0	0.0	0.9420929226744109	0.0	0.0	0.0	0.0	0.0	0.0	0.0	0.0	0.43498419779759673	0.0	0.8970995136997802	1.3358834993231585	0.0	0.0	0.0	0.0	1.0862499820128677	0.0	0.26981663889541263	0.0	0.0	0.0	1.9226471410017678	0.0	0.43498419779759673	0.0	0.0	0.0	1.1696984675442625	0.0	0.0	0.0	0.0	0.9828594487326644	0.0	0.0	1.260691900143662	0.26981663889541263	0.0	0.0	0.0
ERR1624551	0.0	0.0	1.1056041831382846	0.0	0.27968027690538383	1.0736707565845431	0.0	3.478263165171224	0.0	3.4579547571042357	0.0	1.2595248502380323	1.2373690846740912	0.0	0.0	0.0	0.0	0.0	0.0	1.8652501544241078	0.27968027690538383	3.8953215316353247	2.9618514518099626	0.27968027690538383	0.0	0.0	0.0	0.0	0.0	1.3892639189688212	0.0	2.1523896234661293	0.5696284838854371	0.0	2.7556102115595844	0.0	0.0	0.27968027690538383	1.4890288676772516	2.194508941745962	0.0	0.0	0.6642877979867949	0.0	0.0	0.0	0.0	0.27968027690538383	0.0	0.0	0.0	0.0	0.0	0.0	0.0	0.0	0.0	0.0	0.27968027690538383	0.0	2.8768968380521165	0.0	0.0	0.0	0.27968027690538383	0.0	0.0	1.0736707565845431	0.0	1.6104320130502878	0.0	0.0	0.0	0.0	0.0	0.0	0.0	0.0	0.5696284838854371	1.214021981925133	0.0	0.27968027690538383	0.0	0.0	0.6642877979867949	0.0	0.0	0.0	0.0	0.0	2.046476166402816	0.4484151843842789	0.27968027690538383	0.0	0.4484151843842789	0.0	2.2236172967061005	0.27968027690538383	0.0	0.0	0.0	0.4484151843842789	0.0	0.0	0.7419620718208906	0.7419620718208906	0.0	0.0	0.27968027690538383
ERR1624552	0.0	0.7024437771814104	2.921838182161633	0.0	0.0	1.8104504184316932	0.0	2.6680294542489533	0.0	2.4039944165939278	0.0	1.1801413022441791	0.7024437771814104	0.0	0.0	0.0	0.0	0.0	0.0	0.0	0.3032043576304941	3.7244963731189493	2.7548386200430137	0.7817691625175153	0.0	0.0	0.3032043576304941	0.0	0.0	0.9581005474631175	0.0	2.2191554202163033	3.398787832245419	0.0	3.1442138505027195	0.0	0.0	0.0	1.2828642597196567	3.6742114712797047	0.0	0.0	0.0	0.0	0.0	0.0	0.0	1.0453380087802142	0.0	0.48001799154610486	0.0	0.0	0.0	0.0	0.0	0.0	0.0	0.0	0.9581005474631175	0.0	2.567807183932076	0.0	0.0	0.0	0.0	0.3032043576304941	0.0	1.548282595858076	0.0	0.0	0.0	0.0	0.3032043576304941	0.0	0.0	0.48001799154610486	0.0	0.0	0.0	0.48001799154610486	0.3032043576304941	0.0	0.0	0.0	0.3032043576304941	0.3032043576304941	0.3032043576304941	0.0	0.0	0.9068880059891161	1.595291810439688	0.3032043576304941	0.0	0.0	0.3032043576304941	0.0	1.0039060472737176	0.0	0.0	0.0	0.0	0.0	0.0	0.0	1.1801413022441791	0.0	0.0	0.0	0.0
ERR1624553	0.0	0.0	1.002827390595453	0.302603040156807	0.302603040156807	1.400955239102634	0.0	3.674312587399288	0.0	2.9045948071664194	0.0	1.7434462051813222	1.417993393739309	0.0	0.0	0.8477912095402702	0.0	0.0	0.0	1.980831078170722	0.302603040156807	3.9216421740045306	1.9524952588311573	0.0	0.0	0.302603040156807	0.0	0.0	0.6044174265854634	2.3494792911117797	0.302603040156807	2.1302218582239787	0.4792173837694382	0.0	2.170436459801509	0.302603040156807	0.0	1.0820608225250556	1.582841656336295	1.8543546867311242	0.0	0.0	1.1490448839467717	0.0	0.0	0.0	0.0	0.4792173837694382	0.0	0.4792173837694382	0.0	0.0	0.0	0.0	0.0	0.0	0.0	1.2334052304100276	0.6044174265854634	0.0	2.8850912767765298	0.0	0.0	0.0	0.7014841478845607	0.6044174265854634	0.0	1.2817292929059863	0.0	0.9058390870048284	0.0	0.0	0.0	0.302603040156807	0.0	0.302603040156807	0.6044174265854634	0.6044174265854634	0.302603040156807	1.5941247785345916	1.2334052304100276	0.0	0.0	0.0	0.302603040156807	0.0	0.0	0.0	1.9061912835359704	0.4792173837694382	2.078661077632189	2.714097443105753	0.0	0.0	0.8477912095402702	0.0	2.4860037023112684	1.2582390441180455	0.0	0.0	0.0	1.7020478299951203	0.0	0.0	0.6044174265854634	1.3454208382609456	0.0	0.0	0.0
ERR1624554	0.0	1.899943862778043	1.086474525166462	2.001857402226144	0.903199305855951	1.6740642857069423	0.0	3.3319973739113484	0.0	1.6192152614352966	0.0	0.9732394980980432	0.7161042543322977	0.0	0.0	0.0	0.0	0.0	0.0	0.7161042543322977	0.38028412401167055	3.9892186133996046	3.0194073098694765	0.0	0.0	0.0	0.38028412401167055	0.0	0.0	0.8196499421172901	0.0	2.482140098329745	2.0585498661342982	0.38028412401167055	3.093055908419775	0.0	0.0	2.2914931454216574	0.0	3.019988528235396	0.0	0.0	0.0	0.0	0.0	0.0	0.0	1.8157007718936489	0.0	0.38028412401167055	0.0	0.0	0.0	0.8196499421172901	0.38028412401167055	0.0	1.3139860900597777	0.0	0.0	0.0	1.6335904841537217	0.0	0.0	0.0	0.0	0.38028412401167055	0.0	2.220755201447696	0.0	0.7161042543322977	0.0	0.0	0.0	0.38028412401167055	0.0	0.0	0.7161042543322977	0.38028412401167055	0.0	0.38028412401167055	0.5798756564368536	0.0	0.0	0.0	0.0	0.0	0.38028412401167055	0.0	0.0	0.0	0.38028412401167055	0.0	0.0	0.0	0.0	0.0	1.734121915414355	1.394571577474938	0.0	0.0	0.0	0.8196499421172901	0.0	0.0	2.3935241239776968	1.4829944081210369	0.0	0.0	0.0
ERR1624555	0.35248375128679965	2.5284924213910442	1.509054990148745	0.0	0.6771216153398294	0.7786030218305676	0.0	3.087257289635813	0.0	3.395168615289659	0.0	1.088633932861966	0.35248375128679965	0.0	0.0	0.0	0.0	0.0	0.0	0.35248375128679965	0.0	3.9183624859050603	3.316459698896821	0.35248375128679965	0.0	0.0	0.0	0.0	0.5444553057844965	1.2046281925045503	0.0	2.2107234359617634	1.7288857254555396	0.0	2.3399910313497663	0.35248375128679965	0.0	0.0	0.860805347964763	2.759074547000293	0.0	0.0	0.0	0.0	0.0	0.0	0.0	0.5444553057844965	0.0	0.0	0.0	0.0	0.0	0.0	0.0	0.0	0.9298972573227073	0.0	0.0	0.0	3.013800209210167	0.0	0.0	0.0	0.6771216153398294	0.0	0.0	0.7786030218305676	0.0	0.0	0.0	0.0	0.6771216153398294	0.35248375128679965	0.0	0.0	0.35248375128679965	0.0	0.0	0.9298972573227073	0.0	0.0	0.0	0.0	0.5444553057844965	0.5444553057844965	0.0	0.0	0.0	1.5859887277093587	0.35248375128679965	1.0418855034428425	0.0	0.0	0.0	0.0	1.4740108295996583	0.5444553057844965	0.0	0.0	0.0	0.5444553057844965	0.0	0.0	2.2641751857338326	0.9298972573227073	0.35248375128679965	0.0	0.0
ERR1624556	0.6333484522885288	0.0	1.6959846498161375	0.0	1.2428906114151408	1.2428906114151408	0.0	2.928802650606684	0.0	1.8904063684947288	0.261192185935917	1.2628961436890274	0.5408434400724145	0.0	0.0	0.7743868766168404	0.0	0.0	0.0	2.1768758784739815	0.8307760097194419	3.8565755577813223	2.577364561331221	0.261192185935917	0.0	0.261192185935917	0.0	0.0	0.0	1.7808831535886662	0.261192185935917	1.9585286553789985	2.942099954590975	0.42314851531426695	2.6768802929562296	0.9660022663298934	0.0	0.0	1.3179144797825577	3.6997160554366157	0.0	0.0	0.7095680117693636	0.0	1.351066937520727	0.0	0.0	0.7743868766168404	0.0	0.8307760097194419	0.0	0.0	0.0	0.0	0.0	0.261192185935917	0.0	1.703138100717132	0.261192185935917	0.0	2.726672967408793	0.0	0.0	0.0	0.6333484522885288	0.0	0.0	2.1421559885532857	0.0	0.6333484522885288	0.0	0.0	0.7095680117693636	0.261192185935917	0.0	0.0	0.8307760097194419	0.7743868766168404	0.0	1.6661309207011856	0.42314851531426695	0.0	0.0	0.0	0.42314851531426695	0.261192185935917	0.261192185935917	0.0	0.9660022663298934	1.462995146132214	2.215614285587984	0.5408434400724145	0.0	0.0	0.7743868766168404	0.0	2.348003102434141	1.9505752363087199	0.0	0.0	0.261192185935917	1.3348069740958726	0.0	0.0	1.4869870955232216	2.139566464104654	0.261192185935917	0.0	0.261192185935917
ERR1624557	0.0	0.0	1.0329383236425973	0.5645994163192644	1.2075484352367416	1.0673590747166313	0.0	3.518101121842795	0.0	2.11698142397213	0.0	2.0289275742085056	0.8020120967227523	0.0	0.0	0.4439861398837876	0.0	0.0	0.0	1.9791844962543426	0.0	3.892452653770277	2.607427972227698	2.696806398679985	0.0	0.0	0.27641866637903717	0.27641866637903717	0.859059357247306	1.3133582100575385	0.0	1.7630383452377747	1.0329383236425973	0.0	2.9843772860297393	2.479656705996326	0.0	0.9094757002539747	1.2075484352367416	2.2738356553723302	0.0	0.0	0.0	0.0	0.0	0.0	0.0	0.5645994163192644	0.0	0.0	0.0	0.0	0.0	0.0	0.27641866637903717	0.0	0.0	0.0	0.27641866637903717	0.0	2.5706033168174365	0.0	0.0	0.0	0.0	0.0	0.0	1.8637676030942418	0.0	0.6588933224055167	0.0	0.0	0.0	0.0	0.0	0.27641866637903717	0.6588933224055167	0.7363217009893546	0.4439861398837876	1.2941587569998987	0.9094757002539747	0.0	0.0	0.0	0.4439861398837876	0.4439861398837876	0.0	0.0	0.5645994163192644	1.9454764796654878	1.8530601089484393	0.0	0.0	0.0	0.859059357247306	0.0	1.9498358595182295	0.7363217009893546	0.0	1.9832198255694524	0.0	1.3493842844417399	0.0	0.0	3.2935184552593824	1.7136526372250764	0.0	0.0	0.0
ERR1624558	0.3005949940103793	2.0710189517920847	1.8252173677137051	0.0	0.698273792395729	1.6012113341359044	0.0	2.9441064579606286	0.3005949940103793	2.16939716314646	0.3005949940103793	0.8443520559160986	0.3005949940103793	0.0	0.0	0.0	0.0	0.7774260053778107	0.0	0.0	0.0	3.705762182634029	3.0713801959338616	0.698273792395729	0.3005949940103793	0.0	0.0	0.0	0.0	1.7625725764754432	0.0	2.221851249101277	2.9166361236792153	0.3005949940103793	2.775105351157484	0.0	0.0	0.7774260053778107	0.953468871677409	3.7915213905784038	0.0	0.0	0.0	0.0	0.0	0.0	0.0	1.4762798580388388	0.0	0.0	0.0	0.0	0.0	0.3005949940103793	0.0	0.0	0.0	0.0	0.3005949940103793	0.0	2.8404902864922383	0.3005949940103793	0.0	0.0	0.698273792395729	0.0	0.0	2.449381758614335	0.0	0.0	0.0	0.0	0.6014073253471383	0.0	0.0	0.3005949940103793	0.0	0.698273792395729	0.9023284479245888	0.47654115563651195	0.0	0.0	0.0	0.0	0.0	0.3005949940103793	0.0	0.0	0.6014073253471383	1.8799546173113308	1.9076253362337179	0.6014073253471383	0.0	0.0	0.47654115563651195	0.0	1.3793771054206376	1.3793771054206376	0.0	0.3005949940103793	0.0	2.197792162100343	0.0	0.0	1.2544504691923772	1.7067168208633396	0.0	0.0	0.0
ERR1624559	0.0	0.0	1.9338234887166894	0.2981583354312632	0.47328813927173025	1.875127477300746	0.0	3.524182678787677	0.0	1.036157278763857	0.2981583354312632	1.273296365708473	0.7733545464962722	0.0	0.0	0.0	0.0	0.0	0.0	0.0	0.2981583354312632	3.7360990100918947	2.3060197218474467	0.7733545464962722	0.0	0.0	0.0	0.0	0.0	1.9533426980348148	0.0	2.11155313953659	3.5402880811994013	0.0	3.0348451881348617	2.3726597365041133	0.0	0.0	1.1086269061994212	3.1647965403012894	0.0	0.0	1.1707153742129683	0.0	0.0	0.0	0.0	1.4416027195523688	0.0	0.5977453489048097	0.2981583354312632	0.0	0.0	0.0	0.0	0.2981583354312632	0.0	0.0	1.356217537952645	0.0	2.508803056813592	0.0	0.0	0.0	0.2981583354312632	0.0	0.0	1.8138693830370878	0.0	1.036157278763857	0.0	0.2981583354312632	0.6943661892489498	0.2981583354312632	0.0	0.0	0.0	0.5977453489048097	0.0	0.5977453489048097	0.6943661892489498	0.0	0.0	0.0	0.2981583354312632	0.2981583354312632	0.0	0.0	0.9491241337177019	1.9810690975244654	1.6933235704864578	2.22215859268126	0.0	0.0	0.2981583354312632	0.0	2.4536501940390245	1.1707153742129683	0.0	0.0	0.0	0.2981583354312632	0.0	0.0	1.8138693830370878	0.0	0.0	0.0	0.0
ERR1624560	0.0	2.765794318779767	2.2365941089557198	0.0	0.0	1.3869589620550327	0.8172789045757283	3.0031470792790462	0.3249269470173147	2.743687975822329	0.0	2.009855059639663	0.5087003216443023	0.0	0.0	0.0	0.0	1.122034555771499	0.0	0.0	0.0	3.539572680268449	3.1416811723447373	0.0	0.0	0.0	0.0	0.0	0.6374297521788833	1.6135543960426972	0.0	2.3158228454936243	3.416300725121451	0.0	2.2281003745124357	0.3249269470173147	0.0	0.995857481821889	1.459819619739448	3.6305275712302687	0.8172789045757283	0.0	0.0	0.0	0.0	0.0	0.0	1.2993606312388697	0.0	0.3249269470173147	0.0	0.0	0.0	0.0	0.0	0.0	0.0	0.0	0.0	0.0	2.2792851831448067	0.0	0.0	0.0	0.0	0.0	0.3249269470173147	1.744633589571368	0.0	0.0	0.0	0.0	0.73659840091719	0.0	0.0	0.0	0.0	0.3249269470173147	0.3249269470173147	0.5087003216443023	0.0	0.0	0.0	0.0	0.9440844640693515	0.6374297521788833	0.0	0.0	1.0839086165434755	1.9324643807032227	0.3249269470173147	0.0	0.0	0.0	0.0	0.0	1.157081931442982	0.0	0.0	0.0	0.0	2.4596765832947893	0.0	0.0	3.154400869407088	1.8784065910933774	0.0	0.0	0.0
ERR1624561	0.35909388205830933	2.260879816974116	1.0001150973473905	0.0	1.180327265296837	0.7884774838549826	0.0	3.0832206864843767	0.35909388205830933	2.5171347745212205	0.0	0.6864824350940972	1.0995023449776333	0.0	0.0	0.5529340489758249	0.0	0.0	0.0	1.7793098138498022	0.0	3.4754669049304283	2.535421631316508	0.0	0.0	0.5529340489758249	0.0	0.0	0.0	1.1417923508249104	0.0	2.0375532089223465	2.598918068743156	0.0	2.660450892097276	0.0	0.0	0.940345005748047	1.0995023449776333	4.006392153715903	0.0	0.0	0.0	0.0	0.0	0.0	0.0	1.2484443109482393	0.0	0.0	0.0	0.0	0.35909388205830933	0.0	0.0	0.35909388205830933	0.0	0.0	0.0	0.0	1.9206968635407982	0.0	0.0	0.0	0.0	0.0	0.0	1.946719047090355	0.0	0.0	0.0	0.0	0.6864824350940972	0.5529340489758249	0.0	0.35909388205830933	0.0	0.6864824350940972	0.0	0.8710159747108729	0.6864824350940972	0.0	0.0	0.0	0.0	0.0	0.35909388205830933	0.0	1.611392747593724	0.6864824350940972	2.1766317084481708	0.0	0.35909388205830933	0.0	0.0	0.0	1.708910370523083	0.0	0.0	0.0	0.0	0.8710159747108729	0.0	0.0	0.940345005748047	1.7603326691958245	0.0	0.0	0.0
ERR1624562	0.0	0.0	2.6942756684359512	0.0	0.29151020082721874	1.6713447006089508	0.0	2.7731704895652696	0.0	2.3463198798919196	0.0	1.7519325954525786	0.29151020082721874	0.0	0.0	0.6836365307743878	0.0	0.0	0.0	0.29151020082721874	0.0	3.584329321958895	2.9147631301494377	0.7621669821969294	1.4998571280201478	0.29151020082721874	0.0	0.0	0.29151020082721874	1.3617777710543764	0.0	1.7872345096469189	3.2042547572183735	0.29151020082721874	3.1749963850309997	2.4279753825738397	0.0	0.29151020082721874	1.128278962513312	3.809474296959034	0.0	0.0	0.5877008848076567	0.0	0.0	0.0	0.0	1.260535526135839	0.0	0.0	0.0	0.0	0.29151020082721874	0.0	0.0	0.0	0.0	0.0	0.7621669821969294	0.0	2.5110048148444206	0.0	0.0	0.0	0.0	0.0	0.0	1.7592262773870597	0.0	0.8286483207238283	0.0	0.0	0.5877008848076567	0.0	0.0	0.0	0.0	0.5877008848076567	0.0	0.8286483207238283	0.29151020082721874	0.0	0.0	0.0	0.46438125105758815	0.0	0.0	0.0	0.29151020082721874	1.6887030557852096	2.0491011357679767	1.1581487351205961	0.0	0.0	0.0	0.0	2.2238975755074346	0.29151020082721874	0.0	0.0	0.29151020082721874	0.0	0.0	0.0	1.614673079828232	0.46438125105758815	0.0	0.0	0.0
ERR1624563	0.0	0.0	1.4831954457907555	0.0	0.0	0.0	0.0	2.858448276651167	0.0	1.7680394233881498	0.0	0.6700432539477437	0.0	0.0	0.0	0.0	0.0	0.0	0.0	0.6700432539477437	0.0	2.9887353321868044	1.8724846129278134	0.5380554615850565	0.3475132769637058	0.0	0.0	0.0	0.3475132769637058	1.0803902242997239	0.5380554615850565	1.4467027151220995	3.4454151115553313	0.3475132769637058	2.032041067901889	0.0	0.0	0.3475132769637058	0.0	4.0655435769238695	0.0	0.0	0.0	0.0	0.0	0.0	0.0	0.6700432539477437	0.0	0.0	0.0	0.0	0.0	0.0	0.0	0.0	0.0	0.0	0.5380554615850565	0.0	1.893396440018389	0.0	0.0	0.0	0.3475132769637058	0.0	0.0	0.981436842473144	0.0	0.0	0.0	0.0	0.5380554615850565	0.0	0.0	0.0	0.3475132769637058	0.3475132769637058	0.0	0.5380554615850565	0.0	0.0	0.0	0.0	0.5380554615850565	0.0	0.0	0.0	0.0	0.6700432539477437	1.893396440018389	1.500352820269415	0.0	0.9219794376373154	0.0	0.0	2.0513858497123496	0.8530709801752202	0.0	1.2875573460329355	0.0	0.3475132769637058	0.0	0.0	1.3629893022738766	1.1609283945232207	0.0	0.0	0.0
ERR1624564	0.2556958055285787	0.0	1.355018212550426	0.41555934645525106	0.9550886981069057	1.6303391256028048	0.6997316482912486	3.469210212789684	0.0	3.0230492402444167	0.41555934645525106	1.3393647229662213	0.0	0.2556958055285787	0.0	0.0	0.0	0.0	0.0	2.366809967038301	0.6239746958660755	3.718239286774531	3.0092955429607544	0.41555934645525106	0.0	0.0	0.2556958055285787	0.0	0.2556958055285787	1.7252097759489318	0.5321510251240034	1.961887639357207	2.956061023047555	0.0	3.2265189942395587	0.0	0.0	1.756810020997125	1.210408165384155	3.2985368125280496	0.0	0.0	0.0	0.0	0.0	0.0	0.0	0.9146497316016572	0.0	0.2556958055285787	0.0	0.0	0.0	0.0	0.0	0.0	0.0	0.0	0.2556958055285787	0.0	1.905114359128277	0.2556958055285787	0.0	0.0	0.0	0.0	0.0	2.2141980797014966	0.0	0.2556958055285787	0.0	0.0	0.2556958055285787	0.0	0.0	0.41555934645525106	0.0	0.6239746958660755	0.41555934645525106	0.0	0.2556958055285787	0.0	0.0	0.0	1.1407620285064886	0.0	0.0	0.2556958055285787	0.41555934645525106	0.6239746958660755	0.2556958055285787	0.0	0.6997316482912486	0.0	0.0	0.0	2.431990267633084	0.2556958055285787	0.0	0.0	0.0	1.1652395737516172	0.0	0.0	2.4434281829637206	2.7849966989156174	0.0	0.0	0.0
ERR1624565	1.0640578592639667	0.0	1.4191532853876172	0.0	0.9207005714284566	1.2952359482823732	0.0	3.504014281113251	0.4198113607800749	2.6004356122601444	0.0	1.432424273218118	0.9207005714284566	0.0	0.0	0.0	0.0	0.4198113607800749	0.0	2.1832946074583495	0.5370238784179774	3.7746178159719244	2.7351986525719116	0.25877202268183563	0.0	0.8760158380042169	0.0	0.0	0.7052489735126329	1.5365215528589533	0.7052489735126329	2.353761163019246	3.3333876698704157	0.0	2.8609132688328773	0.0	0.0	2.0577582789799607	0.7052489735126329	3.3595115505411832	0.25877202268183563	0.0	0.0	0.0	0.0	0.0	0.0	1.653081197874445	0.0	0.5370238784179774	0.0	0.0	0.0	0.0	0.5370238784179774	0.25877202268183563	0.4198113607800749	0.0	0.0	0.0	2.437558044018977	0.0	0.0	0.0	0.0	0.0	0.0	1.2168700957796004	0.0	0.0	0.0	0.25877202268183563	0.25877202268183563	0.0	0.0	0.0	0.4198113607800749	0.5370238784179774	0.629231310606488	0.5370238784179774	0.0	0.0	0.0	0.0	0.8760158380042169	0.0	0.0	0.0	0.7052489735126329	0.7052489735126329	1.6204290690575966	0.4198113607800749	0.5370238784179774	0.0	1.0324073866606385	0.0	2.4426942242318703	0.25877202268183563	0.0	0.0	0.0	1.8042849126600533	0.0	0.0	2.090555825969735	1.7384725611344256	0.0	0.0	0.0
ERR1624566	0.0	2.148063052383612	1.1887593101947334	0.0	0.25586165782340203	1.1655867387822214	0.0	3.2083113451412437	0.25586165782340203	2.8400457443511358	0.25586165782340203	1.2707663102045386	0.7645243958738539	0.0	0.0	0.0	0.0	0.0	0.0	2.3862098168056374	0.0	3.979130217169934	2.5674046639599526	0.6242587777020978	0.25586165782340203	0.0	0.0	0.0	0.0	1.1887593101947334	0.0	2.066519218542187	1.7632294294720268	0.0	3.3096320642393624	0.0	0.0	0.0	0.9149770190447231	2.948266247876612	0.0	0.0	0.0	0.0	0.0	0.0	0.0	0.6242587777020978	0.0	0.25586165782340203	0.0	0.0	0.0	0.4157888852485028	0.0	0.0	0.0	0.0	0.8206679889802916	0.0	2.464615530647222	0.25586165782340203	0.25586165782340203	0.0	0.5324142572105325	0.0	0.0	1.475496355640501	0.0	0.4157888852485028	0.0	0.4157888852485028	0.8703774444441155	0.7000299044627081	0.0	0.6242587777020978	0.7000299044627081	0.25586165782340203	0.25586165782340203	0.9149770190447231	0.4157888852485028	0.0	0.0	0.0	0.0	0.0	0.0	0.0	0.7645243958738539	2.297544072875778	2.081217936894557	0.0	0.0	0.0	0.0	0.25586165782340203	1.786632626376975	0.0	0.0	0.0	0.0	0.25586165782340203	0.0	0.0	2.47524472412786	1.2316955944837553	0.0	0.0	0.4157888852485028
ERR1624567	0.5105114673123735	0.0	1.1595220351599524	0.0	0.8195027689012563	1.4274394040442853	0.0	3.2849233615850917	0.32631022932793124	2.600488897855792	0.32631022932793124	1.1244593492956922	1.0863152895462915	0.0	0.0	0.0	0.0	0.32631022932793124	0.0	1.9236104820125355	0.32631022932793124	3.8858032741789588	2.741922116860456	0.5105114673123735	0.0	0.0	0.0	0.0	0.5105114673123735	1.1595220351599524	0.0	2.2894514967687023	2.49304704430177	0.0	3.3278986372075408	0.32631022932793124	0.0	1.1919641927182087	1.0863152895462915	3.3982318633008113	0.0	0.0	0.0	0.32631022932793124	0.0	0.0	0.0	0.998215691740357	0.32631022932793124	0.0	0.0	0.0	0.0	0.0	0.0	0.0	0.0	1.25037420995918	0.6394490995465743	0.0	2.67230809446323	0.0	0.0	0.0	0.5105114673123735	0.0	0.0	1.4088713949982212	0.0	1.1919641927182087	0.0	0.8875750671499862	0.32631022932793124	0.32631022932793124	0.0	0.5105114673123735	0.6394490995465743	0.0	0.0	0.5105114673123735	0.0	0.0	0.0	0.0	0.5105114673123735	0.0	0.0	0.0	0.998215691740357	2.061555152413677	1.5390289828929535	0.32631022932793124	0.0	0.0	0.9464092355362592	0.0	2.2419959990301352	0.5105114673123735	0.0	0.0	0.32631022932793124	0.32631022932793124	0.0	0.0	1.0863152895462915	1.222150436984597	0.0	0.0	0.0
ERR1624568	0.36029319350495437	0.0	2.983426263310172	0.36029319350495437	0.5544685039446239	1.28089251593379	0.36029319350495437	3.5716641826179183	0.5544685039446239	1.9851510397657401	0.0	1.0020322190505453	0.36029319350495437	0.0	0.0	0.7902611600599384	0.0	0.36029319350495437	0.0	0.8728595359879445	0.0	3.8349210944707988	2.4494074251958415	0.36029319350495437	2.28972762814265	0.36029319350495437	0.0	0.0	0.36029319350495437	1.3093367321597893	0.36029319350495437	2.4205501327035215	3.3184364469778598	0.0	2.411940316695888	1.7323053204864325	0.0	1.250453956590079	0.9422307755338506	2.852375134604892	0.0	0.0	0.0	0.0	0.0	0.0	0.0	1.0020322190505453	0.0	0.0	0.0	0.0	0.0	0.36029319350495437	0.0	0.0	0.0	1.948824581424324	0.0	0.0	2.785135673103719	0.0	0.0	0.0	0.36029319350495437	0.0	0.0	1.7323053204864325	0.0	0.36029319350495437	0.0	0.7902611600599384	1.1014629276448291	0.0	0.0	0.0	0.36029319350495437	0.8728595359879445	0.36029319350495437	1.1437686140870262	0.36029319350495437	0.0	0.0	0.0	0.0	0.36029319350495437	0.0	0.0	2.2245887437832796	1.054586933767431	1.865549450764632	0.6881745044675567	0.36029319350495437	0.0	1.3611808601917021	0.0	2.207525116527981	0.36029319350495437	0.0	0.0	0.0	1.0020322190505453	0.0	0.0	0.8728595359879445	0.9422307755338506	0.36029319350495437	0.0	0.0
ERR1624569	0.0	1.4816195305679332	0.9453023813712079	0.9909469474916778	0.2960238377417215	1.0699587518053968	0.0	3.2342122301419223	0.0	1.2457674609808993	0.0	1.8029993765069345	0.4704334711757579	0.0	0.0	0.0	0.0	0.0	0.0	2.139220668605725	0.0	3.5999528295250993	1.8931466269466273	0.2960238377417215	0.0	0.2960238377417215	0.4704334711757579	0.0	0.0	1.269218804041509	0.0	1.623634633769058	3.689248641102887	0.0	2.4229361887376792	0.0	0.0	0.7697753044999848	1.1666992569453718	3.6379010539791503	0.0	0.0	1.4526784829013606	0.0	0.0	0.0	0.0	0.8942909731957269	0.2960238377417215	0.0	0.4704334711757579	0.0	0.5945289468785433	0.0	0.0	0.0	0.2960238377417215	0.0	2.3163132206446466	0.0	2.4882722006479425	0.0	0.0	0.0	0.0	0.2960238377417215	0.0	1.4953975521679337	0.0	0.2960238377417215	0.0	0.0	0.5945289468785433	0.0	0.0	0.2960238377417215	0.4704334711757579	0.5945289468785433	0.2960238377417215	1.1046556705600805	0.6909322162979852	0.0	0.0	0.0	0.0	0.2960238377417215	0.0	0.0	0.0	1.8029993765069345	1.924546208508774	0.0	0.0	0.0	0.2960238377417215	0.0	1.8651263910799192	0.4704334711757579	0.0	0.2960238377417215	0.0	1.0699587518053968	0.0	0.0	2.5340264570353495	1.2914684194997699	0.0	0.0	0.0
ERR1624570	0.0	0.0	1.359223593013153	0.3741496136335238	0.5721126409967703	0.9638071509772684	0.0	3.300551938873288	0.0	3.300254727618198	0.0	0.7075876052939664	0.9638071509772684	0.0	0.0	0.0	0.0	0.0	0.0	0.3741496136335238	0.0	3.792714465953181	2.7739055623979123	0.0	0.0	0.0	0.0	0.0	0.0	0.9638071509772684	0.0	1.9190995112896774	2.2809791341178562	0.0	2.322447629332366	0.0	0.0	0.0	1.2734076650265027	3.649398727941217	0.3741496136335238	0.0	1.0239576359120584	0.3741496136335238	0.0	0.0	0.0	0.5721126409967703	0.0	0.0	0.0	0.0	0.8106988027998034	0.0	0.0	0.0	0.0	0.7075876052939664	0.0	0.0	2.6719038311725694	0.0	0.0	0.0	0.0	0.5721126409967703	0.0	1.5461522685462323	0.0	1.359223593013153	0.0	0.3741496136335238	0.8939655200516387	0.0	0.0	0.0	0.3741496136335238	0.5721126409967703	0.0	0.9638071509772684	0.0	0.0	0.0	0.0	0.5721126409967703	0.0	0.0	0.0	0.0	1.8817863451661274	1.7123903186745124	0.0	0.0	1.1238716910343503	0.0	0.0	2.1598893771742462	0.0	0.0	0.0	0.0	0.7075876052939664	0.0	0.0	1.1663516237247056	2.176016273996621	0.0	0.0	0.0
ERR1624571	0.0	2.7576989694696454	1.744956647438803	0.0	0.0	2.5603259671921483	0.0	3.115687094329888	0.0	3.1562407293487253	0.0	1.6315421120869193	0.9604547232108842	0.0	0.0	0.0	0.0	0.0	0.0	0.33473120030910125	0.0	3.760969039393624	2.9581040517828434	0.5214990671631771	0.0	0.0	0.0	0.0	0.0	1.2918589473513167	0.0	1.8901476324042286	3.338869138518775	0.0	1.4940973704936642	0.0	0.0	2.643454428604023	1.9506807576858824	3.5303366604602053	0.0	0.0	0.0	0.0	0.0	0.0	0.0	1.0588973887451212	0.0	0.0	0.0	0.0	0.0	0.0	0.0	0.0	0.0	0.0	1.2918589473513167	0.0	0.0	0.6516792671836311	0.0	0.0	0.0	0.0	0.0	0.33473120030910125	0.0	0.0	0.0	0.0	0.33473120030910125	0.0	0.0	0.0	0.0	0.33473120030910125	0.33473120030910125	0.0	0.0	0.0	0.0	0.0	0.6516792671836311	0.7517040602973745	0.0	0.0	1.477620535656083	1.0588973887451212	0.0	0.0	0.0	0.0	1.0588973887451212	0.0	1.012459386952741	0.33473120030910125	0.0	0.0	0.0	0.8329494844921909	0.0	0.0	1.5400794690980177	0.6516792671836311	0.0	0.0	0.6516792671836311
ERR1624572	0.0	0.0	1.9901078436635735	0.0	0.3327941946714401	0.9572399996791224	0.0	3.629314105028801	0.0	3.0311829782489013	0.3327941946714401	1.6727485558007122	0.3327941946714401	0.0	0.0	1.0975216964821621	0.0	0.0	0.0	2.143674853567132	0.0	3.750304423492801	2.8178985511554555	0.3327941946714401	0.0	0.0	0.0	0.0	0.3327941946714401	2.4247268558971258	0.0	2.2039655889426086	2.4555835474301766	0.3327941946714401	2.342096330683342	0.0	0.0	1.5217829061319181	0.7487342141582959	3.3391708231101025	0.0	0.0	0.6488755316659596	0.0	0.0	0.0	0.0	1.1708816589650037	0.0	0.3327941946714401	0.3327941946714401	0.0	0.3327941946714401	0.3327941946714401	0.0	0.0	0.0	0.0	0.0	0.0	2.926388571349784	0.0	0.0	0.0	0.7487342141582959	0.3327941946714401	0.0	1.9582647952367431	0.0	0.0	0.0	0.0	0.3327941946714401	0.5189774155418515	0.0	0.0	0.0	0.0	0.7487342141582959	1.2033838676351154	0.0	0.0	0.0	0.0	0.5189774155418515	0.3327941946714401	0.0	0.0	1.5781390574206458	0.0	2.094256245931646	2.4340321303777506	0.3327941946714401	0.0	0.6488755316659596	0.0	2.1177652622684175	0.5189774155418515	0.0	0.0	0.0	0.7487342141582959	0.0	0.0	0.7487342141582959	2.291474847510299	0.0	0.0	0.0
ERR1624573	0.31175306790277696	2.9700662496700576	2.038022205694319	0.0	0.9216851123994474	1.5256910221231073	0.0	2.987307126787532	0.0	2.925336333493406	0.0	1.4005365024260317	0.0	0.0	0.0	0.0	0.0	0.0	0.0	0.0	0.0	3.3698726758173523	3.066492098995633	0.6180469213161995	0.0	0.31175306790277696	0.31175306790277696	0.0	0.0	0.8633215237111789	0.0	2.6231960407454658	1.8270444915275432	0.0	2.552605842094758	0.0	0.0	0.7160020928929068	0.7958787165724324	3.941047517103116	0.49136064482518726	0.0	0.0	0.0	0.0	0.0	0.0	1.7766996613456305	0.0	0.0	0.0	0.0	0.0	0.0	0.0	0.0	0.7958787165724324	0.0	0.31175306790277696	0.0	1.9554456791979309	0.0	0.0	0.0	0.31175306790277696	0.31175306790277696	0.0	2.0891968308773046	0.0	0.0	0.0	0.0	0.6180469213161995	0.0	0.0	0.0	0.7958787165724324	0.31175306790277696	0.0	0.0	0.0	0.0	0.0	0.0	1.060696426471207	0.31175306790277696	0.0	0.0	0.0	1.6834958012358097	2.311116301689322	0.7958787165724324	0.0	0.0	0.31175306790277696	0.0	1.4976191504813565	0.0	0.0	0.9216851123994474	0.0	0.0	0.0	0.31175306790277696	2.3328407256520616	0.0	0.0	0.0	0.0
ERR1624574	0.0	0.4595242768658934	2.297742523951281	0.0	0.0	1.1214180615317821	0.0	3.27502440859002	0.0	3.4508942186859044	0.0	1.0547971298463703	0.0	0.0	0.0	0.0	0.0	0.0	0.0	0.0	0.2878995565974701	3.7071738044929665	2.832506067190777	0.9760716745581909	0.0	0.0	0.0	0.0	0.0	1.714192241772704	0.0	1.9821994838556236	1.9326732802895574	0.0	3.6480130125663184	0.0	0.0	1.1214180615317821	0.0	2.862106223979532	0.2878995565974701	0.0	0.7560413194771444	0.0	0.0	0.0	0.0	0.5822123989419561	0.0	0.5822123989419561	0.0	0.0	0.0	0.0	0.0	0.0	0.0	0.0	1.1214180615317821	0.0	0.8798444520342442	0.0	0.0	0.0	0.0	0.0	0.0	1.3723685929459744	0.0	2.0266515201317543	0.0	0.0	0.9760716745581909	0.0	0.0	0.9306177789699748	0.0	0.0	0.0	1.017215805876499	0.2878995565974701	0.2878995565974701	0.0	0.0	0.7560413194771444	0.4595242768658934	0.0	0.0	1.6174070952529167	2.335177138799737	2.066973179852895	0.7560413194771444	0.0	0.0	0.0	0.0	2.084132611452406	0.0	0.4595242768658934	0.0	0.0	0.0	0.0	0.0	1.0893838045168718	0.0	0.0	0.0	0.0
ERR1624575	0.5289499595981542	1.5503965753027333	1.4148516953057173	0.0	0.6599530981111008	1.717467164467361	1.1841674962925974	3.3813410313869867	0.0	2.6934750762712145	0.6599530981111008	0.6599530981111008	1.110633282070022	0.0	0.0	0.0	0.0	0.0	0.0	1.9379655908290119	0.0	4.05613567786617	1.64191670120202	0.0	0.0	0.0	0.3404697809328242	0.0	0.0	0.0	0.0	2.1468878302925867	0.8420252418470489	0.3404697809328242	2.7980966940301015	0.0	0.0	0.0	1.5647120103806835	2.3585339142770474	0.0	0.0	0.0	0.0	0.0	0.0	0.0	1.8525875555777884	0.0	0.3404697809328242	0.0	0.0	0.5289499595981542	0.0	0.0	0.0	0.0	0.0	1.0686000947713703	0.0	2.4117340832514245	0.0	0.0	0.0	0.0	0.0	0.0	0.9106658356431431	0.3404697809328242	0.8420252418470489	0.0	0.0	0.0	0.3404697809328242	0.0	0.0	1.0220584832685948	0.5289499595981542	0.0	1.3944970094315456	1.578570591822076	0.0	0.0	0.0	0.5289499595981542	0.3404697809328242	0.0	0.0	0.3404697809328242	0.0	2.287355940902352	0.3404697809328242	0.5289499595981542	0.0	0.9699238145637235	0.0	2.287355940902352	0.5289499595981542	0.0	0.0	0.0	1.9723421582597815	0.0	0.0	2.3493828398884395	1.931961997677823	0.0	0.0	0.0
ERR1624576	1.3874997370641284	1.7544609253863537	1.1336450895495618	0.0	1.0001031477916016	1.9416247286561032	0.6628475268026366	3.3891033454786004	0.44723171083595986	3.341232394035085	0.44723171083595986	1.7544609253863537	0.44723171083595986	0.0	0.0	0.44723171083595986	0.0	0.0	0.0	1.8183387592355755	0.44723171083595986	3.9321315001784347	3.1088148148213666	0.44723171083595986	0.0	1.2356363916746782	0.0	0.0	0.44723171083595986	1.546654015155928	0.0	1.9591547402114926	1.1336450895495618	0.0	3.0537306802662334	0.0	0.0	0.0	0.9139144846669739	2.122001726749386	0.0	0.0	0.44723171083595986	0.0	0.0	0.0	0.0	0.44723171083595986	0.0	1.2356363916746782	0.0	0.0	0.0	0.0	0.44723171083595986	0.0	0.44723171083595986	0.0	0.806276675756187	0.0	2.4388147227405175	0.6628475268026366	0.44723171083595986	0.44723171083595986	0.6628475268026366	0.44723171083595986	0.0	1.4184115247015676	0.0	0.0	0.0	0.0	0.44723171083595986	0.0	0.0	0.0	0.806276675756187	1.1876278868774015	0.44723171083595986	1.0719869031542673	0.0	0.0	0.0	0.0	0.0	0.44723171083595986	0.0	0.0	1.0719869031542673	1.6628699476887023	1.6274777610874762	0.0	0.0	0.0	1.0001031477916016	0.44723171083595986	1.645534283906854	0.806276675756187	0.0	0.0	0.0	0.44723171083595986	0.0	0.0	1.645534283906854	1.4184115247015676	0.0	0.0	0.0
ERR1624577	0.0	0.46951796312088234	1.030991221085406	0.0	0.5934968600856644	0.9897037934040768	0.0	3.618160724628569	0.0	3.1011585138134268	0.0	0.7686261534445927	1.1033799038240608	0.2953400426383021	0.0	0.0	0.0	0.0	0.0	1.7521726387085257	0.0	3.922336791780882	2.7927022103442245	0.0	0.0	0.0	0.0	0.0	0.2953400426383021	0.8930831069872062	0.0	2.001494463465698	1.5329441266777817	0.0	2.921538922162832	1.494057128298718	0.0	0.0	1.466052566890851	2.3559502930079153	0.0	0.0	0.0	0.0	0.2953400426383021	0.0	0.0	0.46951796312088234	0.0	0.46951796312088234	0.0	0.2953400426383021	0.2953400426383021	0.2953400426383021	0.0	0.0	0.0	1.6515546589197054	0.0	0.0	2.434190362209627	0.2953400426383021	0.0	0.0	0.46951796312088234	0.0	0.0	0.9897037934040768	0.0	0.6898299494047714	0.0	0.2953400426383021	0.0	0.2953400426383021	0.0	0.0	1.1033799038240608	0.2953400426383021	0.0	1.2196757562866312	0.0	0.0	0.0	0.0	0.5934968600856644	0.0	0.0	0.0	1.068692047919221	1.1933894244472976	2.424749720289144	0.0	0.0	0.0	1.068692047919221	0.0	1.7446230103367502	0.5934968600856644	0.0	0.0	0.0	0.5934968600856644	0.0	0.0	2.523872516575924	1.1933894244472976	0.0	0.0	0.0
ERR1624578	0.29641070046565443	2.248442189378527	2.4876712946645165	0.0	0.29641070046565443	1.2465055122839666	0.0	3.144837857734361	0.0	2.9118890560477086	0.0	0.8949736888060873	0.0	0.0	0.0	0.0	0.0	0.0	0.0	0.0	0.0	3.8480455489749312	3.153879571545407	0.4709512112689928	0.0	0.0	0.4709512112689928	0.0	0.0	1.6441328409001053	0.0	2.4284965739073274	1.1375098590364996	0.0	3.475868170593124	0.0	0.0	0.0	0.29641070046565443	3.224981347181042	0.0	0.0	0.0	0.0	0.0	0.0	0.0	0.29641070046565443	0.0	0.4709512112689928	0.29641070046565443	0.0	0.0	0.0	0.0	0.0	0.0	0.4709512112689928	0.29641070046565443	0.0	2.4972460270373746	0.0	0.0	0.0	0.0	0.4709512112689928	0.0	1.9402072288252303	0.0	1.4961550118576652	0.0	0.0	0.7704249015286064	0.0	0.0	0.4709512112689928	0.0	0.5951124923072729	0.5951124923072729	0.8371489058453421	0.0	0.0	0.0	0.0	0.6915553630464664	0.0	0.0	0.29641070046565443	0.4709512112689928	0.8371489058453421	1.8993126568112748	0.0	0.29641070046565443	0.0	0.29641070046565443	0.0	1.731245100704127	0.0	0.29641070046565443	0.29641070046565443	0.0	0.0	0.0	0.0	1.5820170142631598	0.0	0.0	0.0	0.0
ERR1624579	0.3163904988389211	0.7232926184668628	0.9811854317756379	0.3163904988389211	0.4974835229717973	1.0689289336697503	0.0	3.6282129422543297	0.0	1.2324892270404777	0.6249017046973394	1.46047826429962	1.3074118283095746	0.0	0.3163904988389211	0.6249017046973394	0.0	0.0	0.0	2.244862174103795	0.0	3.9747742808154714	2.8336074785120173	0.4974835229717973	0.0	0.0	0.0	0.0	0.0	0.0	0.0	2.173001121344724	2.65749328373941	0.0	2.339683382482775	0.7232926184668628	0.0	0.0	1.534433676562224	2.7086534515603526	0.0	0.0	0.0	0.0	0.0	0.0	0.0	0.3163904988389211	0.0	0.0	0.0	0.0	0.0	0.0	0.0	0.0	0.4974835229717973	0.7232926184668628	0.3163904988389211	0.0	2.502854452103833	0.0	0.0	0.0	0.6249017046973394	0.0	0.0	1.2324892270404777	0.0	1.2838451279207421	0.0	0.0	0.6249017046973394	0.4974835229717973	0.0	0.0	0.3163904988389211	0.6249017046973394	0.0	0.8034583337063892	0.3163904988389211	0.0	0.0	0.0	0.4974835229717973	0.3163904988389211	0.0	0.0	0.0	1.7371940615411718	2.094402678260732	2.16986388603768	0.0	0.0	0.0	0.0	1.6205122343918448	0.3163904988389211	0.0	0.4974835229717973	0.0	1.409190335893611	0.0	0.0	1.0272693520389546	1.560816346771896	0.0	0.0	0.4974835229717973
ERR1624580	0.0	1.6646694488746496	0.9155300317526729	0.0	0.4484151843842789	1.3729388942448175	0.0	2.502870089159073	0.0	3.1630510132048006	0.0	1.3892639189688212	0.8650097098524547	0.0	0.0	0.0	0.0	0.0	0.0	1.952296999330292	0.0	4.059832847246855	3.1496289387656944	0.27968027690538383	0.0	0.0	0.6642877979867949	0.0	0.0	1.559407194800038	0.0	2.3124253552857574	1.2373690846740912	0.0	2.847793129169573	0.0	0.0	0.4484151843842789	0.4484151843842789	2.5540080675450936	0.27968027690538383	0.0	0.0	0.0	0.0	0.0	0.0	1.2373690846740912	0.0	0.0	0.0	0.0	0.0	0.0	0.0	0.0	0.0	0.0	0.5696284838854371	0.0	2.4787791275700406	0.27968027690538383	0.27968027690538383	0.0	0.4484151843842789	0.0	0.27968027690538383	1.214021981925133	0.0	0.4484151843842789	0.0	0.0	0.0	0.0	0.0	0.0	0.7419620718208906	0.7419620718208906	0.0	1.1631875275026895	0.0	0.0	0.0	0.0	0.27968027690538383	0.0	0.0	0.0	0.6642877979867949	0.0	2.2508966275818616	0.0	0.27968027690538383	0.0	0.27968027690538383	0.0	1.673085273304503	0.8078292422235873	0.0	0.27968027690538383	0.0	0.0	0.0	0.0	0.5696284838854371	1.673085273304503	0.0	0.0	0.0
ERR1624581	0.7429444528544783	2.4860166582145427	0.9322025327195828	0.0	0.0	1.996557741176576	0.0	3.54298106207984	0.3998348010965318	2.4385083864434787	0.0	1.28174161181653	0.7429444528544783	0.0	0.0	0.3998348010965318	0.0	0.0	0.3998348010965318	1.693285363281368	0.84780236248919	3.916569476754344	3.070035459823156	0.3998348010965318	0.0	0.0	0.9322025327195828	0.0	0.3998348010965318	1.28174161181653	0.84780236248919	2.5130179826297883	1.636548790130648	0.0	2.9932669619648946	2.0345326456797372	0.0	0.7429444528544783	0.0	2.8726742299920955	0.0	0.0	0.0	0.0	0.0	0.0	0.0	1.7989831528236713	0.0	0.3998348010965318	0.0	0.0	0.0	0.0	0.0	0.0	0.0	0.0	0.0	0.0	2.2031628530445	0.0	0.0	0.0	1.345433249853193	0.6044271929784047	0.0	0.84780236248919	0.0	0.0	0.0	0.0	0.6044271929784047	0.0	0.7429444528544783	0.0	0.84780236248919	0.9322025327195828	0.0	1.2460118795308068	1.164304669453164	0.0	0.0	0.0	0.7429444528544783	0.84780236248919	0.3998348010965318	0.0	0.7429444528544783	1.4944137377280704	0.3998348010965318	0.0	0.3998348010965318	1.2460118795308068	0.3998348010965318	0.0	2.648568570937865	1.4262807023306396	0.0	0.0	0.0	1.164304669453164	0.0	0.0	0.0	1.6514428089570592	0.0	0.0	0.0
ERR1624582	1.7883166671414155	1.697838512907077	0.6584096839526016	0.5641487454239299	1.3977780571319027	1.2734844800627403	1.156190271980368	3.70873357054972	0.0	2.2090493837779674	0.0	2.4021888935582623	1.713045008418237	0.0	0.0	0.0	0.0	0.0	0.0	1.7055083127672688	0.0	3.914356643640724	2.6631136909847553	0.2761270314752702	0.2761270314752702	0.2761270314752702	0.0	0.0	1.0323761794079922	1.4688403942030694	0.0	2.104395602693116	1.2069672649577199	0.5641487454239299	1.2734844800627403	2.1134045999499036	0.0	0.2761270314752702	1.5834122865260154	1.7883166671414155	0.0	0.0	1.156190271980368	0.0	0.0	0.0	0.0	1.8244657885170092	0.0	0.0	0.0	0.0	0.2761270314752702	0.2761270314752702	0.0	0.0	0.0	1.8937800607609518	0.0	0.2761270314752702	2.375394022515901	0.735815860537705	0.0	0.0	2.466040225592069	0.0	0.0	0.735815860537705	0.0	1.0323761794079922	0.0	0.0	0.2761270314752702	0.2761270314752702	0.0	0.0	1.95781270501184	0.0	0.9949958589871366	1.0323761794079922	0.2761270314752702	0.0	0.2761270314752702	0.0	0.735815860537705	0.2761270314752702	0.0	0.0	0.735815860537705	1.713045008418237	1.898680449452719	2.720358424869707	0.0	0.0	0.2761270314752702	0.0	2.596184424632166	1.3311539670717105	0.0	0.2761270314752702	0.0	0.8585255088574665	0.2761270314752702	0.0	0.0	1.4817569993802586	0.0	0.0	0.0
ERR1624583	0.0	1.9828813820876061	1.4025901911202838	0.0	1.2887975493280375	0.9428073997836274	0.8918358862458388	3.1860542391596463	0.0	3.338529671826127	0.0	1.2183316889806748	0.5924315847943334	0.0	0.0	0.0	0.0	0.0	0.0	0.8340765542098667	0.0	4.0231450311352726	2.9918781887801393	0.0	0.0	0.2946348342909895	0.6886920501899799	0.0	0.2946348342909895	0.2946348342909895	0.0	2.426494347848787	1.2665555198673495	0.2946348342909895	2.220186685607892	0.0	0.0	0.0	0.8340765542098667	1.63086392097588	0.6886920501899799	0.0	0.0	0.5924315847943334	0.0	0.0	0.0	0.6886920501899799	0.0	0.0	0.0	0.0	0.0	0.0	0.0	0.0	0.6886920501899799	0.0	0.46857327332951704	0.0	2.6114272578853894	0.0	0.0	0.0	0.0	0.2946348342909895	0.0	1.134175341618128	0.0	0.2946348342909895	0.0	0.0	0.6886920501899799	0.0	0.0	0.0	0.7674397241515472	0.2946348342909895	0.0	0.0	0.7674397241515472	0.0	0.0	0.0	0.46857327332951704	0.0	0.2946348342909895	0.2946348342909895	1.6002168357495903	1.4025901911202838	1.63086392097588	0.46857327332951704	0.46857327332951704	0.0	0.0	0.0	2.504349746566716	0.46857327332951704	0.0	0.0	0.2946348342909895	0.7674397241515472	0.0	0.0	0.8340765542098667	0.9428073997836274	0.0	0.0	0.2946348342909895
ERR1624584	0.0	1.7744375521827367	1.3985757859412544	0.2555669621392332	0.0	0.7639761327311315	0.0	3.1532558600400944	0.0	3.5399640302351862	0.0	2.3038550129548327	1.0869678338480464	0.0	0.0	0.0	0.0	0.0	0.0	0.0	0.0	3.9583364922718465	2.851307549636124	0.0	0.0	0.2555669621392332	0.2555669621392332	0.0	0.0	1.4748563051643342	0.0	1.6300563127497596	1.4975708207410114	0.0	2.809142275856261	0.4153810045740699	0.0	0.2555669621392332	1.5191561343939262	2.0598410910213105	0.0	0.0	0.0	0.0	0.0	0.0	0.0	0.9548312240009258	0.0	0.0	0.0	0.0	0.0	0.0	0.0	0.0	0.699499883340329	0.2555669621392332	0.0	0.0	2.836351853244197	0.2555669621392332	0.0	0.0	0.0	0.0	0.0	0.0	0.0	0.2555669621392332	0.0	0.2555669621392332	0.4153810045740699	0.2555669621392332	0.0	0.0	0.4153810045740699	0.4153810045740699	0.699499883340329	0.9918207934342511	0.4153810045740699	0.2555669621392332	0.0	0.0	0.4153810045740699	0.2555669621392332	0.0	0.0	1.3547414052919042	1.844508189760252	0.6237539517231626	0.4153810045740699	0.6237539517231626	0.0	0.6237539517231626	0.0	1.4630374263719574	0.6237539517231626	0.0	0.0	0.0	0.4153810045740699	0.0	0.0	0.7639761327311315	1.9134074616278407	0.0	0.0	0.9548312240009258
ERR1624585	0.0	1.38158378783449	0.6668523859097547	0.0	0.0	0.7677566980433643	0.0	3.6593427214941654	0.0	3.5802036189897595	0.0	2.5627179271638307	0.3452805325944023	0.0	0.0	0.0	0.0	0.0	0.0	0.7677566980433643	0.0	3.3750693219966066	3.1613464341379194	0.5351737468939569	0.0	0.0	0.0	0.0	0.9184051118385875	0.9184051118385875	0.0	1.2837052694425717	3.3712720867470716	0.0	2.1977592284603054	0.3452805325944023	0.0	0.0	1.192408442451001	2.909067969903285	0.3452805325944023	0.0	0.3452805325944023	0.0	0.0	0.0	0.0	0.5351737468939569	0.0	0.0	0.7677566980433643	0.0	1.7730340882406088	0.3452805325944023	0.0	0.0	0.0	0.0	2.002559242454448	0.0	1.7818394351289233	0.0	0.0	0.0	0.7677566980433643	0.0	0.0	0.5351737468939569	0.0	0.0	0.0	0.0	0.0	0.5351737468939569	0.0	0.3452805325944023	0.0	0.3452805325944023	0.5351737468939569	0.0	0.0	0.3452805325944023	0.0	0.0	0.0	0.0	0.0	0.3452805325944023	0.5351737468939569	1.4964192321478866	1.2837052694425717	1.076666743822728	0.0	0.0	0.9184051118385875	0.0	1.255353230156565	0.9184051118385875	0.0	0.5351737468939569	0.0	1.030040719716649	0.0	0.0	2.7043584165825307	1.1187687576516367	0.0	0.0	0.6668523859097547