SAMPLE_ID	Acidimicrobiia	Acidithiobacillia	Acidobacteriia	Actinobacteria	Alphaproteobacteria	Anaerolineae	Aquificae	Archaeoglobi	Ardenticatenia	Bacilli	Bacteroidia	Betaproteobacteria	Blastocatellia	Caldilineae	Calditrichae	Candidatus Brocadiae	Chitinophagia	Chlamydiia	Chlorobia	Chloroflexia	Chrysiogenetes	Chthonomonadetes	Clostridia	Coprothermobacteria	Coriobacteriia	Cytophagia	Deferribacteres	Dehalococcoidia	Deinococci	Deltaproteobacteria	Dictyoglomia	Elusimicrobia	Endomicrobia	Epsilonproteobacteria	Erysipelotrichia	Fibrobacteria	Fimbriimonadia	Flavobacteriia	Fusobacteriia	Gammaproteobacteria	Gemmatimonadetes	Gloeobacteria	Halobacteria	Hydrogenophilalia	Ignavibacteria	Kiritimatiellae	Ktedonobacteria	Lentisphaeria	Limnochordia	Methanobacteria	Methanococci	Methanomicrobia	Methanopyri	Methylacidiphilae	Mollicutes	Negativicutes	Nitriliruptoria	Nitrososphaeria	Nitrospira	Oligoflexia	Opitutae	Phycisphaerae	Planctomycetia	Rubrobacteria	Saprospiria	Spartobacteria	Sphingobacteriia	Spirochaetia	Synergistia	Tepidiformia	Thermococci	Thermodesulfobacteria	Thermoleophilia	Thermomicrobia	Thermoplasmata	Thermoprotei	Thermotogae	Tissierellia	Unclassified Acidobacteria Phylum	Unclassified Actinobacteria Phylum	Unclassified Armatimonadetes Phylum	Unclassified Bacteroidetes Phylum	Unclassified Balneolaeota Phylum	Unclassified Candidatus Bipolaricaulota Phylum	Unclassified Candidatus Cloacimonetes Phylum	Unclassified Candidatus Gracilibacteria Phylum	Unclassified Candidatus Korarchaeota Phylum	Unclassified Candidatus Micrarchaeota Phylum	Unclassified Candidatus Saccharibacteria Phylum	Unclassified Chloroflexi Phylum	Unclassified Cyanobacteria Phylum	Unclassified Elusimicrobia Phylum	Unclassified Euryarchaeota Phylum	Unclassified Firmicutes Phylum	Unclassified Kiritimatiellaeota Phylum	Unclassified Planctomycetes Phylum	Unclassified Proteobacteria Phylum	Unclassified Tenericutes Phylum	Unclassified Thaumarchaeota Phylum	Unclassified Verrucomicrobia Phylum	Unclassified candidate division Zixibacteria Phylum	Verrucomicrobiae	Vicinamibacteria	Zetaproteobacteria
ERR1305877	3.1232286749368563	2.798020614757294	3.606447418159344	5.432225962782747	5.16013251415697	3.18533297870544	3.0323198505180193	2.575511912465963	2.7104263106055235	5.475542019608119	6.60771286219845	5.1480423801450375	2.390938444350194	2.634200621954759	2.451704510098247	2.27113472755333	4.079296171857312	2.995528857906863	3.6629997684349678	3.121316924024993	2.4271466949104634	2.3302479578276944	6.81297631868868	1.8855529822621815	5.286235579335591	4.594505167052513	3.0815506717794023	3.031927721117728	3.919177360747689	4.671671321712729	2.1639428454150296	2.2995832633266153	2.318240631068471	4.154584538093615	5.079970139990411	2.9405751666699196	2.3058918645846003	4.7937929597014985	3.821491404068874	5.9605006334537665	3.1747332954900407	2.770261988377903	3.869269303722468	2.1551706085335565	2.669939760011825	2.447204452877274	2.4620267839391685	2.92479934268172	2.835975606784245	3.3457091821926164	2.8099556555968466	3.5792818809360343	1.9878929264098268	2.385758520157485	3.7398195378344665	5.020411941931316	3.0469643365263277	2.434971226987982	3.0537325318225736	3.168476278366141	3.5049685628915133	3.3228311489273676	3.838049198090345	3.458771257792663	3.0240098505008395	1.3684967024614558	4.266454570172473	4.01796483698615	3.4810914862768074	2.582193008481545	3.314724731708887	2.8125639268398346	2.8951956076365404	2.823477575007165	3.2437715013005315	2.959984957540576	3.383449667616534	3.735726417712286	2.2688672043151445	3.7515732554657513	2.546511731497579	4.883892754392718	2.6141385869996476	1.9610286957405108	2.2756345628043038	1.807500743381473	1.4933063550858692	0.2949574997914449	2.9590579961571137	1.1026654282240411	4.323608336506038	1.8571682165290948	2.2665877797978	5.093234893261297	2.610012522535282	4.08523544005292	4.726834888427572	2.641008973945382	2.387492035300305	2.709603047862975	2.101807659100847	4.026588816251066	2.5854954049216556	2.63223561218535
ERR1305878	3.136334498082948	2.7327343540175564	3.5770090459597013	5.455360586905479	5.1648364843366235	3.134482269410623	2.927200861308657	2.4552638716365287	2.80023474897425	5.553361253799281	6.8225421346651265	4.990932487193546	2.427809234801269	2.5330065718861823	2.549020137351119	1.7277671735932905	3.8863439939760056	2.7223113544594493	3.6157027855534087	3.093640829932933	2.6077513995563826	2.2026202156264714	6.480846344062759	1.9950434473768521	5.194266071027302	4.477528436927738	2.7660638954905217	2.9905550307030055	3.9190642738137687	4.68561829203059	2.1994352510623267	1.8134368968583523	2.2242839947976316	3.9774457672169024	5.028864457225279	2.805809254728629	2.309035310159685	4.59006761808111	3.7108721085049354	6.288430692649998	3.1842359351713965	2.7590710954230926	3.9115002889303483	1.8577471454377947	2.691515622408897	2.4926297533081376	2.1071819671472025	2.8857996992998625	2.9025834135654143	4.2628252538676605	2.6127168290880074	3.502648169609159	1.44398892287636	2.2534699958836426	3.679752959568578	4.74776987440744	3.1501590730019084	2.4240138976752106	3.114735764904001	2.953323566161207	3.4975290868913023	3.2840588037656975	3.8530903682332944	3.5621511075786	2.9742214589413094	1.44398892287636	4.035152102797547	3.9061950878626046	3.5412727221523963	2.708673339720778	3.349618181013103	2.6873780574970088	2.843673090179979	2.90194973838549	3.096486384820645	2.8443976894149046	3.3063633683116107	3.647371803295892	2.019907311620864	3.7758613453167076	2.5054578931912763	4.722177321837209	2.347060104664763	1.6983841785804117	2.176461476690379	1.9686691886045249	0.8341223495411951	0.33547031745658473	3.1041173497601173	1.0137005360821478	4.212534678985046	1.6328845773978433	2.37354183198761	4.993492702421369	2.3778026142596635	4.028901028835093	4.711730572723512	2.474348549869714	2.074345523775177	2.7581890251696337	1.9105671589549962	4.43554366785702	2.544711031124222	2.5148362991329303
ERR1305879	2.4443934064966775	2.927198132989171	3.3664871379034795	5.256116899287879	5.031938145827349	3.077607303559176	2.9984357684240135	2.802282279297242	2.508402705786675	5.279859766939307	6.803521139435206	4.921225458349198	2.1981190975734615	2.5442268678722115	1.955356882027956	2.1981190975734615	3.7803609199909984	3.0832347633941244	3.4347689303090307	2.986569628724014	2.406254867157541	1.9595067140766735	6.674637127120549	1.819374114774919	5.344439748798923	4.207616284686252	3.1625115505487216	2.680525955542963	3.753001955730819	4.570806143133149	2.1054526293944584	1.8974568405132193	2.7079087143306935	4.202878604484598	5.377178386641739	2.835940854595642	2.1422182747701104	4.539111144441566	3.941103753317587	5.393764911281991	2.9683418311824883	2.696708284369737	3.686809262645454	1.716946368291284	3.1565181471259005	2.305323096919266	2.2497602927323346	2.6951928288658085	2.4590195441543656	3.3022596012599172	3.3335569692233906	3.4976047450116257	1.2199460436504639	2.0137893949115537	3.84996307114718	4.360354089815285	3.0048079353557333	2.06850954093304	3.13582912352294	3.258065739532764	3.400848863795338	3.0244502039574668	3.6278007776029577	3.159394878758515	2.337620284991667	0.8993050075625705	3.9678806959128674	4.026812746365652	3.5531198576264225	2.485644163295745	3.0609281934398944	2.5118895930763023	2.3988093209655874	2.5153487074909213	3.108865995836187	3.1355538449050324	3.5981803194430904	3.7390253432132616	2.4018028743603335	3.5270879314344517	2.212193817384659	4.315025153704762	2.2704296983295036	1.6632180982711926	1.819374114774919	1.507688793903642	1.3872244607351187	0.0	3.194193990606644	2.2235840500188364	4.184993728637144	1.8306325612536212	1.8926661260647752	5.145489416941337	2.3034563996677395	3.819187242534221	4.511932699997241	2.756007385294354	2.316357861181355	3.0165547300314928	2.0137893949115537	5.725792257760729	2.419343398334581	2.3478734574858033
ERR1305880	2.1904191060269724	2.1593144385540968	2.88182967082182	4.784786183470399	4.434732954358345	2.2964283572412407	2.3554308138662456	1.8808507167888227	2.0918612332608792	5.3123233733154285	6.908204250649215	4.563522623836717	1.6801456207045504	1.8770071465450413	1.6075874474437797	1.6801456207045504	3.5037152291530194	2.375488773907301	2.910990547261418	2.334401427223583	1.7824968252259696	1.1374907231172877	6.32580199926286	1.0160220990320894	4.761133587146819	3.813926440051552	2.3316996849960794	2.7509314731046546	3.194445382357592	3.956905514413826	1.6420770972061058	1.6801456207045504	1.376026065226134	3.754506766338237	4.652735999246592	2.201532046731847	1.4112649213187811	4.151796424030299	4.907427959458124	6.179163257363225	2.2675653213076985	1.726210861830397	3.334880736749313	1.0687502205576795	2.1673019382274	1.6615283423661416	1.5854973719004029	2.1673019382274	1.9946528700714448	2.3934873151118845	2.3489678483713337	2.918072593935142	0.70054841551833	1.5701206603826747	3.1660260625205185	5.882556500990435	2.186650689437633	1.8449689059738579	2.4273902558724862	2.5464479640260955	2.8953614390265914	2.598564233466878	3.1222154230282104	2.5682078004941054	2.1809360355710825	0.5657065865107356	3.6795482447333088	3.385726847750264	2.9930484421179333	1.8192871254772378	2.533870825053115	2.241677257660371	2.1673019382274	2.034035111112401	2.474721943445268	2.3827779420160655	2.7740458963130927	3.3637620365674086	1.2490153435323657	3.0121287588190846	1.7872696965395867	4.428369432003178	1.7207129169429392	1.4112649213187811	1.0687502205576795	0.70054841551833	0.2226386722844589	0.4784369954262139	2.2675653213076985	1.0928930202378466	3.579195232441475	1.5115617394359409	1.7578124534111	4.572853437290938	1.310083919174266	3.2685946781918562	4.126465328000177	1.9946528700714448	2.2905092940583613	2.3779321152851756	1.6420770972061058	5.30085355584956	1.7475319872701565	1.832317822930094
ERR1305881	2.5638208019209787	2.206644439367981	3.06500876417569	5.082896873059071	4.562485652316755	2.554621953462333	2.6139132236413363	2.0404214323375145	2.1611866907259634	6.232113645013441	6.715286439060649	4.423852516722663	1.8725587044296979	1.8253760901699818	1.6785216907819727	1.9894470700897662	3.453044071429404	2.54284243693498	2.943213213658101	2.372509322385374	1.8212026839757702	1.261803609967265	6.448770228572944	0.6231101957359403	4.930040232475853	3.785434829938685	2.593856676474155	2.7719339863048016	3.4107161502150873	4.065126714918653	2.008930023430262	1.483268076165902	1.9476451727494635	3.7956502218730455	4.937813485937404	2.3212924512094384	1.5266788445476973	4.170671505968186	3.78351812980799	6.435440395022689	2.48137531020732	2.1146965806768216	3.3175550088722985	0.9692529342990476	2.317296622153288	1.9951033828336706	1.7771022703657733	2.1592655674617025	2.2751758288517383	2.598082987154401	2.518279277478562	3.086248599430127	0.8690738250757892	1.602316058572804	3.378934395025199	5.323055417936814	2.4064945533233817	1.7067094102845777	2.5174360903617377	2.5903030593066227	2.922792091538194	2.7126357830831043	3.253397820526422	2.8014409205501813	2.2736989525749705	0.684700518310572	3.6168723599823296	3.595124065432709	3.131833775268415	2.0650251286783408	2.6672707747164615	2.359350166189389	2.4519726595484337	2.278114599322933	2.534808096038316	2.6445714524047137	2.930359173262796	3.516670035485178	1.4549733531005167	3.2078394515054733	1.7862878916115605	4.289064706797008	1.7677181613245128	1.6226572606026242	1.5882059087530331	0.9692529342990476	0.8297911374245625	0.4652628134832512	2.6077873172941968	1.1397097478734475	3.7171850201275447	1.3807594884420116	2.0116433017554125	4.926372444929507	1.7280122422288102	3.455289721949011	4.107473692656031	2.2795765608008214	2.1890280998717517	2.385281453294396	1.60920286226601	5.14190754323286	2.083751335941406	1.8612348602578057
ERR1305882	2.5195003325339176	1.9414384161716096	3.0865776048331712	4.929406867168078	4.521355372358843	2.505872407347242	2.770098639346789	1.8977669146393896	2.4213923508649478	4.746195587022852	7.049450243526658	4.601214012502993	1.3311282270013085	1.4741448812256275	2.3694894164556315	1.7608846583238325	4.160108193815971	2.3410098225074107	3.312560715218277	1.9028418950213477	1.400550611904177	1.3495515842714703	6.189925897934273	0.0	4.076423064029895	4.407701245953291	2.478604568593215	2.794729009668813	3.107230281837552	4.041897927809191	1.700966085229354	2.3005500380828683	1.676178673957606	3.783938013403201	4.438794694222576	2.1830035060874478	0.7516155781956066	4.6132718584102275	3.3804303440515175	4.876394104145846	2.759701301388138	1.5129740754876644	3.016428479711057	0.45602401108377555	2.6410484383185895	1.1164538373618367	1.2250730068728617	1.7466620757042044	1.548614774262072	2.135500431158623	2.5443864825162166	3.3178318733830885	0.45602401108377555	1.3842074306681666	3.128448444685519	4.281129497254395	1.813529780996879	1.8376378086461025	2.5512425246936243	2.399443844854631	3.125738943442247	2.578698594557096	3.1506786701310667	1.9768830090296838	2.992063379939461	0.9712697433465085	4.026158028572926	3.612895172367917	2.5602187319585576	1.3842074306681666	2.8295370832233964	2.936942331228628	1.6588311516484127	1.6928597978203954	1.9550713641331954	2.9040062602303878	2.961867572885001	3.1788307616072697	0.0	2.669591025206296	1.2917569080884157	4.755035205284515	2.346493952309518	0.9258787878474054	0.8751839996348181	0.9258787878474054	0.2853039195647291	0.0	2.085482007095339	0.0	3.888397332913561	0.7516155781956066	2.3446735928577898	4.37939272395032	1.4603900383949342	3.559364003803502	4.122809101921073	1.7608846583238325	2.275616755984966	2.936942331228628	1.6407617630731122	3.0089848827914327	1.431500135621552	2.4826063696333027
ERR1305883	2.292057968945454	2.16591018812731	2.9428910338567644	5.344934135687791	4.567100171870671	2.359521891778107	2.539957536581581	1.6789934615511088	2.1924091637414156	5.788992718509338	6.387827371974982	4.389862605575445	1.707949953628366	2.007524672382313	1.5931968160799495	1.6965979698101956	3.201733932070572	2.489270660194749	2.9131960830481947	2.402330263863736	1.8293466384962132	1.3031090268751016	6.34628765626001	1.55508883385126	5.428102462803268	3.651277361045771	2.43921965598721	2.5663583448488736	3.3494499012759005	4.027455690775403	1.9241174705058384	1.242095108629625	1.7606443660593536	3.8367247568050264	5.114090032096765	2.205076000032409	1.5783524270948328	4.0886754732204045	3.810147203711684	6.83467065160878	2.3494074105220992	2.354494095577614	3.262513373354507	0.7489142936253438	2.2935152431694523	1.7940612680529309	2.075065846340729	2.197883107579939	2.236046438859665	2.7159061722747686	2.6112986171068404	3.113124330219104	0.9804698632042272	1.4572191448051697	3.474691703784273	5.363039108828683	2.3790704724402265	1.8540481434787441	2.5214210022743795	2.6049534847031204	2.875646171129292	2.6507451592850484	3.2234661682901824	2.694483541456216	2.0213552332620304	0.7971189043658831	3.467247056596968	3.570708946463302	2.907217936239785	2.206855761943586	2.5897773961843478	2.055379819783135	2.2539400023926284	2.145940819642062	2.570222072061296	2.5934391449211978	3.028465728470609	3.528535720491742	1.3565975192282589	3.353270117443557	1.775281825222668	3.92267288432198	1.5858380420220206	1.6414871746512294	1.63490868781738	1.4767331056952109	0.6946833520677413	0.0	3.1850636075658696	1.0861529843465003	3.7432116208457797	1.8619793327768714	1.8995980213896226	4.908708398908462	1.7298007331172596	3.409554782932041	4.322450424260293	2.307825196814506	2.2711254061214707	2.2225536864544972	1.666847739587589	5.111653241756201	2.173647736517924	1.6789934615511088
ERR1305884	2.1735292039606184	1.9694242194319203	2.919504874931349	4.849102240452099	4.52428054763039	2.4263453916143423	2.757438698920517	1.7730204222214159	2.146732368222318	4.8724165045049945	7.000649443799985	4.521171629481777	1.7730204222214159	2.30675565513136	1.8300958700394714	1.913281932914075	3.468809319314746	2.69384194702463	3.092821818296638	2.350381444839762	1.8376700127150265	1.764218141566749	6.378810237490603	2.098033187950174	4.8757170218190975	3.8624969476334288	2.489308039482552	2.8549190597883904	3.303411825132136	4.131726419724402	1.571544198089803	1.4617679627207472	2.2977392226916167	3.9614678884350445	4.954168124283347	2.5494214376163864	1.641763694312152	4.1969101506478275	3.499803106408976	5.054208392623906	2.266722447889405	2.23482596473485	3.204108410587505	1.184021165542182	2.248158875295849	1.746059580659327	1.6298122539396815	2.3772064725408106	2.095966896973019	2.805282926524341	2.543549340615633	3.129030968430846	0.4447551193670294	1.38380025933521	3.5834068407129216	5.383023157314018	2.309297766636245	1.48773933083162	2.5215715961111824	2.6789506547731863	2.652171091247535	2.4489758534306043	3.161384509391617	2.5262108686297835	2.1804043293165773	0.5992552982592878	3.660541800815142	3.6285727876244565	2.936278841322608	1.8487891664486389	2.7641604017071546	2.2925016646694827	1.9962939661666714	2.195486614380576	2.537596757477313	2.658455544636228	3.0133768336076305	3.4441596089148447	1.434144130234137	3.0257248294854597	1.880534220240392	4.3963176455214334	1.4792536136993708	1.4435486592588107	1.5201153911184222	1.3017938285489354	0.5992552982592878	0.20271990022171643	2.255392917176741	0.7603321233517709	3.7624615875851095	1.550244406300996	1.4046431778109019	4.748009617220277	1.7552337590832714	3.402252687153147	4.063320104918041	2.175258215671092	2.343408057885187	2.01165241518868	1.2006112770230795	4.323431505620097	2.085485352761796	1.6647229615300556
ERR1305885	2.4020740070244226	2.375494450165945	3.1833161164314645	5.758751961195742	4.859198755465254	2.8400491476877785	2.85494302818483	2.2611860819422445	2.2917826722339454	6.5811200378334	6.284372680482646	4.685886324013646	1.903523936547745	2.2261269025108437	2.2491328058327658	1.7728309433446285	3.556851013428423	2.740676634755369	3.264774758872827	2.7079460036737886	2.4105842587470048	2.054524227984017	6.573307068074269	1.8190753208094361	5.670866903544753	3.9501405599844084	2.704390280958877	2.9004378376981412	3.7097262793013894	4.333847234920853	2.0513238430378324	1.8456618023732756	1.9855539704188576	4.116026796875177	5.03188838262768	2.686905456378014	1.699948907110004	4.2360656594586175	3.6864731899609198	6.336123344770999	2.6229469002459376	2.476888220374094	3.4609478230961597	1.3041818988646277	2.6229469002459376	1.981800364129906	2.363138212737423	2.5204456162236055	2.424407598294532	2.8727485028649515	2.753618403778246	3.3888676773540003	1.3217661369015963	2.0608551027424538	3.597511833699634	5.027573935552123	2.7211983209945396	1.8755557970843575	2.8142163340579343	2.9606292454389203	3.031000406174174	2.8142163340579343	3.5093090957187463	2.9366245006398715	2.4364832432524586	0.26302521388207334	3.6036783151186214	3.8658214235517514	3.15109863567918	2.446942334217769	2.9072047849558174	2.4634187968864127	2.674080155225739	2.4035040135872747	2.919125768553814	2.756794472096825	3.1950089984242425	3.766568747506498	1.8558568192735074	3.748370980956169	2.4324952195157197	4.018023607332296	1.9966239740306981	1.502421244138168	1.7477207003697888	1.7141424954002262	0.0	0.4256714007836983	2.8483295472574155	0.26302521388207334	4.016007380701809	1.9382161275301883	2.1538500232116857	5.123849581072142	2.284333226602753	3.6597729593775754	4.422362892603707	2.4378044877878877	2.4558918696316137	2.4338286339123587	2.0214068076904663	3.4736434272610213	2.338977792056803	2.163880288514339
ERR1305886	1.9109951990406562	1.9726920817143954	2.6937785890578128	4.96727021827762	4.362195771809444	2.4512387676440675	2.474224587926633	2.061152369990077	1.7746869491339239	5.034340137060529	6.97740408195678	4.233832463428546	1.7955286705522016	1.4702649956678524	1.8344320655970152	1.8390588108378698	3.3612191694501696	2.394908347583135	2.887230562915474	2.2731008501005876	1.8614808456214507	1.1282764516230293	6.477537790940685	1.5013979180599177	4.790495617773499	3.6927934269449842	2.4909557473465247	2.3165880048187364	3.1607650880205385	3.9553908418922084	2.0296818710444753	1.3320980118691792	1.9337846865895154	4.048002912339976	4.837571555126177	2.1933659719161516	1.4702649956678524	4.194883162685434	3.4467983270766034	5.421872710851495	2.1299219025722698	2.0176480312449407	2.997894848502474	0.990271970948455	2.2451135693096202	1.4003801008639014	1.7297393929315645	2.0145867389761536	2.189275903885777	2.5467150609413394	2.408761933752977	3.0208990456781755	1.268507484096111	2.3389895218521892	3.2890170391802447	4.114301598312152	2.2014323333009598	1.699085145130577	2.360291995779096	2.57466669635824	2.5945097417471525	2.3490608375078703	3.0398569605538115	2.3752754010638646	2.0021211088095874	0.23843281992215645	3.643212008853411	3.5234289827330456	2.885166160718611	1.699085145130577	2.5040906446950566	2.1415430140737546	1.7746869491339239	2.005271220570864	2.473157175909944	2.5050847566200103	2.841672888698085	3.3165415955074757	0.990271970948455	3.1296149082690556	1.8250280239190912	4.697222379146887	1.7904112559601293	1.3320980118691792	1.6377837031598974	1.3466403292598734	0.23843281992215645	0.23843281992215645	2.197417879893113	1.021604166494404	3.6408213379431915	1.2852991092657928	1.9692956090255074	4.769928715643481	1.711607662024553	3.281605316788364	3.9087929118971405	2.090495682102418	2.1251849668996443	2.13924353587372	1.7638786068725585	3.94136554444612	1.7237791992238485	1.9447461213181085
ERR1305887	2.9484733141678383	2.9202053898907407	3.5408892063265465	5.600228870933643	5.127897472408176	3.25791123088277	3.0965369196282064	2.542457854656117	2.708122841184704	5.492396447893544	6.6900751432189915	5.037124673330713	2.411966747472736	2.542457854656117	2.540972272070998	2.251454927827479	4.035767349249267	3.1027039945966517	3.5619520443961394	2.931249869239215	2.274044266117233	2.13968553619528	6.592700505335681	1.790491021977837	5.790302409056678	4.447723503207198	3.197663194803386	3.0740172398558574	3.923945403478155	5.373375647540314	2.411966747472736	1.7274913622810522	2.1721808032908543	4.2572951750723025	5.07442638093996	2.9214465161651764	2.1756457586359894	4.819359789511036	4.051619716700785	6.09357536375843	3.0566669919269653	2.7815544915341297	3.7973778716690645	1.9834529561425083	3.0414244283824226	2.367728704867584	2.3307135574456566	3.012260969549193	2.82466658382613	3.2618908138982667	3.0031158764058987	3.523890633684334	1.022269857521255	2.503702864129937	4.298253909109781	5.4986372223578455	3.0182524365781025	2.6798807049087405	3.0957079863949706	3.139100982572724	3.324986920801048	3.167086536212574	3.7498470259123593	3.3720188738973196	2.6678265380724886	1.1108487512960479	4.260173886439936	4.055505396373532	3.565763725508124	2.545413861085118	3.129228845922443	2.8080926578630785	2.6461836280795668	2.8695062736139376	3.171638417867151	3.225920681918968	3.537752241120515	3.7498470259123593	2.1721808032908543	3.7562394116761073	2.530428424949263	4.495433950776051	2.0044273635816054	2.1205234694396373	2.328291921957179	2.3134715009480433	1.5358199019763628	0.7606545481907705	2.8805393736287477	1.6301932558222791	4.304095652275976	1.938196466268715	2.0794597088919793	5.016756631313368	2.6678265380724886	3.978311475472258	4.67105759286884	3.161061167036365	2.2712840238693386	2.635542673979138	2.1471197343499484	5.75497104019911	2.6519845200356893	2.4803874683949863
ERR1305888	2.5765414803391695	2.620001160275189	3.1788261296204987	5.024071752326777	4.751429263102684	2.620984710898677	2.600877594051812	2.6039536517012296	2.1429941543741022	5.522596860402498	6.989166828455182	4.936371122219099	1.87345137760888	2.13101765009079	2.0620717617273057	1.5889034547738403	4.01009611577833	2.643012574942843	3.3169514395031836	2.395556984809406	1.9927810000659376	1.7683033618786967	6.123008024762957	1.356765346949656	5.271766978337707	4.441973528675256	2.7755747267543254	2.990470130606235	3.3918226840767534	4.8888956863558395	1.7954309982967027	1.2989230034937296	1.8331877696889418	4.0453975769099655	4.520107432849465	2.635476770630188	1.8566504600291298	4.741248908693257	4.355880556281392	5.918925777301628	2.7127442264646993	2.137047185312242	3.5213143631114328	1.666215465889789	2.6448762705694864	1.9000845996936253	1.7083655831958942	2.3838438208986004	2.318042639452067	3.0685970787922296	2.690721342270251	3.1777370289016513	0.6794861212029547	2.7275984797580928	3.500946503697445	5.165015562592989	2.6873615905236585	2.7957450147129728	2.7389768721934167	3.069996835613511	2.9463439954219175	3.020459702495571	3.4218962628153586	2.9896301494674864	2.6504198463661024	0.8241884228548714	4.245486465071152	3.7409547776308227	3.070695025839165	2.4725153257636645	2.9331405035386435	2.4780117884265085	2.1218134227540806	2.240460184880085	3.06472432139144	2.694055301995732	3.226670910708643	3.464205312038896	0.5838197975080122	3.3305847664943435	2.1575147709983162	4.491565376801978	1.407801475462983	1.0913828202776092	2.539055363405387	1.3383274782179744	1.3190719942638764	0.4609459944471779	2.5904638082436833	0.7578362579834425	4.021768680548331	1.3383274782179744	1.8789102891149283	4.551051864088782	2.200964681987539	3.7293226604959173	4.398457167884237	2.395556984809406	2.0656153640590924	2.2035412176599625	1.391446876115577	5.048394932977959	2.233323205880135	2.4133479535138322
ERR1305889	2.7732340650147718	3.2635391234342315	3.665579742518986	5.365217271520582	5.219891525198071	3.131518422725698	2.9325761048040784	3.229730360730257	2.574377200528293	5.3271427763178965	6.930058406048662	5.209664597334325	2.252060123323243	2.630851160514277	2.4932298499106085	2.0221606792328144	4.65496722287151	3.274612702276562	3.8816642809914113	2.7609214177505024	2.3587380603777888	2.4292591432000945	6.253315431802051	1.744187622948039	4.9738703397314215	5.058359416084483	3.3747446594748784	3.4949451342101554	3.825798396327618	5.34775123407854	1.8985954008898163	1.7054238735562992	1.9811804878210308	4.413238037767821	4.702847625808863	3.1580519777273204	2.03182879801495	5.37899634523936	4.059085571669778	5.591619821321115	3.2640995598051816	2.6519920715421135	4.010790633576327	2.1103368491630548	2.8508452574087566	2.3763907694486393	2.3496351318359276	2.8017587042610375	2.5798256310326715	3.575800626150503	3.18373181370175	3.718840070853077	0.9088569398543593	3.3983988598578403	3.8891651845252593	5.730572731651536	3.0867244277593198	3.4791925838756144	3.288598735204405	3.61471661267627	3.4331476171158055	3.5622011197047594	3.9063495661386445	3.422000626412079	3.1796693004200325	1.1822399662428886	4.894853880208495	4.2562553539008885	3.378634191185868	2.9683148551873004	3.4596456825294943	2.8856718340927947	2.5126180250011894	2.701761116832084	3.646733131723213	3.160191637353233	3.7416230895486082	3.783381500637886	1.6846622521665253	3.660663373334591	2.354210445647515	5.1118369061494695	2.0412863670465686	2.0221606792328144	3.1152572534178815	1.2450894977639824	1.7252380959442117	0.0	2.9490812334838234	1.4323081908566906	4.556845378157801	1.7252380959442117	1.9591427263293366	4.7213332220266775	2.7732340650147718	4.292404005525313	4.8249555622420095	2.557609377925719	2.0412863670465686	2.5798256310326715	1.9917937226094635	3.6397147290394725	2.7662410667954354	3.014468129875969
ERR1305890	2.8145023771411783	2.882534901781098	3.541942693844691	5.628976226941027	5.033703551380286	3.0294093740245778	2.911279228701293	2.499004094181171	2.7257501646255466	5.521768268274591	6.597155203072964	4.980509167954045	2.1619642359633247	2.5007118702502087	2.3564916204889257	2.2369082410720664	4.071762137220909	2.955324496479713	3.6325510576257187	2.9178515629994983	2.4903630052167194	2.361217281746671	6.637617264385691	2.2209754078347506	4.8693560410481185	4.531030148009017	3.0349239521022895	3.059614550955496	3.7743690668973606	4.886004675517703	2.190734919645858	2.0573685729010336	2.1801680033788076	4.130526788042024	4.519269014128478	2.965963642305694	2.4938400995154595	4.789082035652508	3.8726419694930887	6.474116883840416	3.031422786280041	2.5911639621130576	3.6763185532499913	2.0713335639442096	2.8386448043728683	2.492105032191696	2.0620736414429133	3.9096710061140523	2.7800714652741036	4.40402441965235	2.921747745802496	3.4402322573970223	1.3199289889311603	2.3658920749741053	3.7553518083085167	5.670598253826045	3.010329003994648	2.410064738592746	3.1110386725836774	3.226381486375949	3.4104341890481638	3.113539884891019	3.7092760467668056	3.3436553814270966	2.891636940286347	0.6747959239541303	4.30503218099605	4.018825749394055	3.5371107495630905	2.616693989450514	3.1871569113746854	2.741696519685959	2.5366779305287066	2.721670379333179	3.1696152936837	2.931969850971807	3.2850619107449526	3.603142909953856	2.2044357172057065	3.5862592788609264	2.4833241693851793	4.655436855296718	2.1190087783200684	2.1429639354945342	2.5939231095947646	1.2932840610468295	1.234523753275571	0.7761478942047978	2.6282825775602707	0.6747959239541303	4.20930942804274	2.1506640907104018	2.361217281746671	4.771013795785407	2.5444527098402303	4.013049159870789	4.590004870460895	2.6140762077639987	2.6345895265943255	2.7028216715984055	2.3061711262903684	4.234031486585006	2.472547276398894	2.5287614253678155
ERR1305891	3.2285516125084515	3.2251320583179934	4.037637767126168	5.884598954599813	5.504819934490041	3.388697297520006	3.223658252391001	2.5463379552254293	3.1120501329756025	5.435829478247248	6.637506731823817	5.381615917183494	2.8214112169493615	3.0911956331551598	2.8126253063410562	2.045288695329425	4.248812643179607	3.1307316141340173	4.024293930243967	3.4963414699070134	2.794501580379825	2.7396196388811207	6.737798769340596	2.258057666372683	5.386023117548245	4.783724622824533	3.262244627524105	3.4303796854655597	4.281154775149906	5.278457562436986	2.3553972593253905	2.0669980578136293	2.7783412898788433	4.352546427286122	4.814634045150833	3.148642530768401	2.623357379637196	4.940645698640011	3.896660735282958	5.595670779697812	3.497914501463474	3.087844720110295	4.185208531747556	2.5578873430646714	3.082428893222869	2.683664492168798	2.517297942749405	3.58296472712095	3.1925521042040343	5.037163635886651	3.1075730107291855	3.870720354411537	1.5685726224964773	2.333030462036041	4.055322646275479	5.017554073116732	3.4873183736183218	2.609412693125546	3.634248059957354	3.3812299196191	3.9432790873839787	3.6025268002912507	4.185423541598432	3.93100045828556	3.0885169742994245	2.386925530554283	4.410686804363664	4.38151241835241	4.093609255626075	2.8902129701761248	3.656787001138305	2.9842443817759294	3.069288979687052	3.3996630050830126	3.554972252820793	3.5095340615661503	3.660582314702525	3.9630918497106875	2.733577757443664	4.109577697858963	2.713340133500818	4.8793330171372755	2.483479037419622	2.4807651513816094	3.052101908926856	1.5685726224964773	2.132402017579625	0.6805894251357458	3.0091378325707936	0.6805894251357458	4.478466720203032	1.9899676068971128	2.688753395884108	5.083876080903065	3.212694756651337	4.401472308802729	5.008635898199356	2.5046003973647086	2.569137532400115	3.0091378325707936	2.383533311551401	4.02351444093348	2.9058357351017112	2.826353070965517
ERR1305892	3.0139331789851993	3.1094527223238457	3.685325844666564	5.355831995724747	5.193103493065492	2.7381561378151527	2.976228443710843	2.76743490664378	2.7521266312642143	5.211657056736709	6.700780324471245	5.09405062612087	2.3921276675196284	2.6064890374043785	2.737208596526353	1.962075170577967	4.3910552641529295	3.1577854316520937	3.836604885193779	3.429033525596265	2.4225332077705932	2.113278838042433	6.019081114403193	1.6767992769295632	5.308675964049883	4.892106162932023	3.3424546389474714	3.333175193431324	3.9056609651968333	5.3387262284363874	1.8747221035157786	1.4537752327181657	2.881887367433669	4.116340064133313	4.457012123012809	2.9975782294549247	1.86775524055684	5.1116170581891875	3.8468208243128053	6.516172463138835	3.183651456166974	2.769200913490486	3.9292103506667218	2.0050892730058147	3.008380359513774	2.1550926542256836	2.4653759976549185	3.4376267448053013	2.6943753418528957	2.982205028958056	3.050472725218352	3.593934805724476	0.5295853752114947	2.6985428821667443	3.9137587857902196	6.345521387337015	3.023850837426378	2.6326039145331848	2.8959339381181137	3.3820278928200964	3.5288713817366526	3.359081809253461	3.9584990435738554	3.368716570481171	3.4276813876386902	1.6657587477537699	4.601798202831232	4.06625029183864	3.398475307630808	2.7475195542540503	3.365603077591839	2.887963040002919	2.639785694480714	2.872264067318603	3.3529209778273725	3.1310474853511985	3.4338285120060625	3.5325339681192807	2.657237132669524	3.6673201263758504	2.6985428821667443	4.950193684834873	2.6445084057809916	2.263561325500751	1.7470992752667631	1.5364689714630406	1.973234644886461	0.0	2.9891638372114873	0.5295853752114947	4.482078915632633	1.85347699270531	2.404546477383776	4.653997718800261	2.5745841216254073	4.205342495444461	4.760927240943171	2.6468506411913713	2.9657074777110273	2.859569412376495	2.3728070986165526	3.7242545526511908	2.6421534697070443	2.7923647271867384
ERR1305893	2.9152857207589298	3.246578585978919	3.668563355051112	5.922528013344165	5.191229862473058	2.8952112473162788	3.0592856021740533	2.5962510187622696	2.9849510911324466	5.514113412207199	6.17885156376916	5.056644258920736	1.9759072612132393	2.631161482244667	2.68498828461445	2.3607877843261087	4.008526793960474	3.132980011213763	3.6117920655564633	3.7667352443608233	2.265000608742075	2.2584562818288005	6.784583991817717	2.1546728250043183	5.580606716348786	4.471296960213268	3.155284431415788	3.2090895284475476	3.932205251714783	5.556591480339152	2.480665608722837	1.8083461918794876	2.474695187379096	4.210618366049773	5.140377319728556	2.852043941250931	1.9292546636518935	4.826398923893243	4.103029964830605	5.382415799730501	3.0660131559107113	2.916011690949025	3.940853753487719	1.5970654716898602	2.796533467225825	2.2518118285925715	2.6297615537985144	3.12453585279463	2.666060488665663	3.2275309690441523	3.1668363043980086	3.701162527666699	1.1692399934174929	2.3421601226760265	4.081571147630403	6.4201611085215315	2.948831821707371	2.6226934116850127	2.960772370145636	3.2268223369154807	3.603381037899933	3.191756537113625	3.854429512473282	3.425178274919775	2.9555059474745504	1.6262958807661214	4.255282272620827	4.123793018885596	3.50478130204836	2.6569370442146467	3.3142157380103274	2.580833933846677	2.808775180279034	2.9365536744391387	3.2257572159976795	3.148967165236738	3.4419201853998502	3.8917321168454	2.376142126717517	3.8449654082702485	2.4146160463796145	4.505331818109221	2.4392188560542816	1.1692399934174929	1.8265481693921408	1.7154293863675238	1.2763420497776192	0.896670106562012	3.1316575899288086	0.5743837120018734	4.528882958675062	1.8848447546414462	2.541433961801733	5.137106779883019	2.800337032710775	4.105850152264792	4.730868084389397	3.0701019793708957	2.8749617114325416	2.744870455973251	1.6536823759428299	3.7123192929725684	2.9295794435852827	2.3023216734511327
ERR1305894	3.3070291779783427	3.1759006331454005	3.810598357477445	5.6451264978398505	5.3951397108980155	3.361162100455899	3.2079417482857084	2.851010490110087	3.1406846594597644	5.452841511703605	6.411968573540874	5.263597101332009	2.7173042317467204	2.990685885175784	2.7656080048075404	2.434834201898616	4.149208747440398	3.176473577144276	3.850701832743032	3.5258141327627177	2.538323435772363	2.45639855136228	6.770020729265472	1.8216275414924417	5.223754466014372	4.670520658529188	3.3737030540912354	3.4911695217434584	4.176155856931236	5.007203474020086	2.3279445734974433	2.4020429828672416	2.5020041755254634	4.33276472937036	4.65195704174791	3.1400624656129135	2.4284710425320264	4.8705752804793105	4.035889947026224	6.148353756553583	3.3212080064488894	3.0293148969804995	4.103068390037948	2.3882003321295353	3.0684735856601932	2.892567760025267	2.5256980906161313	4.256629121033509	3.0550523793448208	3.9131485775017203	3.0706706762913005	3.7803169275798822	1.9350564212615773	2.528252692885719	4.118323540707745	5.229777010147667	3.3277235319976524	2.592093590042332	3.3329463525508793	3.4218352788284165	3.7333937578188072	3.560979868751249	4.092916221169908	3.720825674720385	2.98980675554708	1.9732563814099704	4.3374140948553075	5.464745771073488	3.8317464691274	2.9171769154116434	3.473041848111066	3.0573182481475407	3.063303398139466	2.948282507286756	3.479643917476127	3.352086437018429	3.644723494765196	3.965413680399551	2.45639855136228	3.962799412195236	2.8286387809709184	4.626715738975821	2.62795287599511	2.422013263909875	2.6156319432186907	2.1385324550160894	1.7359302052561094	1.0372900889854761	3.096891948582742	1.2744774107188375	4.457598528065035	2.2531886535639307	2.662947717672142	5.083156452661176	2.7413483478725653	4.286120763262922	4.9174575024417875	2.980916172064381	2.6093378690046416	3.1248559696608353	2.553004778451329	5.92982132789941	2.9243980405436756	2.7685473514091514
ERR1305895	3.1921916021587626	3.1935984621934894	3.8607776650304886	5.624506319228625	5.35596134930494	3.2920420080600707	3.2221362256301793	2.9460638371830647	3.059766283874353	5.443631291088321	6.457431630855339	5.273735794623595	2.6998646656417806	2.9923513394077377	2.6537168601952663	2.389383916402512	4.271586766015275	3.141953703263359	3.8721139711210335	3.4042367715541384	2.602075950325782	2.4478998083582777	6.680172522006564	1.7258446549892643	5.101866571623505	4.777221767613261	3.4039484133849243	3.5964933838781588	4.116918265444294	4.915847662673835	2.342163650103225	2.409777901081141	2.537133363583512	4.3544327660700715	4.63041709392256	3.1605339054559205	2.5350054449317487	4.987021734536748	4.038056357883639	6.212011175425126	3.3420486819570097	2.9772068812017496	4.050079403605663	2.3388253197915327	3.0321449046006417	2.9997300241397022	2.5392509068586824	4.219085293534593	2.990860438588515	3.9379291918003356	3.0741794665231748	3.782855865600793	1.8013586592606174	2.707100808026673	4.146968645293752	5.458088692018312	3.2829906886002145	2.7622860733774086	3.347667084726608	3.478995054736854	3.7580506758115724	3.5267477655372423	4.074219796091035	3.6381284854938976	3.137181735896351	2.0227729980629667	4.48549015129226	5.507602568289127	3.7487622392003277	2.9196103880743274	3.4684325034028918	3.007704355069561	2.9385483723720314	2.8552360076686933	4.8452147865548465	3.341715913194425	3.6439768837395805	3.8911262964597695	2.3648399283691286	3.843408067604033	2.6537168601952663	4.766001363393026	2.723990933119393	2.38034168809926	2.7455354674028314	1.789649994260423	1.599041444183258	1.045387059907813	3.6568950237475097	1.6170690654341704	4.443555847630963	2.253973157912766	2.561886896449161	4.94833615512331	2.868303198313983	4.272953935556212	4.877291603539552	2.9833281819908697	2.742900128997568	3.2028628339332412	2.4504989194819284	6.119085383647309	2.8613159100320456	2.844909779039357
ERR1305896	3.2518849359377118	3.3075657271622423	3.9334018853435144	5.705439573176382	5.460370780020982	3.356491702973239	3.4120870444017455	2.959048402616082	3.233295740780443	5.529267744027234	6.59172241685583	5.350413225100152	2.7566817860948407	3.0437174497636557	2.5612990081036435	2.54797231288134	4.231667747554094	3.3042575365948093	3.932062659064647	3.4956591836676667	2.6269485544988393	2.589253189437807	6.652487995015537	2.2026852428755412	5.369972310080731	4.783725860272602	3.499004712861181	3.465967480915622	4.263080954314924	4.993660850917229	2.4198227757427024	2.5792949731004318	2.6131933417899083	4.472389807681832	4.716919171551309	3.1935452981996484	2.7325915616777414	5.016447398292097	4.223803112093522	5.595149747647384	3.5263046670438047	3.072962422240592	4.219672654791732	2.50235143819919	3.137425500746235	3.2645435680074546	2.7378674336415503	5.139364804352277	2.9724933861873652	4.197864582375846	3.2497388217210754	3.9306071550661064	1.7812318271679832	2.6131933417899083	4.422938976732296	5.892405450418323	3.367703093166107	2.88101150034222	3.51768431915042	3.586267560392296	3.9859209373384408	3.6336463780394594	4.226591820004805	3.755157721640243	3.1578360950357895	1.8538936056781254	4.454503247038835	5.907148976014573	3.8777192192565884	3.003916936139241	3.537261254004833	3.104889931966491	3.2873276871857713	2.9663396873017454	5.318826135975724	3.505619434458722	3.8192285135955735	4.119282403332254	2.4580793751578844	3.959983406744416	2.693748853123864	4.73814737985304	2.847029639667536	2.253535068474941	2.522902566876246	2.214510856627645	1.970542923738196	2.0455193626365693	3.3264519861205253	1.6534062797579636	4.57392358020364	2.4547374580561288	2.6657787318554997	5.0692132217285	3.1785993789024563	4.418257373619371	4.977565961914194	3.2873276871857713	2.9353019598465626	3.464657839720928	2.667837448917622	4.594877938592219	2.9704518261759745	2.840178440040158
ERR1305897	2.9500629033327077	2.648925038427818	3.5562013104079635	5.324343413319866	5.100880172556038	3.050077735484445	3.025276915638621	2.8881272252420485	2.700498144087751	5.719438602940475	6.782708950402394	4.974255969671279	2.1968269713999535	2.733073888807293	2.2261561970241943	2.493079269212963	4.135282648443547	2.7624601297208993	3.6669535123952173	3.3027018159285504	2.3651869982654308	1.9666245143931282	6.62372118094665	1.652916943567025	4.906522213366583	4.625997014495111	3.3511505640450054	3.25292815877944	3.830029748093876	4.699205911872708	1.9779321445643736	1.708218948579899	2.7891222130337514	4.180298245630055	4.788794040856899	2.8597698180692763	1.9834774370254475	4.949264438089665	3.7977111858576107	6.08564139977933	2.9410438222973854	2.815054511510322	3.7870165159195883	1.640958329786272	3.0966465670895844	2.4128122895841173	2.103123687562715	3.007919543291575	2.867754481521106	3.9505762203022545	2.9805091057961	3.6909463056455687	1.9834774370254475	2.9386067617087255	3.6421622990734233	5.150926895295289	3.0453251648548365	2.753196188212216	3.0979185191797947	3.073090421664153	3.4635742200832897	3.128169005639797	3.794743128845997	3.244552028891034	3.038097347193635	1.4256777818957977	4.461519604953983	4.026308167650335	3.518986054239054	2.6453389563908023	3.234158924871473	2.827067432995124	2.644136985119436	2.827067432995124	3.101292290848491	3.15976608655119	3.3746090388471415	3.653381860838597	1.697707602845581	3.6280299369286686	2.4003328251251794	4.747863337696631	2.3918094008849504	1.9181976761670072	1.8563636875834044	1.405302567217171	0.3466212527350244	0.6687692850620399	2.6560095730377573	0.0	4.31552584617836	1.5756629268313886	2.4189200738783376	4.925097480347392	2.3244387490175122	4.019515352784516	4.67469146140878	2.8720486601612647	2.3193834290147497	2.5890274029484504	2.3244387490175122	4.685931674634701	2.4249431501004453	2.587658763877283
ERR1305898	2.6739500181558653	2.8271375546096524	3.6289684293712905	5.249380368498925	5.076766546645077	2.8331466898158166	3.297727971714834	3.172862163831376	2.288683542487043	5.291896278043363	6.8549630293342645	4.936160348992895	1.8228511854501335	2.9275347468474733	2.2127246170484427	2.899433516333763	4.473660484780602	2.9701885868792344	3.8726897993938265	3.1906884353213893	2.1307463446401784	2.409560463118228	6.624902531723103	1.4142060430857837	4.998064815146734	4.933784382302972	3.652209534121905	3.3773275547417296	3.684473510967455	4.51785245687285	2.1307463446401784	1.650012863350757	3.1599335957319816	4.399055205057605	4.73964659472412	3.0246622079925842	2.016764660205215	5.29979963623219	3.9516796866349275	5.475989783095789	2.668171689413962	2.4301663891569016	3.69444295727677	1.4142060430857837	3.324846273461724	2.2672574476005716	1.9898819107040377	3.3157754737874368	2.365161136576307	3.6716809979816403	3.3024794469750627	3.84124937812627	1.2200116716720546	3.2880661655904646	3.993920536126455	4.789164126252175	3.071911973016862	3.071911973016862	3.22830808859879	3.2666088249848584	3.4541994721811977	3.1436989174755534	3.7861574984562054	2.863862445884291	3.323561986673043	0.8596501409493844	4.817661300496819	4.196768572199573	3.125820946983152	2.7452534852479866	3.413297803163791	3.0832424135986845	2.315700367993196	2.353313948168449	3.172862163831376	3.4195294125132247	3.6473547279199643	3.6513033821800303	1.732614641485467	3.551078961986869	2.1870802468164583	5.0999097489472	2.5989506338907824	1.5479210024072347	1.946154270832622	1.4142060430857837	1.2948095162739068	0.8596501409493844	2.353313948168449	1.1295949064976585	4.531849700791461	1.8617915030041547	2.236938788238794	4.806320786071708	2.236938788238794	4.190086747313947	4.69695753123363	3.2584677009576555	2.4301663891569016	2.3349142376989738	1.8800260768435078	3.937834353625681	2.3024020060312185	2.8127841902425543
ERR1305899	2.8890204182646833	2.807523293549451	3.451479179891756	5.301901665109368	5.090974662920438	3.163957384141906	3.008974263771612	2.320350923891937	2.8486733101185693	5.1445272306447025	6.8081354078558265	4.910147070294132	2.1933814260959297	2.6499623868508357	2.227508878645954	1.8245617311924591	3.6577034039681613	2.891216550319824	3.4707907662216	2.7737019281935598	2.410265463071657	2.2300262612616732	6.362905036163515	1.3145399453162183	4.902045108134376	4.173234012031469	2.902033656014091	3.151806577276931	3.9274413058225104	5.297106020785073	2.212090230633208	2.0489093644860983	2.2399523609868184	4.007000095894762	4.687082083060986	2.7912865689500963	2.440668390480275	4.3937645931128975	3.7471994173071845	6.464054750620883	2.968291672319756	2.872185598836526	3.7433676203913064	1.78445609233656	2.7409104703187195	2.534781852096546	2.217290840456645	3.7744787228161254	2.9068148183080114	4.5581350353500465	2.752369714532415	3.43629314783971	1.6642041590420407	1.872853809892838	3.921097437101909	4.582697141830192	2.994107258880464	2.32440942480258	3.0068813120869486	2.9068148183080114	3.3926469683833447	3.1881144632979295	3.745057777648208	3.3406309336475357	2.513095703401763	1.2228607111717333	3.838951351407206	3.959201064946101	4.345984241354319	2.645163702795772	3.202791471344068	2.6068500738430473	2.778697821756224	2.6100008116645643	4.61988259097969	2.9632176430972605	3.318272797032546	3.8130546484031815	2.32440942480258	3.590835032914963	2.3916392550931582	4.562044079869577	2.263818241434142	2.099206672055039	2.074785752181782	1.5832064289682417	0.7714392784968128	0.9927465621912789	2.754625721595899	1.3347257227614802	4.121333535984054	1.9462660653341963	2.4452801045567254	4.852893755675656	2.498463492473953	3.907017187132141	4.6501450683085235	2.920850376004247	2.3343927850760906	2.869315239947359	2.206826588742953	5.552786262240669	2.5104717082033936	2.428125566675667
ERR1305900	2.9832340729301325	2.8462285060394645	3.497253536117746	5.421768283866942	5.125884729004803	3.2096630637244403	3.142918719989621	2.3308032084672288	2.8245596760438	5.6542024385054335	6.808974155248539	4.983664241718521	2.306239300583866	2.6664220383520134	2.1460878232400136	1.8961872064315295	3.6611366677938335	3.012031409905872	3.493000282249127	2.857736545790607	2.528745631456399	2.163984795616325	6.57990778948934	1.6822737208782823	4.926192389834713	4.206760687284655	3.067099766624225	3.08217573065114	3.983996828313857	4.8423772699294005	2.490798620357215	2.0388695220411455	2.4132167858083373	4.312111745575419	4.778090260922105	2.9041430951483247	2.388840230650086	4.494220955364127	4.043427018396881	6.096903794174388	3.0348088317683577	2.849134230407866	3.7535847544783363	1.7773747079849975	2.770799102223914	2.766441732939869	2.3971187095953255	3.6954619592090445	2.9454865453965677	4.664542838261262	2.9614289022461544	3.5736353441446895	1.4835360383524276	2.029412442642783	4.069388647725947	5.090561064904613	3.0731930958620644	2.4287394181272304	3.2080819107851455	3.0496603491914653	3.5168286306516374	3.1965244316852237	3.8218974939242454	3.3878694227890653	2.514901129319689	1.6255693372610085	3.8855296161854342	4.084891865837903	4.543802661912831	2.7458147661413754	3.2121809954599843	2.857736545790607	2.833657578580591	2.800944439704398	4.331946826464263	3.110049665318787	3.472639123223231	3.951268202687975	2.3260003186741387	3.652569643515548	2.589407463018022	4.481377590984751	2.1460878232400136	2.187862699256303	2.1274215116509825	1.848149189760882	0.5257847459678592	0.8381739152551972	2.9041430951483247	1.3463806064696286	4.207871468305576	2.014829113589522	2.3284084029691146	4.997089063458061	2.5302570162886466	3.9977356037787115	4.662043844452859	2.9983851314190093	2.683716171015419	2.936106790796145	2.091656584074874	4.799176881466046	2.5814348515987136	2.4635236634682687
ERR1305901	2.967171275023767	2.84081794501414	3.5598391224327397	5.754977615996096	5.193316496033704	3.2586883620513634	3.118245787777284	2.425210155693431	2.9746352025810805	5.358647552358745	6.790077756810774	5.030677111019335	2.46585793402438	2.68860392678544	2.3857789421819984	2.1663110867073665	3.8288233600815107	3.1115487237109276	3.605007270898635	2.986046698549837	2.594143431425151	2.342406837286318	6.650007191333523	1.80812094018181	5.333617603430356	4.289952387513737	3.0369991727583017	3.1192414992994335	3.9988770179186495	4.6725978215285116	2.5485087800559874	2.33237628591216	2.5002760139033886	4.435021044391638	5.129575317022928	2.940989218002909	2.317932547149177	4.649149172995757	4.021212467550945	5.328899187364859	3.0840370111285518	2.877030345755394	3.7439890961745363	2.084740817214033	2.7009377751989256	2.9657573943933206	2.4016375891687667	4.082958589008117	2.8946202203548435	4.729618639805021	3.0369991727583017	3.6477863789761282	1.8884368812506078	2.302991864724334	4.304150961064731	5.3558225573838065	3.061154606370258	2.342406837286318	3.2098740168800273	3.177772025833887	3.6387599403749857	3.298196998055103	3.891329188438047	3.316469979745109	2.7822857550661455	1.7727903727268854	4.0332587711805346	4.172115895039415	3.6357425942578425	2.7423308180395765	3.2447603900528317	2.825442980705341	2.9006944030515234	2.8215126602239224	4.539110445493913	3.1903363564721303	3.539664329341647	3.9941714348601525	2.2087853623541593	3.663689334362646	2.709538024108058	4.541787676655685	2.252380655632167	2.1894796517401005	2.276119090467977	2.0988659801856517	1.3029033280604332	0.30201696728727173	2.883353777048817	1.9364472811534765	4.2923401601642714	2.273802791782102	2.3655751689874482	5.078845052861753	2.60942187116724	4.036960740144925	4.710757866628979	3.3173112302445915	2.6930491908665726	3.030947570299773	2.2194437267592173	5.347580647017361	2.692163770595325	2.5016525624957504
ERR1305902	1.970909606999548	1.7162270191635642	2.66139512238552	4.5388715183513	4.377409166543135	2.2412146253789813	2.485777148099839	1.7390218756268374	1.9440568584884907	5.842152534889838	6.724911451212709	4.361178108113131	1.0450572706402372	1.773174271064673	1.2509568829874567	1.4712540160435026	3.1461377081809645	2.1732846591098838	2.7581156769739317	3.1853620512319676	1.3998736832547176	1.6283307978891144	5.539615140051356	0.973636193501865	4.319542353332582	3.640672312055746	2.5289181111713717	2.2773951171763342	2.8866751009811944	4.0939302112304325	1.2227307824947093	1.2901285875705653	1.2509568829874567	3.7047226545869694	4.129181260649795	1.5668730081011017	1.160096642422483	4.100896574746114	3.6031104658427116	6.591198747075124	1.8816034494720983	2.0130630712764583	2.8190841598653087	1.6970885038454928	2.700474751253739	1.3024381677124968	1.6970885038454928	1.5253372872999995	1.7390218756268374	2.921296545970944	2.115708808138611	2.88286487247639	0.6399249094353121	1.9094755459968875	3.290184230123384	6.394390488919759	2.0360733638455133	1.5029780609428793	2.0154197436726258	2.3484034743276716	2.644059681146931	2.1940237184618607	2.8869911162283706	2.249519228116581	1.8973082223862643	0.6399249094353121	3.4800057255021755	3.129652171496848	2.4046473181824894	1.546601515677167	2.238410756464813	1.868617476196098	1.3374024655883678	1.988765076177842	2.1119613679017757	2.1062788711988425	2.3440142229960754	2.8838205681105333	0.0	2.5458743139052524	1.5253372872999995	3.772740746289404	1.921311255738051	1.326057615363384	1.6047807293840273	1.4544784210369415	2.378964339455067	0.0	2.391007010200569	0.0	4.082522082462428	1.546601515677167	1.5734252198237337	4.110367279531404	1.7892934296635383	3.0760715039924853	3.9908205683509617	1.5253372872999995	1.884790165564138	1.6921691278502153	1.4794049113985916	5.605488019582754	1.8719005534809456	1.8719005534809456
ERR1305903	2.535842938954995	2.322377878573934	3.191084232432598	5.06113281736711	4.788596142016157	2.667909710521511	2.7351749887331613	2.6176636701475013	2.256941194327184	5.449791517202942	6.969899896148149	5.061959186095502	1.6751907895380966	2.3200352084369644	1.6854377221919223	2.397299815542033	3.939561723834818	2.6462923664306826	3.4707525216181843	3.050469967625997	2.048263627454124	1.8652771566723738	6.0119809546711585	1.1632130230640272	5.1345744122836114	4.381694622571769	3.2417488036824804	2.9304389118685084	3.397503543344074	4.284753450327324	1.8849067165517208	1.6539417843905388	1.9716090180767158	4.0789264286753015	4.363484841724235	2.583186044840612	1.4985021000111758	4.739849558036361	3.5973117256074687	5.698439115171937	2.4794578096982987	2.495433082409255	3.478486285834727	1.8304508137180568	2.9181696400568975	1.714803147931571	1.9157711213432023	3.039406062035262	2.2958860710533084	2.741451226166692	2.7138901676105935	3.3393398806239074	0.8910279259755809	2.5806153716705102	3.514765192547099	5.8426334458712486	2.6362020744763757	2.7062352616122327	2.5594831035272283	3.0569754975304035	3.0116427610468253	2.8726020531203007	3.4230701707613074	2.7204792867304763	2.7789515144910544	0.5132560462630772	4.248919703908001	3.7711274948080526	2.919353190187348	2.331624199464161	2.9000180783293237	2.3451347324920864	2.048263627454124	2.3247079796555448	2.8398035954309946	2.793405648964737	3.223948356121577	3.3682400094532525	0.8910279259755809	3.258036222317743	2.1019051560301105	4.598365346836514	1.8652771566723738	1.7846005200429282	2.117160535992666	2.1926504283664348	0.5132560462630772	0.6425073450590876	2.5213110878987783	1.3516560612365716	4.054429846918235	1.5957706699144405	1.9036872804843787	4.45721267087943	2.0820500228465195	3.669282109242694	4.482884320993717	2.0820500228465195	2.3873560518344084	2.2908908194493813	1.7597223369855999	5.878458011584085	2.183097050172168	2.3913609196155803
ERR1305904	2.107617768280349	2.294963913732277	3.1889881846366834	4.870698303092352	4.688782499041964	2.6824400801376145	2.656263731326952	2.6885551518626554	2.042197243164947	4.936587194445386	6.922475933418039	4.754627692048659	1.6567124250361847	2.4025726325810446	1.5954082627425992	2.4970793572276158	4.01792805147278	2.788464764328392	3.4742484457623695	2.8934793046523826	1.8404353416472081	1.6648042808756927	6.550107193340582	1.3959964304623935	4.581706696688084	4.445698012777468	3.314695229188002	2.9716988738975574	3.2683223827468515	4.28456333165974	1.7383748378073487	1.545631675277441	1.7175819821820726	4.075327749727529	4.773545166470917	2.4947137334028917	1.604713841984883	4.831172496518813	3.5590260549799586	5.102506760740821	2.166991284093889	2.132895457362288	3.4107724635070107	1.3488673395014448	2.9506316021681824	1.7893979144958607	1.6957433411783733	2.533275287145411	2.210175305304668	2.888239156180458	2.759154580733154	3.378058064330409	0.8934981200592368	2.820986498742754	3.602124634710865	5.790971032638164	2.636183831149989	2.7042091899376426	2.539738568869152	3.180268928772587	2.9019200108553043	2.916532228946467	3.3283029886193676	2.540806492340978	2.854879506683935	0.8934981200592368	4.322090167673345	3.7943020653474573	2.871132428251755	2.4141478633041005	3.0113562200047546	2.4458047468807806	1.8908905072112716	2.1695064307162117	2.96452142373193	2.855396725874188	3.187547077755498	3.326559652372782	1.512774724607602	3.1202862982316684	1.6227473806736818	4.591573050237166	1.7175819821820726	1.534953196322819	2.3846099256982236	2.4295762516726604	0.7214627198163052	0.26791198527106097	2.275758838624241	0.5513851010467083	4.068166387686694	1.7893979144958607	1.3488673395014448	4.593816239875222	1.807085250663484	3.6169646586376705	4.283252902940063	2.0929116753647055	2.4281961012818227	1.8663952309216782	0.9384398736667693	3.2528695723019867	1.7893979144958607	2.491140960143347
ERR1305905	2.6275587059691934	2.4815763884140147	3.1706116322544795	4.976358169209823	4.724212716885109	2.743240710957264	2.522922714018116	2.009141398081717	2.485252568942217	5.024718330970593	6.718636183563179	4.662529955138766	1.8828790208375137	2.045889559673091	1.8641650044002187	1.4861416601191546	3.4993019617071077	2.583158512820716	3.1178639132487587	2.5304099823389774	1.944267959603023	1.944267959603023	6.144978409956984	1.7204055835980119	4.834346076970897	3.941885741791543	2.5489774911288463	2.639911255259474	3.49511750519333	4.263516713016829	1.9043207531546082	1.359838451943153	1.840588814053823	3.7043661222983673	4.391083420045824	2.361091789272251	2.08898295469512	4.214819068838527	4.272003086104391	6.772663056375068	2.66603078961814	2.3950518268767804	3.4406709987363153	1.6814305162454226	2.40507310288948	2.392793121183895	1.8324368282807302	4.837964502909966	2.4265478418739765	2.5426088682851975	2.423393547511528	3.10706835001223	0.7890853636862	2.1090254766938443	3.4481112550336466	4.387430464644025	2.55134185144468	2.162215948740134	2.684927626978128	2.684927626978128	3.0484060585761434	2.8405999172023835	3.4713060349155827	2.9767440639574807	2.1602861981448203	0.8323236767945317	3.668259897827027	3.6262395814430253	3.116368593095361	2.1323287060414717	2.7973276794840527	2.2412198548252964	2.3561921020551724	2.4960980116670357	2.715600944848025	2.6648219850782002	2.9892526352746236	3.367022840127761	1.8792001739036772	3.3442057585161535	2.006393602698417	4.443823803854482	1.8937321996369236	1.264612447998191	1.971987973191073	1.053307292502667	0.9409877290498557	0.35950242812250827	2.565263915904133	1.0278319078203555	3.7790152776815162	1.9689939110338006	2.07508823638708	4.551069050587211	2.4296793915939108	3.61552489804605	4.3749052432126385	1.94107583570888	2.0655718099714084	2.4265478418739765	1.6188813714764096	4.991401652236901	2.299702619242175	2.288331236762859
ERR1305906	2.681889541468653	2.966887170786888	3.5105216818334224	5.239048066224633	5.030260787444746	2.89013784766678	2.930205717883798	2.8254730078395656	2.7176037397639137	5.745510543974055	6.711815596463263	4.996844031841636	2.0851657646285853	2.6159783681195594	2.1834607456306285	2.1155911349191223	4.363077054198178	2.9824675867798334	3.6401845764290583	2.9102409787328347	2.234762379526249	2.664253800000673	6.7773166990991305	2.245787579974801	5.027834009993284	4.728829335084987	3.2457454455903765	3.1770822778097387	3.6455657335400926	4.520233340270762	2.2772771615216487	1.6685468100457057	2.6724824485001504	4.249067324778091	4.71660738334423	2.7039212826940746	1.9982251428889115	5.077252349553344	3.8715471101173535	5.491711677977362	3.015759248833157	2.6572754525810316	3.656414097987185	2.010873014565697	2.675191045704471	2.5668865061544173	2.1300401244523894	3.9635558244652067	2.4702707256784726	3.1745242855730105	3.027913586183427	3.564085427833531	1.106265641484755	2.9716884822856184	3.943718590136548	4.874636173540873	2.855902129811694	2.8958611577452045	3.188824313311806	3.480934203324603	3.2819378877163414	3.3202637041947156	3.6857125493177283	3.069051248661135	2.906294108502982	1.4391343801850351	4.569920228665348	4.134316623781784	3.243927062793179	2.6281836154452263	3.392476585091601	2.9241598931102417	2.4365316851114667	2.6341599740787833	3.1817331539653004	3.2450190058400223	3.440694615771446	3.7007358043585548	1.640225133951135	3.53506376054123	2.0351146361893524	5.082738067607982	2.0955461997102125	1.6685468100457057	2.543759417913934	1.2708720007506245	1.4391343801850351	1.053104316784702	2.873357254427062	1.106265641484755	4.336078790327637	2.1155911349191223	2.0955461997102125	4.881398203415063	2.501576573313321	4.044947620891144	4.639992591038399	2.5651505727808956	2.459313049084077	2.454851375907221	1.978534675287463	4.741945657217629	2.4050085214441985	2.8585655434464465
ERR1305907	2.7972076944132693	2.969707535535784	3.59089433988909	5.096642139401456	5.006579435371995	2.658913850527928	2.9849547098423783	2.5388652165479235	2.3881204745917612	5.263771918485692	6.847228169953894	5.202540534494949	2.0457704643429975	2.540680906031202	2.2568629349128244	2.3184577667427355	4.262148160254368	2.9670003357423913	3.636802070686712	3.4648075744252638	2.3643088849833998	2.1464130629555065	6.172103792097279	1.1000599712623536	4.995385786835236	4.740844985560574	3.2011146034873503	2.83191650893128	3.714997390929219	5.442699504067157	2.535210904670093	1.6187640854007708	2.6959323180690196	4.245738805951154	4.644756126135149	2.811037060246249	1.8827604180827584	5.003906183274173	3.946338421723232	6.486245458769137	2.885052575036564	2.7472692383704542	3.6608125730192755	2.150881603540197	2.7047140947797885	2.653358186592641	2.220556920748212	4.213019687801473	2.51646337295405	3.4231707797581317	3.0108738205037917	3.515847633360848	0.5908137761639747	2.333312963994603	3.9183272137373284	5.30627582486361	2.7009721987153	2.290366613473514	3.0021961979144294	3.417914331059185	3.329731435920037	3.2834726872808377	3.7114657202370958	3.0612284969027987	3.3728691251850127	1.046967776529924	4.452303792753287	4.010492453012433	3.344212250699565	2.4657154218385657	3.061774648683842	2.6791366706339677	2.062435512658177	2.6347951692394838	3.1445171911596193	3.1165693676832418	3.3273690318982228	3.5496096252408513	2.3476767949766795	3.4560895294906278	2.3750533000912992	5.008835750414606	2.6347951692394838	2.260332030912355	3.0928393641535754	1.6754481037704854	0.388966455241055	0.0	3.3300258349074716	0.7280795016180402	4.40887360753059	1.2644988065469702	2.3061965558521837	4.65282207973046	2.432152144630646	3.9756570960639888	4.651251731983019	2.5370419041864833	2.6817632729184693	2.7594821062428063	1.5873823277106764	3.524584374340884	2.3274317187248563	2.6362516051045284
ERR1305908	2.5311614422048487	2.977609211789989	3.4348974732181037	4.922806340270335	4.884718888605235	2.6176508209590206	2.8734573747557484	2.506966325104378	2.297990328299616	5.1806982880313805	6.9226114810789054	4.931012087565958	1.699789413539012	2.5450568518256604	2.334027527786637	1.4471880410285185	4.304208190469741	2.811453732333553	3.6367241188007	3.1365643050235366	2.4210363158156705	1.5008402361241329	6.070300001150832	0.9818876508402317	4.4309764731310395	4.763693896431356	3.0796727125245544	2.7645807866640344	3.492575632221172	4.367309935253905	2.3389400036596455	1.4073435376407941	3.239671785283328	4.070238637594135	4.406404827583316	2.903762167237612	1.3146627851309345	5.038039125939299	3.894664324587489	6.441294796570014	2.8130962545752216	2.195553201196694	3.421171182192728	1.8434333535965477	2.714093973131097	2.719211630492575	2.017443623664474	2.578670248973583	2.0658481381683895	3.140824730194371	2.838565346494049	3.307721589414517	1.0341825207023416	2.448456233440511	3.763724506026841	4.860036267533527	2.4310290482283627	2.371854219116597	2.8812341160772594	3.4199568329198655	3.1648164121842566	3.2727585531393495	3.7080461956442	3.0042742762189034	3.394928317602233	0.9818876508402317	4.506091914355815	3.9296311549716196	3.055026955226977	2.1989378211120107	2.756252111558197	2.557045808277513	1.9072954828206885	2.4968977971776356	3.195779843468404	3.014704335303734	3.214067722303963	3.3224289702767966	2.634050057392564	3.201850148149551	1.9687259484963107	4.968789290001199	2.5938707029109764	2.465211003585474	2.668544038236931	1.0341825207023416	0.8535037319169588	0.0	2.848500113102897	0.0	4.312099754128175	1.3146627851309345	2.1296329070870925	4.505210091587843	2.3830298615313334	3.8589263421401294	4.462855034958034	2.371854219116597	2.261618202313093	2.9437728515236325	1.974416862240941	3.5002239098864742	1.9571153954721427	2.73421242148483
ERR1305909	1.9816474689431802	2.2413683817701098	2.811218605616758	4.566509877995713	4.461496004077468	2.3894892450101164	2.4575152241676186	1.906536606754353	1.7204081714810855	4.792222784546511	7.011473913750555	4.750887422741599	1.332335902571733	1.5717704547379987	1.685124409636114	1.7706411058270135	3.6453357874156107	2.53968550615061	2.9555803086824475	2.228036682993178	2.0172845996440807	1.3877949132122414	6.411980082231104	1.6350913510096843	4.308041724828847	3.9829701274213165	2.48250098437501	2.9699869377762296	3.128116336030055	3.8984170480821656	1.7957741777652678	1.5785344875643625	1.7299842468570499	3.7043788064736276	4.4986486827336165	2.163267556997835	1.652417443335407	4.3732464029956875	3.485640257815533	4.851011740552453	2.177017219189233	2.0172845996440807	2.9770149134703354	1.2822287923913482	2.2909445356849325	1.5288123221704248	1.5785344875643625	2.1436215789133524	2.150868813566939	2.644781231094912	2.566027062894101	3.037489760259658	1.355376070872498	1.3877949132122414	3.409023386733842	4.097620644957296	2.121124708110409	1.7749322599949748	2.4412512583299537	2.577614248185249	2.6087547960675126	2.610005090995499	3.0762936838198076	2.3401103486907435	2.270970866600031	0.9636919592623926	3.8598674698721416	3.5282048505156287	2.644204637782539	1.9485859945549624	2.5084994363010304	2.1454447569501536	1.8904745090996489	1.685124409636114	2.344734140409916	2.618657797554161	2.9129946260767174	3.291936431124175	1.0622150794363974	2.81473927260722	1.8805441481990468	4.490069921600788	1.849313374590556	1.3664534251747875	1.6108592584465655	0.9351241990558111	1.0622150794363974	0.0	2.3894892450101164	0.20018521222461047	3.7156833768536917	1.5982165736023077	1.6409438544594281	4.619910050218801	2.065793039824097	3.36830157720723	4.130827377709769	2.2514617419524043	2.182063148883582	2.3235280387491186	1.2255772598002008	3.200660951777131	2.147260313229572	1.6690787512976994