SAMPLE_ID	Acidobacteria	Actinobacteria	Aquificae	Armatimonadetes	Bacteroidetes	Balneolaeota	Calditrichaeota	Candidatus Bipolaricaulota	Candidatus Cloacimonetes	Candidatus Saccharibacteria	Chlamydiae	Chlorobi	Chloroflexi	Coprothermobacterota	Cyanobacteria	Deferribacteres	Deinococcus-Thermus	Dictyoglomi	Elusimicrobia	Euryarchaeota	Fibrobacteres	Firmicutes	Fusobacteria	Gemmatimonadetes	Ignavibacteriae	Kiritimatiellaeota	Lentisphaerae	Nitrospirae	Planctomycetes	Proteobacteria	Spirochaetes	Synergistetes	Tenericutes	Thaumarchaeota	Thermodesulfobacteria	Thermotogae	Verrucomicrobia	candidate division Zixibacteria
SRR11292124	0.0	2.1573491378770653	0.0	0.0	4.5817667027660125	0.0	0.0	0.0	0.5923453547689191	0.0	0.0	0.0	0.9883160846975074	0.0	0.2945777759126395	0.0	0.5923453547689191	0.0	0.0	0.0	0.0	3.9706259114385354	4.137202816467291	0.0	0.0	0.0	0.0	0.0	0.46849681572616625	3.4001354020248398	0.0	0.0	1.464559229934299	0.0	0.0	0.6885999332020788	1.4024789331391045	0.0
SRR11292125	0.5324944800150462	2.4817277236728517	0.0	0.0	4.433454285094646	0.0	0.0	0.0	0.0	0.0	0.5324944800150462	0.0	1.1152709190221621	0.5324944800150462	0.8463309149997515	0.0	0.0	0.0	0.343207642471915	0.0	0.0	4.466222506014131	1.2801160488911512	0.0	0.343207642471915	0.0	0.9150767538116296	0.0	0.343207642471915	3.562753711675018	0.6638836389748656	0.343207642471915	2.029181751287165	0.0	0.343207642471915	1.4196845068999564	3.5352858826545295	0.0
SRR11292126	0.0	2.820608471587857	0.0	0.0	4.150833145706286	0.0	0.0	0.0	0.0	0.0	0.0	0.0	0.9290535453295987	0.0	0.3519524996401168	0.0	0.3519524996401168	0.0	0.0	0.0	0.0	4.655405975965705	1.393177822085253	0.0	0.0	0.0	0.0	0.0	0.0	3.555707501156472	0.3519524996401168	0.0	0.5437722839333452	0.0	0.0	1.3218249027351059	2.432556698718827	0.0
SRR11292127	0.0	2.733300510617196	0.0	0.0	4.135506436107204	0.0	2.0550983869835378	0.0	0.0	0.0	0.0	0.0	0.9295101946545754	0.0	1.4150728067756049	0.0	1.0414867195245716	0.0	0.0	0.0	0.0	4.592707611157137	1.6128847708501377	0.0	0.7782374493304067	0.0	0.0	0.0	0.7782374493304067	3.6179945061800582	1.0414867195245716	0.7782374493304067	0.9295101946545754	0.0	0.5441419302092151	1.371166897895819	3.793264949276994	0.0
SRR11292128	0.0	2.2885240003741223	0.0	0.0	4.20772540459881	0.0	0.0	0.0	0.0	0.0	2.2379817469035355	0.0	0.7592235370477658	0.0	2.311747884091778	0.0	0.0	0.0	0.3396561393132488	0.0	0.0	4.660782503147719	1.067229769786361	0.0	0.5278953215686856	0.0	0.0	0.0	0.5278953215686856	2.908416670669648	0.0	0.0	2.277789740837691	0.0	0.0	0.3396561393132488	2.652555152032959	0.0
SRR11292129	1.5270573767669917	2.1233023160230102	0.0	0.0	4.598346311525114	0.0	0.0	0.0	0.0	0.0	0.665430916713337	0.34428747612657284	0.665430916713337	0.0	1.6603936694790438	0.0	0.34428747612657284	0.0	0.0	0.0	0.0	4.166913744969456	3.8701129920571025	0.0	0.0	0.0	0.0	1.117094485116957	0.34428747612657284	3.188045132577288	0.34428747612657284	0.0	0.665430916713337	1.5270573767669917	0.0	0.7662542053581317	2.5888645980721847	0.0
SRR11292130	0.0	2.2606534797156583	0.0	0.0	4.605560964926535	0.0	0.0	0.0	0.0	0.0	1.3281454447983019	0.0	0.5688041345180419	0.0	1.2008025561772764	0.0	0.0	0.3715421702482468	0.0	0.0	0.0	4.2639545619228105	1.3281454447983019	0.0	0.3715421702482468	0.0	1.2691247761778535	0.0	0.3715421702482468	3.211330596421668	0.8068764356318547	0.0	1.3281454447983019	0.0	0.0	0.7039533877317431	3.5262650972338627	0.0
SRR11292131	0.0	2.6612006125450534	0.0	0.0	4.459364495965396	0.0	0.0	0.0	0.0	0.0	1.557604079210893	0.0	0.8256336655432783	0.0	0.2897820491889246	0.0	0.4620583112537304	0.2897820491889246	0.2897820491889246	1.6112174186472037	0.0	4.386361032112859	2.0637566521673563	0.0	0.0	0.0	0.0	0.0	0.2897820491889246	3.775030068679615	0.2897820491889246	0.4620583112537304	2.413453396209243	0.0	0.0	1.1250015559320137	3.5949447083014916	0.0
SRR11292132	0.0	2.19480059164871	0.0	0.0	3.874805339894778	0.0	0.0	0.0	0.0	0.0	0.0	0.0	0.9202539521820007	0.0	0.9202539521820007	0.0	0.0	0.0	0.0	0.0	0.0	4.745495230579124	0.0	0.0	0.45188244707276964	0.0	0.0	0.0	0.0	2.7778722042966857	0.0	0.0	0.0	0.0	0.0	1.0065998850312694	1.5308559321929696	0.0
SRR11292133	0.0	2.686397880044568	0.0	0.0	4.315360332912872	0.0	1.568524099334617	0.0	0.0	0.0	1.034454986716305	0.0	0.0	0.42121099356274455	0.7717959452957177	0.0	0.0	0.42121099356274455	0.0	0.0	0.0	4.58343833725257	2.050602649185808	0.0	0.42121099356274455	0.0	0.0	0.0	0.9632239425203531	3.354596817401237	0.6309589776005966	0.42121099356274455	1.149246834554948	0.0	0.0	1.1969636851982337	3.3043318141824436	0.42121099356274455
SRR11292134	0.0	2.0637950475080755	0.0	0.0	4.618180896325619	0.0	1.6667473155587864	0.0	0.0	0.0	0.0	0.0	0.5469846060510178	0.0	0.8638555571389375	0.0	0.0	0.0	0.0	0.0	0.0	4.3184925407952015	0.0	0.0	0.6799160415166849	0.0	0.0	0.0	0.35445264554955574	3.1175165524710757	0.35445264554955574	0.0	0.5469846060510178	0.0	0.0	0.5469846060510178	2.145498192303354	0.0
SRR11292135	0.2577382733805398	3.074821749846281	0.0	0.0	3.8215433879836973	0.0	0.0	0.0	0.9186718314256922	0.0	0.0	0.0	1.1190489996699031	0.0	0.9591601252458686	0.0	0.0	0.0	0.0	0.0	0.0	4.542048827642242	0.2577382733805398	0.0	0.0	0.0	0.0	0.0	0.9961935853568935	2.765488731328809	0.0	0.0	0.8740171565344301	0.0	0.0	0.7033983567560647	4.315503063348973	0.0
SRR11292136	0.5177365851984848	2.554022113407383	0.0	0.0	4.521903263801293	0.0	0.0	0.0	0.0	0.0	0.6833620622228138	0.2466707650758995	0.8966527170428175	0.5177365851984848	0.2466707650758995	0.0	0.4030173459223241	0.0	0.0	0.0	0.0	4.436964920379159	0.7472717124553733	0.0	0.2466707650758995	0.0	0.0	0.0	0.6083974419370999	3.445582272030819	0.5177365851984848	0.0	2.2284873428143075	0.0	0.2466707650758995	0.9368652128220734	0.4030173459223241	0.0
SRR11292137	0.0	2.6013445515281037	0.0	0.0	4.413792747899241	0.6039817617188712	0.0	0.0	0.2441372442703422	0.2441372442703422	1.9319493654581685	0.0	0.9684261266409658	0.2441372442703422	0.0	0.0	0.0	0.0	0.0	1.7715248898304405	0.0	4.430877442406483	0.6039817617188712	0.0	0.0	0.0	0.0	0.0	0.513657604415627	3.085881786608775	0.39947810469557293	1.297998293218497	0.8915326410023792	0.0	0.0	0.7980318297626358	3.9663362236010884	0.0
SRR11292138	0.0	2.4408518915344937	0.0	0.0	3.9220093505930715	0.0	0.0	0.0	0.0	0.0	0.0	0.0	0.383337457862068	0.0	1.038277083569945	0.0	0.0	0.0	0.0	0.0	0.0	4.736739163141673	0.5837287746525708	0.0	0.0	0.0	0.0	0.0	0.5837287746525708	2.8713892214712664	0.720325983835763	0.0	1.1384936176939449	0.0	0.383337457862068	0.8240837537166057	0.720325983835763	0.0
SRR11292139	0.0	2.8419439685894132	0.0	0.0	4.164669641148758	0.0	0.0	0.0	0.6611630617644889	0.34131179323179633	0.7617413920079451	0.5300407562941385	1.070016356051181	0.34131179323179633	1.0234598117254088	0.0	0.5300407562941385	0.0	0.0	0.0	0.0	4.614443062169679	2.540792479667344	0.0	0.0	0.0	1.2484959930679596	0.0	0.8433510813798274	3.642498718245469	0.0	0.34131179323179633	1.6663909656377038	0.0	0.0	1.489388808452579	3.420124855927344	0.0
SRR11292140	0.7300855909642443	2.917605354079287	0.0	0.652932657130096	4.4121049126547796	0.0	0.0	0.0	0.2728333797180628	0.0	0.0	0.0	0.652932657130096	0.0	0.43910373362681776	0.0	0.43910373362681776	0.0	0.0	0.0	0.0	4.531699878462103	0.7955777643746702	0.0	0.0	0.0	0.0	0.2728333797180628	0.7300855909642443	3.5051463530567597	0.7955777643746702	0.652932657130096	0.5590474605108119	0.0	0.2728333797180628	0.7955777643746702	1.6831449298918064	0.0
SRR11292141	0.0	1.7581333280430185	0.0	0.0	4.574509207158432	0.0	0.0	0.0	0.6346384074874502	0.0	0.0	0.0	0.0	0.0	0.0	0.0	0.0	0.0	0.0	0.0	0.0	4.277304886924072	3.2445610408722945	0.0	0.0	0.0	0.0	0.0	0.0	3.357185389334209	0.0	0.0	1.439218902787639	0.0	0.0	0.8821372508599371	3.526633029691488	0.0
SRR11292142	0.4120482846035824	2.92984172292897	0.0	0.0	2.7977443318282664	0.0	0.0	0.0	0.4120482846035824	0.0	0.4120482846035824	0.0	0.0	0.0	1.2259672822084453	0.0	0.4120482846035824	0.0	0.0	0.0	0.0	4.787557029290988	0.0	0.0	0.4120482846035824	0.0	0.0	0.0	0.0	2.712083632956229	0.0	0.4120482846035824	2.6641917158729216	0.0	0.0	1.0819889522009802	2.2063867128362866	0.0
SRR11292143	0.0	2.454097674895014	0.0	0.0	4.686627418330598	0.0	0.4433627173371815	0.0	0.0	0.0	0.0	0.0	0.9946772245735819	0.5273097219409799	0.20191008218899378	0.0	0.4433627173371815	0.0	0.4433627173371815	0.0	0.0	4.110045342921801	1.3709090105169166	0.0	0.0	0.0	0.0	0.0	0.5273097219409799	3.330424140468915	0.20191008218899378	0.33920455069619393	0.5273097219409799	0.0	0.0	0.9086216799381451	0.6581330421207752	0.0
SRR11292144	0.0	2.4857956470914897	0.0	0.0	4.476183707605783	0.0	0.0	0.0	0.0	0.0	0.5796287031147815	0.3800886222451626	0.902906044807111	0.0	0.7158335536150714	0.0	0.0	0.0	0.3800886222451626	0.0	0.0	4.517497553636064	1.4180990910803486	0.0	0.0	0.0	0.0	0.0	0.5796287031147815	2.869959778680492	0.3800886222451626	0.0	0.902906044807111	0.0	0.0	0.7158335536150714	0.3800886222451626	0.0
SRR11292145	0.0	2.3246011252626713	0.0	0.0	4.599697209729949	0.0	0.0	0.0	0.0	0.0	0.0	0.0	0.5214196798596917	0.0	0.5214196798596917	0.0	0.0	0.0	0.33467017925029696	0.0	0.0	4.366907291681663	0.6515910269730116	0.33467017925029696	0.0	0.0	0.0	0.0	0.33467017925029696	2.81986727293969	0.0	0.0	0.751610609484211	0.0	0.0	1.1389920822152293	0.751610609484211	0.0
SRR11292146	2.630980963887971	2.0811060385719276	0.0	0.0	4.689119478337501	0.0	0.0	0.0	0.0	0.0	0.0	0.3537705413762018	0.3537705413762018	0.3537705413762018	0.3537705413762018	0.0	0.3537705413762018	0.0	0.6789485409713636	0.0	0.0	3.9216572323979806	1.1714533761137356	0.0	0.0	0.0	0.0	0.0	0.0	3.686553476129017	0.0	0.3537705413762018	1.3249380756986295	0.0	0.0	0.6789485409713636	3.1078509896164612	0.0
SRR11292147	0.0	3.362948701185312	0.0	0.0	3.463307782043184	0.0	0.0	0.0	0.0	0.0	0.0	0.5585129667944351	0.3634587220963935	0.0	1.0596951538409938	0.0	0.0	0.0	0.0	0.0	0.0	4.731252248339676	0.6926314725096578	0.3634587220963935	0.7949576309985871	0.0	0.0	0.0	0.6926314725096578	3.6119571727203885	0.5585129667944351	0.0	1.0070772521759774	0.0	0.0	0.5585129667944351	2.8802521310953213	0.0
SRR11292148	0.0	1.9292393434749013	0.0	0.0	4.482315724562733	0.0	0.0	0.0	0.0	0.0	0.0	0.0	0.6827391857155921	0.0	1.582196349062946	0.0	0.0	0.0	0.0	0.0	0.0	4.449452338387145	3.1682757066845384	0.0	0.2909570370014349	0.0	0.0	0.0	0.6827391857155921	3.3977583608049393	0.5868615651746976	0.0	0.5868615651746976	0.0	0.2909570370014349	1.0605319245906457	3.1260679256615225	0.0
SRR11292149	0.21798124296736449	3.6744248005544744	0.0	0.21798124296736449	4.326305578706222	0.0	0.0	0.0	0.21798124296736449	0.0	2.3626058073081135	0.21798124296736449	1.0054579230105813	0.0	0.6293537550775574	0.0	1.8497404296295896	0.0	0.21798124296736449	2.550996443102983	0.0	4.497478681096955	0.7453272623506464	0.3624411741324175	0.0	0.0	0.0	0.0	1.0821437805544585	3.74146971954366	0.3624411741324175	0.7934497710377453	0.9122643130331957	0.0	0.21798124296736449	1.1049658051665832	2.574245605170636	0.0
SRR11292150	2.2745810477651776	2.6846784593974817	0.0	0.0	3.9680316999805463	0.0	0.0	0.0	0.3954280314008141	0.0	1.4873029050965165	0.0	1.2747806524487206	0.0	2.949811116510317	0.0	1.7917527159258388	0.0	0.0	4.064195592243932	0.0	4.594169029299399	2.458965909008728	0.0	0.8415050373019558	0.0	0.0	0.0	0.5989177429394579	3.17131988999654	0.0	0.3954280314008141	1.0568694756207897	0.0	0.0	1.4657701387347057	2.4955056840626826	0.0
SRR11292151	0.32697335908566605	2.8406319246669427	0.0	0.7397666560196355	4.323144619882037	0.0	0.0	0.0	0.0	0.0	0.32697335908566605	0.0	0.947521921721897	0.0	1.1256197109790773	0.0	0.32697335908566605	0.0	0.0	0.0	0.0	4.608506882539739	0.6404161049844523	0.0	0.7397666560196355	0.0	0.0	0.0	0.32697335908566605	3.195586252855062	0.5113790782218184	0.0	0.7397666560196355	0.0	0.0	1.1931380963038434	0.32697335908566605	0.0
SRR11292152	1.7764583513954326	2.9596274915862	0.0	0.0	4.411105808894218	0.5577294258178791	0.0	0.0	2.001085297632596	0.0	1.0587065050562665	0.36284495854143795	0.8767730117144106	0.0	1.9837725607201164	1.8544268204295664	0.0	0.36284495854143795	0.36284495854143795	2.613905307126196	0.0	4.53340225904017	1.5097691832244828	0.0	0.36284495854143795	0.0	0.0	0.0	1.1056230703963046	3.265680487624615	0.7940483253123052	0.0	1.8775882007450502	0.0	0.5577294258178791	0.9462332455412128	2.599883995321145	0.0
SRR11292153	0.0	3.0258281645123493	0.0	0.0	4.535122972489693	0.0	0.0	0.0	0.0	0.0	0.0	0.0	0.9593315706677837	0.41850288615175973	0.7681679931334848	0.0	0.0	0.0	0.7681679931334848	0.0	0.0	4.428366447811925	1.5446328258689608	0.0	0.0	0.0	0.0	0.0	0.8741840199540445	2.525006678690673	0.0	0.0	0.6276149837410068	0.0	0.41850288615175973	0.9593315706677837	3.144650834061773	0.0
SRR11292154	1.586416083495516	3.7172473910051598	1.712187012022422	0.0	4.335376611212552	3.1792275380395525	1.1448938382471916	0.0	0.689138411400136	0.0	1.2515981187622267	0.0	2.0089836764622295	0.0	2.4814057997021464	0.791277083934385	2.2549146318214164	0.0	1.003123886269123	2.568633120578351	0.0	4.411527630094276	1.7732100591059696	1.1448938382471916	1.6007639918601657	0.0	0.689138411400136	1.2515981187622267	1.9624730168164517	3.8957864196517784	2.0459575261568457	1.7732100591059696	1.6781264664194866	1.4505041948680923	0.5553428726999472	1.8963146619533802	2.4757964112913626	0.5553428726999472
SRR11292155	0.0	2.7542057583765174	0.0	0.0	4.239229287853146	0.0	0.0	0.0	0.0	0.0	0.4059535958831778	0.24877708809577662	0.9008864215874031	0.0	1.8293166406895451	0.0	1.7227136813056632	0.4059535958831778	0.0	0.0	0.0	4.637804285747599	0.8565012676261438	0.24877708809577662	0.4059535958831778	0.0	0.0	0.24877708809577662	0.6872073884207246	3.123938726607566	1.3243906206094247	0.0	2.8517903003296294	0.0	0.4059535958831778	0.9411530514297392	2.6095640093499295	0.0
SRR11292156	1.390632031514151	2.5246983990011307	0.0	1.2589042753914086	4.138183347238755	0.0	0.0	0.0	0.0	0.0	0.23417079186284287	0.3854745268133285	1.0689080507817297	0.0	1.0689080507817297	0.0	0.9109611863319702	0.0	0.23417079186284287	0.0	0.0	4.599800081150663	0.827178697833647	0.49746795387892917	0.3854745268133285	0.0	0.0	0.0	1.1636978874557602	3.0134686377992113	0.5864214200761281	0.3854745268133285	2.488961599501658	0.0	0.49746795387892917	1.3073901222704378	3.9361274791228658	0.0
SRR11292157	0.0	3.584676480717036	0.0	0.0	4.218130208280597	0.0	0.0	0.0	0.2888503653294156	0.0	0.0	0.0	0.46080464126077214	0.0	0.5836600138816106	0.0	0.0	0.0	0.0	0.46080464126077214	0.0	4.633577956003626	0.6793151943653121	0.0	0.0	0.0	0.0	0.0	0.881546103818667	2.710135940355879	0.6793151943653121	0.46080464126077214	1.0911841885294546	0.0	0.46080464126077214	1.0911841885294546	1.407593780175357	0.0
SRR11292158	0.0	2.2292674653572266	0.0	0.0	4.324710066137786	0.0	0.0	0.0	0.0	0.0	1.1209984814782055	0.0	0.5368842972516874	0.0	0.5368842972516874	0.0	0.9205274749864096	0.0	0.0	0.0	0.0	4.612004201299647	0.5368842972516874	0.0	0.6687467197992418	0.0	0.0	0.0	0.0	3.006325480025296	0.769758573901243	0.0	2.4774342660309445	0.0	0.0	1.1593927533838515	2.586257148581358	0.0
SRR11292159	0.6390171622323454	2.805164479529057	0.0	0.0	4.468323409976629	0.0	0.0	0.0	0.427753066500663	0.0	0.427753066500663	0.0	1.2067937423514732	0.0	0.0	0.0	0.0	0.0	0.0	0.0	0.0	4.522254891608895	0.9725835870045672	0.0	0.0	0.0	0.0	0.0	0.6390171622323454	2.6489218263044467	1.2498451386932445	0.0	0.780528737268906	0.0	0.0	1.5168692360352074	2.0415780199386715	0.0
SRR11292160	0.9525886055577331	3.3831118433397864	0.0	0.0	4.596689729701896	0.0	0.0	0.0	0.0	0.0	0.0	0.0	0.9863217018540684	0.0	1.2972840139037878	0.0	0.5014000461611762	0.0	0.0	0.0	0.0	3.941089197334216	3.9990659219544917	0.0	0.5014000461611762	0.0	0.0	0.0	0.23657827271716964	3.495257720429805	0.7831271311788017	0.23657827271716964	1.2811259054199826	0.5014000461611762	0.0	0.8320809515794364	2.1184277807390157	0.0
SRR11292161	0.0	2.9144831761882246	0.0	0.0	4.1260530111994465	0.0	0.0	0.0	0.0	0.0	0.0	0.0	0.9946393000268546	0.0	0.8011562633175257	0.0	0.8011562633175257	0.0	0.0	0.2759404299401092	0.0	4.626683224432922	2.3064577428737034	0.0	0.4433357238224462	0.0	0.0	0.0	0.2759404299401092	3.5897687208506555	0.0	0.5638602986599379	1.6027133908334588	0.0	0.0	1.2520495860110559	3.5147344674600136	0.0
SRR11292162	1.7396434784596626	3.794766445461903	0.0	0.0	4.655637996951187	0.6737451948103859	0.28543699394878375	0.5784553906746698	0.28543699394878375	0.0	0.8180141314458738	0.28543699394878375	1.3121513932309679	0.0	1.487744728540265	0.0	0.6737451948103859	0.0	0.28543699394878375	0.9261223189029066	0.0	4.011519873936735	2.2188383422098643	0.6737451948103859	0.0	0.0	0.0	0.8754234741048293	0.28543699394878375	3.2649150603723767	0.4562036420016973	0.4562036420016973	0.8180141314458738	1.17440817775121	0.0	0.28543699394878375	1.602467457146815	0.0
SRR11292163	1.9665603390416133	3.4121728857650844	0.0	0.2198241652898502	4.360801870360595	1.8998801136596821	0.0	0.0	0.6329202518961301	0.0	0.7491490674384552	0.5605833190199986	2.374549684482385	0.0	0.9163521438559363	1.3441029846891843	0.9497305468938634	0.0	0.5605833190199986	3.0416805403951543	0.0	4.322150450681006	1.7353763039160757	0.0	0.9163521438559363	0.2198241652898502	1.4956843920535785	0.8407480287584548	0.5605833190199986	4.1635069439541565	0.7491490674384552	2.016158686184873	1.242364444083164	0.47374168500061503	0.36508162437527614	0.8407480287584548	3.03088854065062	0.0
SRR11292164	1.3862640285264358	3.099741975442388	0.0	0.0	4.59308697556754	0.0	0.0	0.0	1.0014573049440576	0.0	1.482290883376238	0.39891208844163345	0.7972403206138392	0.0	1.3132939551687248	0.0	1.4369261292906417	0.39891208844163345	0.0	1.0014573049440576	0.0	4.293575680657835	2.6629547419164816	0.24373261332852664	0.24373261332852664	0.0	0.0	0.39891208844163345	0.8464860602589682	3.3326403432694947	0.39891208844163345	0.24373261332852664	2.9577855692283648	1.0621762297515478	0.0	0.9675859306147361	2.287167862593669	0.0
SRR11292165	0.0	3.1026929620845025	0.0	0.0	4.545095203860544	0.7975433540068243	0.0	0.0	0.0	0.0	1.7249356961988371	0.0	0.8409356790510877	0.0	1.4046998592809208	0.0	0.21991127786888487	0.0	0.0	1.0369767731483786	0.0	4.403238778518542	1.858529821118485	0.0	0.3652063152346798	0.0	0.0	0.0	0.5607423002208767	3.2504956543561687	0.21991127786888487	1.2891192086359289	1.0866165715641798	0.7493292892921595	0.0	1.0866165715641798	2.489774000671156	0.0
SRR11292166	0.0	2.2597134940634027	0.0	0.0	4.613813527402733	0.0	0.3499957384895931	0.0	0.0	0.0	0.3499957384895931	0.3499957384895931	0.3499957384895931	0.0	0.5412544427792284	0.0	0.3499957384895931	0.0	0.0	1.1651163903027337	0.0	4.335005293176804	0.0	0.0	0.0	0.0	0.0	0.3499957384895931	0.0	3.0056168291218985	0.9854666320579882	0.3499957384895931	0.7748669379269563	0.0	0.0	0.0	0.8569399977682556	0.0
SRR11292167	1.438259424237353	3.6263547131172884	0.19051917079771835	1.0991297924587289	4.2871596868731325	2.290893975758866	0.0	0.7328241321388678	1.9222082791899084	0.6338738179228365	1.200524090110092	0.574418621998808	2.193927646614737	0.19051917079771835	1.2700126914995027	1.4553544649386074	1.0796653849281221	0.0	0.0	1.5249084676857019	1.1851850572244393	4.5126606162425995	1.2296666873126778	1.169284360288919	1.200524090110092	0.19051917079771835	1.5910220357498617	1.6031174663548402	2.096564448138423	3.831177653571157	1.2296666873126778	1.48764930758717	1.5103860940358182	1.0592875125856362	0.3224960116054637	1.135622107467895	1.8474759418332223	0.9917003395805454
SRR11292168	1.974699138095268	4.441128726531782	0.0	0.4750858098700754	3.94755181261313	2.6334382248074695	0.6965263232445245	0.0	2.235007078330793	0.0	1.4284206059671452	0.4750858098700754	2.5447266393390358	0.0	2.057667757910005	1.3193085875654962	0.9515264575075009	0.0	0.0	2.079753965262066	1.823063828572411	4.0389280241013195	1.3588044309113863	1.4284206059671452	0.0	0.0	2.079753965262066	1.2758582644755334	2.1208179486815513	4.15750201818379	1.0386147069325056	1.7823233637440599	1.7045735638752195	2.1007711182584177	0.0	0.0	2.235007078330793	1.6691063639369443
SRR11292169	0.0	3.515796647723343	0.0	0.0	4.4055252926812365	0.0	0.0	0.0	0.36093726896118006	0.0	0.0	0.0	0.6890824185136315	0.0	1.2187928573544884	0.0	0.0	0.5552920761123809	0.6890824185136315	0.0	0.0	4.362909307879922	2.7597032927216762	0.0	0.36093726896118006	0.0	0.0	0.6890824185136315	0.36093726896118006	3.8052823793479003	1.1833833744967377	0.5552920761123809	1.1833833744967377	1.0030604806316548	0.36093726896118006	0.8738484713980967	3.7109808836831983	0.0
SRR11292170	0.38452064806436803	4.049171904546399	0.0	0.0	4.354714691158994	2.0762269063435497	0.585219985842958	0.0	0.0	0.0	0.38452064806436803	0.0	2.2493640120360956	0.38452064806436803	1.8585171080119576	0.9797121934916487	1.7523050669258013	0.0	0.0	2.481261763071029	0.0	4.413028603719639	1.1403634273725738	1.2573713038973873	0.0	0.0	0.0	0.0	1.68114890169974	3.492881879524608	0.38452064806436803	1.4899949826243808	1.773649418882201	0.0	0.38452064806436803	1.8834823432785037	2.1976461837049586	0.0
SRR11292171	0.0	3.3529864883332943	0.0	0.0	4.489631425239468	0.0	0.0	0.0	0.0	0.0	0.0	0.0	0.7635506985283452	0.0	0.7635506985283452	0.0	1.2505599383415398	0.0	0.0	0.0	0.0	4.423895330383948	1.2788940629757215	0.0	0.0	0.0	0.0	0.0	0.3425035584441684	3.580228869016204	0.3425035584441684	0.845225126658725	0.3425035584441684	0.0	0.0	1.0254401443809102	2.630575791998089	0.0
SRR11292172	0.0	3.2616705153107146	0.0	0.0	3.63750986170563	0.0	0.0	0.0	0.2245181620231675	0.0	1.9526929975850227	0.0	0.7588057453811872	0.0	1.4157555615509971	0.37178522787049023	0.0	0.0	0.0	2.5736515165224665	0.0	4.630288349182999	1.0202450057427759	0.0	0.6419411043513163	0.0	0.0	0.0	0.37178522787049023	3.711792418609169	0.8903888582164816	0.48156120338139335	0.9601524110267248	0.0	0.2245181620231675	0.9266699528501438	3.974455396008253	0.0
SRR11292173	1.0772396434785805	3.921036876880182	0.0	0.0	4.604052433459686	1.7210253175748067	0.0	0.0	0.4088810283363147	0.0	0.4088810283363147	0.0	1.5088747582838318	0.0	1.1306634785465717	0.755214900082517	0.0	0.0	0.9454148149340192	1.1782295051065246	0.0	4.090957942099528	2.072924610652547	0.0	0.0	0.0	0.6156937342705875	0.4088810283363147	0.0	3.4351343617956056	0.8606449860327067	1.2601095118939016	0.8606449860327067	1.8136813522778736	0.0	0.4088810283363147	1.5678139381540335	0.0
SRR11292174	2.2740953637401087	2.6485645465503485	0.0	0.0	4.610347433034713	0.0	0.0	0.0	1.1844337959740256	0.0	0.0	0.34062464221115757	1.8069817144497915	0.0	1.0223163483987396	0.0	0.6601757092543709	0.0	0.5291506237315826	0.0	0.0	4.259827362591588	2.024486186681847	0.0	0.34062464221115757	0.0	0.0	0.34062464221115757	0.0	3.5320689378777894	0.0	0.34062464221115757	0.9109157841163831	0.0	0.0	0.8422691985932029	2.8764860402509633	0.0
SRR11292175	0.5113949092553972	2.764684610354586	0.0	0.0	4.467750565844371	0.0	0.0	0.0	0.0	0.0	0.5113949092553972	0.0	0.6404337475848113	0.0	1.0456577840511212	0.0	0.32698546191356354	0.0	0.5113949092553972	0.0	0.0	4.469491566993431	2.4685662749398443	0.0	0.5113949092553972	0.0	0.0	0.0	0.5113949092553972	3.620158926513825	0.0	0.32698546191356354	0.5113949092553972	0.6404337475848113	0.0	1.160710991423043	1.567515094766133	0.0
SRR11292176	0.6679504636668887	3.3797467125328313	0.5937582083869739	0.3913113263295444	4.502269761712721	1.8568098238742525	0.5937582083869739	0.0	0.0	0.0	0.7865712714147722	0.0	1.424674389100037	0.0	1.779714388005721	0.0	1.424674389100037	0.0	0.23831362195550648	1.735341892918595	0.0	3.9301843680793236	4.075540754387442	0.5042258412803854	0.6679504636668887	0.0	0.3913113263295444	1.2850315520053601	1.2850315520053601	3.950258302033251	1.213581120160731	1.1037030252369853	0.9562513325986708	1.0213488323373618	0.23831362195550648	1.1280152684918476	1.975782988697589	0.0
SRR11292177	2.049174010535999	3.8443398748428494	0.0	0.0	4.006248758467291	0.0	0.0	0.0	0.0	0.0	0.0	0.3219912360083263	0.7320389500384247	0.0	2.040566168170002	0.0	0.3219912360083263	0.6331342822094076	0.0	0.0	0.0	4.577527127404783	1.7884467115736684	0.0	0.3219912360083263	0.3219912360083263	0.0	1.3613112905826994	0.5048506266755745	3.9304779523333404	0.8804354295815346	0.5048506266755745	1.558285117663347	1.242627456714304	0.6331342822094076	0.7320389500384247	2.093689615121761	0.0
SRR11292178	1.5185798507522763	3.5809802627406238	0.0	0.27623839934787286	4.499389931276813	0.0	0.0	1.230512893840303	0.0	0.0	1.2071892446791728	0.0	1.0670089344387788	0.0	2.26723933145193	0.0	1.6489683082047624	0.44374100153212664	0.0	3.2237945563949717	0.0	4.3775381411603655	0.27623839934787286	0.0	1.3129938829684173	0.0	0.0	1.0988984912880964	0.8587294069760083	3.3911011179876374	0.0	1.1286057760196753	1.3659688203627107	1.6402164549084675	0.0	1.0670089344387788	2.2020712245289182	0.0
SRR11292179	0.3767318381531374	2.6569778324740274	0.0	0.2279957686537872	4.407839302250975	0.0	0.0	0.0	0.3767318381531374	0.0	0.6485670867440827	0.2279957686537872	0.8581653109045763	0.0	1.2273663348280452	0.0	0.9677862832905305	0.2279957686537872	0.7658898345027947	1.5060867824010855	0.0	4.559428056731399	1.832324763368882	0.0	0.0	0.0	0.2279957686537872	0.0	0.5753839085084779	3.0978607883416576	0.3767318381531374	0.0	2.2464193302627833	0.0	0.0	1.0279992366008672	1.9578714225816163	0.0
SRR11292180	0.23793061299768736	3.724545932236012	0.0	0.0	4.1763756755238575	0.0	0.0	0.0	0.0	0.0	0.390772660983359	0.0	0.9188373372663031	0.0	0.23793061299768736	0.0	0.5036027696536381	0.0	0.390772660983359	0.390772660983359	0.0	4.631652964481679	1.4582225459393994	0.0	0.0	0.0	0.0	0.0	0.23793061299768736	2.887686933746288	0.0	0.7858122792854607	0.6672380918312885	0.0	0.0	0.5930821708344526	0.5930821708344526	0.0
SRR11292181	0.0	2.3244800453316934	0.0	0.0	3.696642253934238	0.0	0.0	0.0	0.0	0.0	0.0	0.0	0.0	0.0	0.0	0.0	0.0	0.0	0.0	0.0	0.0	4.670017298983679	0.0	0.0	0.0	0.0	0.0	0.0	0.0	4.0793435675148215	0.0	0.0	0.0	0.0	0.0	0.0	0.0	0.0
SRR11292182	0.0	2.5967302728648627	0.0	0.0	3.688472783298376	0.0	0.0	0.0	0.0	0.0	0.0	0.0	1.2959555619729741	0.0	1.5858592768130384	0.0	0.0	0.0	0.0	0.0	0.0	4.667521082633078	0.0	0.0	0.0	0.0	0.0	0.0	0.0	4.083678780109937	0.0	0.0	0.0	0.0	0.0	0.0	0.0	0.0
SRR11292183	0.4056540885127272	2.731259319152903	0.0	0.0	4.04759944643877	0.0	0.0	0.0	0.0	0.0	0.24856205178775825	0.0	0.5207721543011385	0.0	1.173280194227796	0.0	0.4056540885127272	0.24856205178775825	0.0	0.0	0.0	4.694425129914258	1.2550994252967609	0.0	0.24856205178775825	0.0	0.0	0.0	0.7508482612880858	3.414995106094301	0.5207721543011385	0.4056540885127272	0.6868155203266828	0.0	0.4056540885127272	0.9407162875837721	2.1087212910180124	0.0
SRR11292184	1.9225796037886396	3.9239756342131344	0.0	0.0	4.278525853384664	2.424903912388451	1.3240456445581787	0.24861920501440923	0.24861920501440923	0.0	0.8067524386647446	0.24861920501440923	0.6869196881961703	0.24861920501440923	2.171940463739509	0.5208637625704081	2.3017670383509263	0.0	0.0	0.0	0.0	4.398911611358462	3.102895882286209	0.0	0.0	0.0	0.24861920501440923	0.4057336984871314	1.4823033716580871	3.9564677430433637	1.4103436497674653	2.056159974879565	2.124244955565117	0.0	0.0	1.7980340652227287	2.079129553616524	0.0
SRR11292185	1.3091470943387828	4.102684366569173	0.0	0.9828202151677816	4.3715308896550615	0.0	0.0	0.0	0.49872888881727256	0.0	0.0	0.0	2.2493180541370936	0.0	0.8726868439058544	0.7247730905977501	1.206049655275806	0.0	0.0	0.8726868439058544	0.0	4.369938091291181	0.0	0.0	0.0	0.0	0.8726868439058544	0.49872888881727256	1.3091470943387828	3.065014071123466	0.8726868439058544	0.49872888881727256	2.5075891709632567	0.8726868439058544	0.0	1.2606505138636432	3.406939770780024	0.0
SRR11292186	1.880196053202164	3.087284097904396	0.0	0.34786408624145543	4.3988241110896835	1.8007540814491831	0.14898679671341228	0.0	0.14898679671341228	0.0	0.4837626582759084	0.4837626582759084	2.286334289894436	0.0	0.9820071850047005	1.1490919023538086	1.0343036330264586	0.0	0.2597113730020262	2.7948107521885004	0.0	4.384478050422417	2.405386057485255	0.14898679671341228	0.8536184812912195	0.0	1.339879436153225	0.0	0.9820071850047005	4.056254770257417	1.0659677107090209	1.9161376928811904	1.3233150582237783	0.2597113730020262	0.4211074646043377	1.0504241834270454	2.8242901534135108	0.0
SRR11292187	2.3381813101518563	3.3307291583661134	0.0	0.0	4.262791524139137	2.039140192665194	0.35710705218644034	0.0	0.5503893923891681	0.0	0.9969321094198735	0.35710705218644034	2.4927393969960425	0.0	1.4020464657833804	1.6471127464651507	1.3557615874177147	0.0	0.0	2.913799356878772	0.0	4.349659545574201	1.5495277080453789	0.0	0.35710705218644034	0.0	1.3795203356272385	0.0	1.0494221874024376	4.260577631870302	0.5503893923891681	2.1983985536740343	1.4234615922936924	0.0	0.0	1.0494221874024376	3.040123673440213	0.0
SRR11292188	0.0	2.8720341765131727	0.0	0.0	4.614910285633888	0.2921961930286637	0.0	0.0	0.46530246494603295	0.0	0.2921961930286637	0.0	0.5887409789241165	0.46530246494603295	1.06284615123468	0.0	0.46530246494603295	0.0	0.0	0.0	0.0	4.065617261814719	0.7633268150259965	0.0	0.5887409789241165	0.0	0.0	0.0	0.2921961930286637	3.8680776821662444	1.4878680459589437	0.46530246494603295	1.0974918349781422	0.0	0.0	0.5887409789241165	3.4671661521786707	0.0
SRR11292189	0.0	2.7659705434545105	0.0	0.2734912887825486	4.505423328829262	0.0	0.0	0.0	0.0	0.0	0.44000076145604583	0.2734912887825486	0.6540289014157737	0.0	1.201697066999019	0.0	0.6540289014157737	0.5600681451942353	0.0	0.6540289014157737	0.0	4.0857015015542055	0.98994646533774	0.0	0.0	0.0	0.0	0.0	0.6540289014157737	4.27483160327468	0.9040083152670093	0.7967616497471424	1.0616560519295974	0.0	0.2734912887825486	0.7967616497471424	2.444308570186139	0.0
SRR11292190	1.7514599840129197	2.733044438004356	0.0	0.0	4.500864360770437	0.4011336638425197	0.0	0.0	0.0	0.2453216248660181	0.4011336638425197	0.0	1.00478171881522	0.0	1.2480461604378628	0.0	0.5155662699032997	0.0	0.0	0.5155662699032997	0.0	4.480770135150601	1.6153078711247446	0.0	0.5155662699032997	0.0	0.4011336638425197	0.0	0.4011336638425197	2.981195343193874	0.5155662699032997	0.0	2.565500879817091	0.0	0.0	1.00478171881522	1.1663136725493868	0.0
SRR11292191	0.851772137901587	2.803048199435809	0.0	0.0	4.1983438407244575	0.0	0.0	0.0	0.0	0.0	0.2724517969754531	0.0	0.9471229886755176	0.0	1.1996097528803253	0.0	0.0	0.0	0.0	0.0	0.0	4.475492180596797	2.9939642916242617	0.0	0.43858323712890773	0.0	0.0	0.2724517969754531	0.7294196301452888	4.220043599377824	0.43858323712890773	1.091462243442992	0.5584550792951782	0.0	0.0	0.7948904610894244	1.1211266190542284	0.0
SRR11292192	2.1862535443532165	2.846919620232786	0.0	1.6660787288992547	3.983127586234535	0.0	0.0	0.0	0.0	0.0	1.0533674178211545	0.0	1.1583557907110893	0.30765691927536204	1.0533674178211545	0.0	1.5178991268957942	0.0	0.0	0.0	0.0	4.621219747853615	1.9768012118121883	0.6119628382706195	0.48593487053438184	0.0	0.0	0.0	1.267706317575243	3.5151673809897876	0.48593487053438184	0.7095250810778007	2.598581318153133	0.0	1.09125439381619	0.9659546927375252	3.8899475000428363	0.0
SRR11292193	0.33962118887601733	2.361482029590306	0.0	0.33962118887601733	4.101129764336449	0.0	0.0	0.0	0.0	0.0	0.33962118887601733	0.0	0.5278500058774392	0.0	1.82100216549464	0.0	0.33962118887601733	0.0	0.0	0.0	0.0	4.596616920334638	2.2858011185727656	0.33962118887601733	0.33962118887601733	0.0	0.0	0.0	1.0206443742806341	3.6965399222447375	0.0	0.7591703318166559	1.109191725089997	0.0	0.33962118887601733	0.8406875442224501	3.802047515449055	0.0
SRR11292194	0.0	2.6912233379227883	0.0	0.5158494510332307	4.406106037201007	0.0	0.0	0.0	0.33039508001733675	0.0	2.4368588461397818	0.0	0.0	0.0	0.0	0.0	0.0	0.5158494510332307	0.0	0.0	0.0	4.420103254644272	0.8942854471646008	0.0	0.7450460115858578	0.0	0.0	0.0	0.7450460115858578	4.053200902228112	0.8942854471646008	0.7450460115858578	1.0515064154640998	0.0	0.5158494510332307	0.8942854471646008	1.7962622093481961	0.0
SRR11292195	0.0	2.321555735517321	0.0	0.2955972941892203	4.305958813737836	0.0	0.0	0.0	0.0	0.0	0.4698624450596052	0.2955972941892203	0.4698624450596052	0.0	0.8357428039754243	0.0	0.0	0.0	0.0	0.0	0.0	4.378710658724628	4.251280087072958	0.2955972941892203	0.690244759480507	0.0	0.0	0.0	0.0	3.0576321271993914	0.8935376911461119	0.0	2.1414320926618307	0.0	0.0	0.690244759480507	2.671233872801998	0.0
SRR11292196	0.0	2.531953299200236	0.0	0.0	4.401281416268624	0.0	0.0	0.0	0.0	0.0	0.0	0.0	0.3405982713792908	0.0	0.8422276595143354	0.0	0.0	0.0	0.0	0.0	0.0	4.489496441033586	0.6601378039677728	0.0	0.0	0.0	0.0	0.0	0.6601378039677728	3.77738477089154	0.9701349074221007	0.5291164547729525	1.068816336326162	0.0	0.0	1.1108513855160878	3.1840030401118624	0.0
SRR11292197	2.3324509268758504	2.124345334878648	0.29802375537422837	0.0	4.588580228392214	0.0	0.0	0.0	0.0	0.0	0.29802375537422837	0.0	1.1083770149579557	0.0	0.29802375537422837	0.0	0.47310829213333255	0.0	0.0	0.0	0.0	4.209154904380182	3.4726793380063565	0.0	0.0	0.0	0.0	0.0	0.47310829213333255	3.752425312890029	0.7731292264311094	0.0	0.29802375537422837	0.0	0.0	0.6941499803041492	0.29802375537422837	0.0
SRR11292198	0.388030477912719	2.9420581957217227	0.0	0.0	4.511189554310543	0.0	1.6095843352703323	0.0	0.0	0.0	1.3115128657503745	0.23598295997099003	0.5004290165706414	0.23598295997099003	0.5004290165706414	0.0	0.0	0.0	0.0	0.0	0.0	4.396241436409313	0.5896373404930226	0.0	0.0	0.0	0.0	0.0	0.5004290165706414	3.441546569361977	1.3265494418009285	0.0	1.7357048677850637	0.0	0.0	0.9513283463230229	3.450637054881925	0.0
SRR11292199	0.0	3.5179144244736396	0.0	0.17443510187684602	4.492805848196728	0.0	0.0	0.0	0.0	0.0	2.2726481448815723	0.17443510187684602	0.9955137996030194	0.0	0.17443510187684602	0.0	0.17443510187684602	0.0	0.0	0.0	0.0	4.388649277161673	0.6949845652715457	0.0	0.0	0.0	0.0	0.0	1.3754326636682608	3.202245882847655	0.17443510187684602	0.0	1.4794767369002992	0.0	0.3949543633924186	0.9498119777125377	3.510490432339366	0.0
SRR11292201	0.0	3.30542385997088	0.0	0.2809449873537858	4.118305733774327	0.0	0.0	0.0	0.0	0.0	1.791998969105481	0.0	0.6663724489131303	0.0	1.0416186511052596	0.0	0.0	0.0	0.0	0.0	0.0	4.654347173322045	1.0041542243709547	0.0	0.0	0.0	0.0	0.0	0.45012938371725403	3.5545834384952393	0.0	0.2809449873537858	1.1656647693849274	0.0	0.2809449873537858	0.9178672255568746	0.0	0.0
SRR11292202	0.0	1.8177927184953564	0.0	0.0	4.466190368306193	0.0	0.0	0.0	0.36569576966828593	0.0	0.36569576966828593	0.0	0.6957732173353406	0.0	0.5613662347536162	0.0	0.0	0.0	0.36569576966828593	0.0	0.0	4.511003949194657	1.3703071676682015	0.0	0.6957732173353406	0.0	0.0	0.0	0.5613662347536162	3.325264455652591	0.0	0.0	1.649302122711957	0.0	0.0	0.9506890669756701	0.6957732173353406	0.0
SRR11292203	0.9322499858789272	2.948003332784792	0.18743188739715708	0.3179317866704177	4.224577404566446	0.0	0.0	0.0	0.7257058850608359	0.0	1.8320037119483026	0.0	1.0299650407270018	0.0	0.9838499380133752	0.0	0.18743188739715708	0.0	0.0	0.0	0.0	4.573048122426505	3.2279417320292016	0.0	0.0	0.0	1.7846532212631592	0.0	0.499513896818307	3.082941169165892	0.499513896818307	0.0	1.0299650407270018	0.0	0.18743188739715708	0.9039525830373054	3.764229152964752	0.0
SRR11292204	0.0	2.648287187135373	0.0	0.0	4.33961582186692	0.0	0.0	0.0	0.0	0.0	0.0	0.0	0.5670801367940469	0.0	0.9576729136096382	0.0	0.0	0.0	0.0	0.0	0.0	4.497022351849678	0.9576729136096382	0.0	0.0	0.0	0.0	0.0	0.0	2.7978741982463284	0.8048828767518768	0.0	0.5670801367940469	0.0	0.0	0.8048828767518768	3.982052641006039	0.0
SRR11292205	0.0	1.5366678938248213	0.0	0.0	4.525069159770724	0.0	0.0	0.0	0.0	0.0	0.3685373130651491	0.0	0.0	0.0	0.0	0.0	0.0	0.0	0.0	0.0	0.0	4.262314649488182	2.96899510914423	0.0	0.0	0.0	0.802458134862634	0.0	0.0	4.046759565948297	0.0	0.6997545408048704	1.7141719373451514	0.0	0.0	0.802458134862634	0.0	0.0
SRR11292206	0.0	2.796489865207735	0.0	0.0	4.523269872780285	0.23804559229031425	0.0	0.0	0.0	0.0	1.906172168051541	0.0	0.6674520026200406	0.0	0.786040197761772	0.0	0.0	0.23804559229031425	0.0	0.0	0.0	4.404905509261215	1.4693789663114636	0.0	0.23804559229031425	0.0	0.390934388606807	0.0	0.7307812900704166	3.5065146455674245	0.23804559229031425	0.23804559229031425	1.1931234653400957	0.0	0.0	1.049991754200317	3.0830030473752297	0.0