SAMPLE_ID	Acidimicrobiia	Acidithiobacillia	Acidobacteriia	Actinobacteria	Alphaproteobacteria	Anaerolineae	Aquificae	Ardenticatenia	Bacilli	Bacteroidia	Betaproteobacteria	Caldilineae	Calditrichae	Candidatus Brocadiae	Chitinophagia	Chlamydiia	Chlorobia	Chloroflexia	Chthonomonadetes	Clostridia	Coprothermobacteria	Coriobacteriia	Cytophagia	Deferribacteres	Dehalococcoidia	Deinococci	Deltaproteobacteria	Dictyoglomia	Elusimicrobia	Epsilonproteobacteria	Erysipelotrichia	Fibrobacteria	Fimbriimonadia	Flavobacteriia	Fusobacteriia	Gammaproteobacteria	Gemmatimonadetes	Gloeobacteria	Halobacteria	Hydrogenophilalia	Ignavibacteria	Kiritimatiellae	Ktedonobacteria	Lentisphaeria	Methanobacteria	Methanomicrobia	Methylacidiphilae	Mollicutes	Negativicutes	Nitriliruptoria	Nitrososphaeria	Nitrospira	Oligoflexia	Opitutae	Phycisphaerae	Planctomycetia	Rubrobacteria	Saprospiria	Spartobacteria	Sphingobacteriia	Spirochaetia	Synergistia	Tepidiformia	Thermococci	Thermodesulfobacteria	Thermoleophilia	Thermomicrobia	Thermoplasmata	Thermotogae	Tissierellia	Unclassified Actinobacteria Phylum	Unclassified Armatimonadetes Phylum	Unclassified Bacteroidetes Phylum	Unclassified Balneolaeota Phylum	Unclassified Candidatus Bipolaricaulota Phylum	Unclassified Candidatus Cloacimonetes Phylum	Unclassified Candidatus Saccharibacteria Phylum	Unclassified Chloroflexi Phylum	Unclassified Cyanobacteria Phylum	Unclassified Elusimicrobia Phylum	Unclassified Firmicutes Phylum	Unclassified Planctomycetes Phylum	Unclassified Proteobacteria Phylum	Unclassified Tenericutes Phylum	Unclassified Thaumarchaeota Phylum	Unclassified Verrucomicrobia Phylum	Unclassified candidate division Zixibacteria Phylum	Verrucomicrobiae	Vicinamibacteria	Zetaproteobacteria
SRR11292124	0.0	0.0	0.0	0.6885999332020788	1.2664459483944344	0.0	0.0	0.9883160846975074	2.171775939578984	4.5740806687472535	3.0965870556648207	0.0	0.0	0.0	0.0	0.0	0.0	0.0	0.0	3.91575401106998	0.0	1.4346273982014413	0.8917349055467441	0.0	0.0	0.5923453547689191	3.0172053508251064	0.0	0.0	0.9883160846975074	0.9883160846975074	0.0	0.0	0.9427047732572872	4.137202816467291	2.032440120103583	0.0	0.0	0.0	0.0	0.0	0.0	0.0	0.0	0.0	0.0	0.0	1.464559229934299	2.9728872455000372	2.0552969070576355	0.0	0.0	0.0	0.0	0.0	0.2945777759126395	0.0	0.0	0.0	1.0672779697685075	0.0	0.0	0.0	0.0	0.0	0.0	0.0	0.0	0.6885999332020788	0.0	0.0	0.0	2.8098397457266824	0.0	0.0	0.5923453547689191	0.0	0.0	0.2945777759126395	0.0	1.1919423492535635	0.2945777759126395	1.9648607665690931	0.0	0.0	0.5923453547689191	0.0	1.3492995511748613	0.0	0.0
SRR11292125	0.0	0.0	0.5324944800150462	2.365795164751157	2.5828149388834674	1.1152709190221621	0.0	0.0	4.07585202319629	4.407258828205286	2.5367279488062966	0.0	0.0	0.0	0.343207642471915	0.5324944800150462	0.0	0.0	0.0	4.215682882973056	0.5324944800150462	1.306718306843814	1.1152709190221621	0.0	0.0	0.0	2.261978507425233	0.0	0.343207642471915	0.5324944800150462	1.5696009356672793	0.0	0.0	0.6638836389748656	1.2801160488911512	3.420434398391614	0.0	0.0	0.0	0.0	0.343207642471915	0.0	0.0	0.9150767538116296	0.0	0.0	0.0	1.1536252457847156	2.828675876812954	1.7223964641442173	0.0	0.0	0.0	0.0	0.343207642471915	0.0	0.0	0.5324944800150462	0.0	1.4196845068999564	0.6638836389748656	0.343207642471915	0.0	0.0	0.343207642471915	0.0	0.0	0.0	1.4196845068999564	0.6638836389748656	0.0	0.0	3.18878856393978	0.0	0.0	0.0	0.0	0.0	0.8463309149997515	0.0	2.313184872207857	0.0	2.0529636547627232	1.9717695194328213	0.0	0.0	0.0	3.5352858826545295	0.0	0.0
SRR11292126	0.0	0.0	0.0	2.786515349507343	1.203731755787272	0.3519524996401168	0.0	0.7778061769757696	3.481530014857588	4.126925617482163	2.20302933936231	0.0	0.0	0.0	0.0	0.0	0.0	0.3519524996401168	0.0	4.573223218839854	0.0	1.6963872920086458	0.3519524996401168	0.0	0.0	0.3519524996401168	0.5437722839333452	0.0	0.0	0.0	3.5967050184844576	0.0	0.0	0.67636670481248	1.393177822085253	3.5303937980344715	0.0	0.0	0.0	0.0	0.0	0.0	0.0	0.0	0.0	0.0	0.0	0.5437722839333452	2.7417223537765785	0.3519524996401168	0.0	0.0	0.0	0.0	0.0	0.0	0.0	0.0	0.0	1.236398996205943	0.3519524996401168	0.0	0.0	0.0	0.0	0.0	0.0	0.0	1.3218249027351059	0.3519524996401168	0.0	0.0	2.8679369396712264	0.0	0.0	0.0	0.0	0.0	0.3519524996401168	0.0	2.4265051431776947	0.0	1.4544452762532583	0.0	0.0	0.0	0.0	2.432556698718827	0.0	0.0
SRR11292127	0.0	0.0	0.0	2.548492562243604	1.322317806419416	0.7782374493304067	0.0	0.0	3.24770844235261	4.087565394399148	2.4167435477594097	0.0	2.0550983869835378	0.0	0.0	0.0	0.0	0.0	0.0	4.527101408203353	0.0	2.275414242554336	1.322317806419416	0.0	0.0	1.0414867195245716	2.200132050716868	0.0	0.0	0.5441419302092151	3.203136258895721	0.0	0.0	0.7782374493304067	1.6128847708501377	3.5625152413052943	0.0	0.0	0.0	0.0	0.7782374493304067	0.0	0.0	0.0	0.0	0.0	0.0	0.9295101946545754	3.317853415766343	0.0	0.0	0.0	0.0	0.0	0.0	0.7782374493304067	0.0	0.0	0.0	1.6128847708501377	1.0414867195245716	0.7782374493304067	0.0	0.0	0.5441419302092151	0.0	0.0	0.0	1.371166897895819	0.0	0.0	0.0	3.1347585031087712	0.0	0.0	0.0	0.0	0.5441419302092151	1.4150728067756049	0.0	1.6858430428191153	0.0	1.7672575348239448	0.0	0.0	0.0	0.0	3.793264949276994	0.0	0.0
SRR11292128	0.0	0.0	0.0	1.753915470344918	1.486441144372164	0.0	0.0	0.7592235370477658	3.5140349147004217	4.196634101071943	2.3289896123739373	0.0	0.0	0.0	0.0	2.2379817469035355	0.0	0.0	0.0	4.588256056878803	0.0	1.3255672142927837	2.298999333006401	0.0	0.0	0.0	0.5278953215686856	0.0	0.3396561393132488	0.9093517051477344	3.1173963412397123	0.0	0.0	2.1634466547119953	1.067229769786361	2.7357599658009715	0.0	0.0	0.0	0.0	0.5278953215686856	0.0	0.0	0.0	0.0	0.0	0.0	2.277789740837691	3.3856044261128995	2.07341398385996	0.0	0.0	0.0	0.3396561393132488	0.0	0.3396561393132488	0.0	0.5278953215686856	0.0	0.5278953215686856	0.0	0.0	0.0	0.0	0.0	0.0	0.0	0.0	0.3396561393132488	0.0	0.0	0.0	1.7803281545299312	0.0	0.0	0.0	0.0	0.0	2.311747884091778	0.0	1.603566479172186	0.3396561393132488	1.1827672324560123	0.0	0.0	0.0	0.0	2.6514072662156	0.0	0.0
SRR11292129	0.0	0.0	1.5270573767669917	2.0359999241505777	2.3374483859299735	0.0	0.0	0.5338906611578808	3.205735377514199	4.597285465763004	1.5988226340487524	0.0	0.0	0.0	0.34428747612657284	0.665430916713337	0.34428747612657284	0.0	0.0	4.009133261129737	0.0	1.223315959224884	1.1554615873943654	0.0	0.0	0.34428747612657284	2.0947003096906367	0.0	0.0	0.8480248485789582	0.9168118006940078	0.0	0.0	0.9761787707472981	3.8701129920571025	3.0486543555288126	0.0	0.0	0.0	0.0	0.0	0.0	0.0	0.0	0.0	0.0	0.0	0.5338906611578808	3.451220470811907	0.0	1.5270573767669917	1.117094485116957	0.5338906611578808	0.0	0.0	0.0	0.9761787707472981	0.0	0.0	0.34428747612657284	0.34428747612657284	0.0	0.0	0.0	0.0	0.0	0.0	0.0	0.7662542053581317	0.34428747612657284	0.0	0.0	1.8666889896015797	0.0	0.0	0.0	0.0	0.34428747612657284	1.6603936694790438	0.0	1.5572007611294871	0.34428747612657284	1.5715225387784046	0.34428747612657284	0.0	0.0	0.0	2.5888645980721847	0.0	0.0
SRR11292130	0.0	0.0	0.0	1.73037967089708	1.5896357878551035	0.5688041345180419	0.0	0.0	3.1146677980871167	4.593852589177378	2.3479563890260198	0.0	0.0	0.0	0.7039533877317431	1.3281454447983019	0.0	0.0	0.0	4.202589605653371	0.0	1.9217210252218297	1.0198626944507303	0.0	0.0	0.0	1.6592955928386848	0.3715421702482468	0.0	0.3715421702482468	2.653263225584003	0.0	0.0	2.205753692206708	1.3281454447983019	3.109677100671631	0.0	0.0	0.0	0.0	0.3715421702482468	0.0	0.0	1.2691247761778535	0.0	0.0	0.0	1.2691247761778535	2.634594743454135	1.6719805753155912	0.0	0.0	0.0	0.0	0.0	0.3715421702482468	0.0	0.0	0.0	1.5066276202826014	0.8068764356318547	0.0	0.0	0.0	0.0	0.0	0.0	0.0	0.7039533877317431	0.0	0.0	0.0	2.9391939607533812	0.0	0.0	0.0	0.0	0.0	1.2008025561772764	0.0	2.3809426315481326	0.0	1.5417563943503951	0.5688041345180419	0.0	0.7039533877317431	0.0	3.5257402148882155	0.0	0.0
SRR11292131	0.0	0.4620583112537304	0.0	2.006807479148496	1.5905593357173475	0.0	0.0	0.8256336655432783	3.3784424877323613	4.451917299283774	2.6117365973502955	0.0	0.0	0.0	0.5850769082150613	1.557604079210893	0.0	0.0	0.0	4.256302589977764	0.0	1.4964275969135716	1.0929449528946344	0.0	0.0	0.4620583112537304	3.418279912547551	0.2897820491889246	0.2897820491889246	0.8832106821755159	2.197454081330147	0.0	0.0	1.1250015559320137	2.0637566521673563	3.4388616816269297	0.0	0.0	0.0	0.0	0.0	0.0	0.0	0.0	1.6112174186472037	0.0	0.0	2.413453396209243	3.5706078405182544	2.515091956300892	0.0	0.0	0.0	0.0	0.0	0.2897820491889246	0.0	0.7592395004241621	0.0	0.4620583112537304	0.2897820491889246	0.4620583112537304	0.0	0.0	0.0	0.0	0.0	0.0	1.1250015559320137	0.4620583112537304	0.0	0.0	2.660300620550359	0.0	0.0	0.0	0.0	0.0	0.2897820491889246	0.0	1.5219412395125809	0.0	2.138734407188882	0.0	0.0	0.979539125891139	0.0	3.5940011715415454	0.0	0.0
SRR11292132	0.0	0.0	0.0	1.3250409397012206	1.0785928949224057	0.9202539521820007	0.0	0.0	1.9913287106993807	3.8675322507398837	1.0785928949224057	0.0	0.0	0.0	0.0	0.0	0.0	0.0	0.0	4.693585904914458	0.0	2.135025424973406	0.8123702916051627	0.0	0.0	0.0	2.577616895867678	0.0	0.0	0.45188244707276964	1.5536632581205287	0.0	0.0	0.0	0.0	2.260624511377932	0.0	0.0	0.0	0.0	0.45188244707276964	0.0	0.0	0.0	0.0	0.0	0.0	0.0	3.7748230399329437	0.0	0.0	0.0	0.0	0.0	0.0	0.0	0.0	0.0	0.0	0.0	0.0	0.0	0.0	0.0	0.0	0.0	0.0	0.0	1.0065998850312694	0.8123702916051627	0.0	0.0	2.079147482673792	0.0	0.0	0.0	0.0	0.0	0.9202539521820007	0.0	2.2562397101207443	0.0	1.242432875811489	0.0	0.0	0.0	0.0	1.5308559321929696	0.0	0.0
SRR11292133	0.0	0.6309589776005966	0.0	1.7406879943487867	1.239952934025059	0.0	0.0	0.0	3.236891296500243	4.255627940226495	2.482814026746521	0.0	1.568524099334617	0.0	0.7717959452957177	1.034454986716305	0.0	0.0	0.0	4.518671743389459	0.42121099356274455	1.7000836283788245	1.7000836283788245	0.0	0.0	0.0	2.5397486577502457	0.42121099356274455	0.0	0.7717959452957177	3.049019963526554	0.0	0.0	0.8779728376960806	2.050602649185808	3.1778151365223506	0.0	0.0	0.0	0.0	0.42121099356274455	0.0	0.0	0.0	0.0	0.0	0.0	1.149246834554948	3.3849452363317196	2.582703775297888	0.0	0.0	0.0	0.0	0.0	0.6309589776005966	0.0	0.0	0.0	1.9009425309035213	0.6309589776005966	0.42121099356274455	0.0	0.0	0.0	0.0	0.0	0.0	1.1969636851982337	0.6309589776005966	0.0	0.0	3.401057523675158	0.0	0.0	0.0	0.0	0.0	0.7717959452957177	0.0	1.587318999283835	0.7717959452957177	1.926950433898346	0.0	0.0	0.6309589776005966	0.42121099356274455	3.303625420529472	0.0	0.0
SRR11292134	0.0	0.0	0.0	2.018978858259884	1.5602674702742043	0.0	0.0	0.0	1.4188949425094564	4.603603181621839	2.9275759507114443	0.0	1.6667473155587864	0.0	0.0	0.0	0.0	0.0	0.0	4.264142923509822	0.0	1.091882368826014	1.1725944951999334	0.0	0.0	0.0	1.9690001006548519	0.0	0.0	0.0	2.484430605389073	0.0	0.0	0.8638555571389375	0.0	2.443000652877233	0.0	0.0	0.0	0.0	0.6799160415166849	0.0	0.0	0.0	0.0	0.0	0.0	0.5469846060510178	3.142298500223217	0.0	0.0	0.0	0.0	0.0	0.0	0.0	0.0	0.0	0.0	1.351225290347339	0.35445264554955574	0.0	0.0	0.0	0.0	0.0	0.0	0.0	0.5469846060510178	0.9926658694149428	0.0	0.0	3.123742850241849	0.0	0.0	0.0	0.0	0.5469846060510178	0.8638555571389375	0.0	2.860498847819251	0.35445264554955574	1.7893410189792014	0.0	0.0	0.0	0.0	2.145498192303354	0.0	0.0
SRR11292135	0.0	0.0	0.2577382733805398	3.030255121280702	1.9548566998078398	0.5353886243945998	0.0	0.0	2.5362240730568306	3.813779062868617	1.681190853012376	0.0	0.0	0.2577382733805398	0.5353886243945998	0.0	0.0	0.0	0.0	4.457538657667157	0.0	2.0676866241906366	1.1190489996699031	0.0	0.0	0.0	0.9591601252458686	0.0	0.0	0.5353886243945998	3.724344494207297	0.0	0.0	0.5353886243945998	0.2577382733805398	2.6043050902539933	0.0	0.0	0.0	0.0	0.0	0.0	0.0	0.0	0.0	0.0	0.0	0.8242392272269743	2.2515031469321225	0.0	0.0	0.0	0.7033983567560647	0.0	0.7033983567560647	0.0	0.0	0.4183837733588247	0.0	0.7033983567560647	0.0	0.0	0.0	0.0	0.0	0.0	0.0	0.0	0.7033983567560647	0.9961935853568935	0.0	0.0	1.9813614838850173	0.0	0.0	0.9186718314256922	0.0	1.0303157331396078	0.9591601252458686	0.0	2.5216502594301184	0.7033983567560647	1.4910702880154842	0.2577382733805398	0.0	0.5353886243945998	0.0	4.315452007389944	0.0	0.0
SRR11292136	0.0	0.7472717124553733	0.4030173459223241	2.3537655876826014	1.4552893249961962	0.4030173459223241	0.0	0.8029717846983583	2.310502286170047	4.514511320129426	2.2696466709060616	0.0	0.0	0.2466707650758995	0.0	0.6833620622228138	0.2466707650758995	0.0	0.0	4.399421688755457	0.5177365851984848	1.2509902910929267	1.0684008451177336	0.0	0.0	0.4030173459223241	3.3712381451189035	0.0	0.0	1.1461246751023986	2.871740972441176	0.0	0.0	1.0075939183015163	0.7472717124553733	2.024337181154573	0.0	0.0	0.0	0.0	0.2466707650758995	0.0	0.0	0.0	0.0	0.0	0.0	2.226520494656868	3.1127393472320097	2.066212680873568	0.0	0.0	0.2466707650758995	0.0	0.0	0.0	0.0	0.5177365851984848	0.0	0.8966527170428175	0.5177365851984848	0.0	0.0	0.0	0.2466707650758995	0.0	0.0	0.0	0.9368652128220734	0.0	0.0	0.0	2.7269152747575593	0.0	0.0	0.0	0.0	0.0	0.2466707650758995	0.0	1.3791420199304179	0.5177365851984848	2.018011211810471	0.2466707650758995	0.0	0.2466707650758995	0.0	0.2466707650758995	0.2466707650758995	0.0
SRR11292137	0.0	0.0	0.0	1.838213776060322	1.0337313916905944	0.2441372442703422	0.0	0.931678951056066	3.531251505134613	4.393645513941047	2.2948035213430784	0.0	0.0	0.0	0.0	1.9319493654581685	0.0	0.0	0.0	4.328568322644556	0.2441372442703422	2.385916397766685	2.7006559048741554	0.0	0.0	0.0	2.7315178899108425	0.0	0.0	0.7424587453367886	3.1032735374281857	0.0	0.0	1.4832014513984502	0.6039817617188712	2.620602420398067	0.0	0.0	0.0	0.0	0.0	0.0	0.0	0.0	1.7715248898304405	0.0	0.0	0.8472936561499249	2.9767239121001494	1.9507000706251743	0.0	0.0	0.0	0.0	0.0	0.0	0.0	0.2441372442703422	0.0	1.185662880755316	0.39947810469557293	1.297998293218497	0.0	0.0	0.0	0.0	0.0	0.0	0.7980318297626358	0.513657604415627	0.0	0.0	2.799997075309829	0.6039817617188712	0.0	0.2441372442703422	0.2441372442703422	0.0	0.0	0.0	1.6792003355430392	0.513657604415627	1.7308665362496127	0.2441372442703422	0.0	0.513657604415627	0.0	3.966229994331648	0.0	0.0
SRR11292138	0.0	0.0	0.0	1.488044316094388	1.038277083569945	0.0	0.0	0.0	2.16727555523383	3.913529535424895	0.9779078273063108	0.0	0.0	0.0	0.0	0.0	0.0	0.0	0.0	4.713262898406432	0.0	2.391287254506257	0.9077709126328669	0.0	0.0	0.0	2.09942434754826	0.0	0.0	0.0	2.277622993023877	0.0	0.0	0.383337457862068	0.5837287746525708	2.7532137415635103	0.0	0.0	0.0	0.0	0.0	0.0	0.0	0.0	0.0	0.0	0.0	0.383337457862068	3.316036244117552	0.0	0.0	0.0	0.0	0.0	0.0	0.0	0.0	0.0	0.0	0.5837287746525708	0.720325983835763	0.0	0.0	0.0	0.383337457862068	0.0	0.0	0.0	0.8240837537166057	0.5837287746525708	0.0	0.0	2.179660565049461	0.0	0.0	0.0	0.0	0.383337457862068	1.038277083569945	0.0	2.6669573590864264	0.5837287746525708	1.5442680531908661	1.0912696692538537	0.0	0.383337457862068	0.0	0.5837287746525708	0.0	0.0
SRR11292139	0.0	0.0	0.0	2.6404303725050986	1.1120617207215564	0.34131179323179633	0.0	0.7617413920079451	3.5754305585193302	4.124839218594037	2.7349984727108514	0.0	0.0	0.0	0.0	0.7617413920079451	0.5300407562941385	0.0	0.0	4.555634442330498	0.34131179323179633	2.1295949542862913	2.1447237868484232	0.0	0.0	0.5300407562941385	2.80292119914222	0.0	0.0	1.070016356051181	1.957025046010474	0.0	0.0	1.0234598117254088	2.540792479667344	3.4942548029590483	0.0	0.0	0.0	0.0	0.0	0.0	0.0	1.2484959930679596	0.0	0.0	0.0	1.643429699261958	2.9657920772244024	2.097658082778026	0.0	0.0	0.5300407562941385	0.0	0.34131179323179633	0.34131179323179633	0.0	0.34131179323179633	0.0	1.374624011116146	0.0	0.34131179323179633	0.0	0.0	0.0	0.0	0.0	0.0	1.489388808452579	0.9713064001961811	0.0	0.0	3.0450820693674454	0.0	0.0	0.6611630617644889	0.34131179323179633	0.7617413920079451	1.0234598117254088	0.0	2.634453813120718	0.6611630617644889	1.8393501132556684	0.5300407562941385	0.0	0.7617413920079451	0.0	3.419335529773328	0.0	0.0
SRR11292140	0.0	0.0	0.7300855909642443	2.2960328983653864	1.4208462684812238	0.43910373362681776	0.0	0.0	3.41719501318242	4.39710436125365	2.58127791181352	0.0	0.0	0.0	0.2728333797180628	0.0	0.0	0.0	0.652932657130096	4.470656685160657	0.0	2.495705646920388	1.17575540943433	0.0	0.0	0.43910373362681776	1.8868399959155147	0.0	0.0	0.2728333797180628	2.7285016625537213	0.0	0.0	0.9027751355826281	0.7955777643746702	3.4272480970168124	0.0	0.0	0.0	0.0	0.0	0.0	0.0	0.0	0.0	0.0	0.0	0.43910373362681776	3.101859685534284	2.502921129503035	0.0	0.2728333797180628	0.0	0.0	0.0	0.2728333797180628	0.0	0.2728333797180628	0.0	1.17575540943433	0.7955777643746702	0.652932657130096	0.2728333797180628	0.0	0.2728333797180628	0.0	0.0	0.0	0.7955777643746702	0.652932657130096	0.0	0.0	2.924888191860122	0.0	0.0	0.2728333797180628	0.0	0.2728333797180628	0.43910373362681776	0.0	1.6831449298918064	0.652932657130096	1.641865485656518	0.2728333797180628	0.0	0.0	0.0	1.6831449298918064	0.0	0.0
SRR11292141	0.0	0.0	0.0	1.5329580352621552	1.1537050664748218	0.0	0.0	0.0	2.9946939211692047	4.5728202844711054	1.7047851159171423	0.0	0.0	0.0	0.0	0.0	0.0	0.0	0.0	4.236316831828639	0.0	1.383477779464416	0.0	0.0	0.0	0.0	2.1664608290723364	0.0	0.0	0.6346384074874502	1.6754336302524382	0.0	0.0	1.610012425639086	3.2445610408722945	3.3005725439637157	0.0	0.0	0.0	0.0	0.0	0.0	0.0	0.0	0.0	0.0	0.0	1.439218902787639	2.8173648275374603	0.0	0.0	0.0	0.8821372508599371	0.0	0.0	0.0	0.0	0.0	0.0	0.6346384074874502	0.0	0.0	0.0	0.0	0.0	0.0	0.0	0.0	0.8821372508599371	0.0	0.0	0.0	2.0156094567545164	0.0	0.0	0.6346384074874502	0.0	0.0	0.0	0.0	1.244474976220046	0.0	1.7825356140468969	0.0	0.0	0.0	0.0	3.526633029691488	0.0	0.0
SRR11292142	0.0	0.0	0.4120482846035824	2.1420188910566287	1.1354627299003557	0.0	0.0	0.0	4.4006071739545005	2.7503574005681015	0.9500110672270266	0.0	0.0	0.0	0.0	0.4120482846035824	0.0	0.0	0.0	4.548860193542292	0.0	2.8493064310211715	1.1354627299003557	0.0	0.0	0.4120482846035824	1.5138957688633567	0.0	0.0	0.0	2.66269996962364	0.0	0.0	0.4120482846035824	0.0	2.655163397105585	0.0	0.0	0.0	0.0	0.4120482846035824	0.0	0.0	0.0	0.0	0.0	0.0	1.0819889522009802	2.161403356466213	0.8651151845684407	0.0	0.0	0.0	0.0	0.0	0.0	0.0	0.0	0.0	0.0	0.0	0.4120482846035824	0.0	0.0	0.0	0.0	0.0	0.0	1.0819889522009802	0.7594897022745045	0.0	0.0	1.7129989630480549	0.0	0.0	0.4120482846035824	0.0	0.0	1.2259672822084453	0.0	2.2190207806834166	0.0	1.0819889522009802	2.6536402601354254	0.0	0.0	0.0	2.2063867128362866	0.0	0.0
SRR11292143	0.0	0.0	0.0	2.4375226844215176	1.1280585888589714	0.0	0.0	0.9392410334993204	2.6353711256162593	4.673945671868381	2.8274926319375178	0.0	0.4433627173371815	0.20191008218899378	0.20191008218899378	0.0	0.0	0.0	0.0	4.032440140648296	0.5273097219409799	1.066468450740735	1.108483233949285	0.0	0.0	0.4433627173371815	0.7585359090142623	0.0	0.4433627173371815	0.33920455069619393	2.066014260186034	0.0	0.0	0.8011917901006496	1.3709090105169166	3.150574489874233	0.0	0.0	0.0	0.0	0.0	0.0	0.0	0.0	0.0	0.0	0.0	0.5273097219409799	3.1894870071718633	0.0	0.0	0.0	0.0	0.33920455069619393	0.0	0.4433627173371815	0.0	0.0	0.0	1.5101372328793303	0.20191008218899378	0.33920455069619393	0.0	0.0	0.0	0.0	0.0	0.0	0.9086216799381451	0.0	0.0	0.0	3.130489558671601	0.0	0.0	0.0	0.0	0.33920455069619393	0.20191008218899378	0.0	1.2299565057187436	0.0	1.5694280513579486	0.0	0.0	0.33920455069619393	0.0	0.33920455069619393	0.0	0.0
SRR11292144	0.0	0.0	0.0	2.3907257358858987	1.3136672018644837	0.0	0.0	0.7158335536150714	2.7647131199494908	4.456243879255922	2.761567675434054	0.0	0.0	0.0	0.3800886222451626	0.5796287031147815	0.3800886222451626	0.0	0.0	4.4082434492499685	0.0	1.7107569839653451	1.2146464436192894	0.0	0.0	0.0	0.5796287031147815	0.0	0.3800886222451626	0.5796287031147815	3.7245243181664214	0.0	0.0	0.3800886222451626	1.4180990910803486	2.0635001492494855	0.0	0.0	0.0	0.0	0.0	0.0	0.0	0.0	0.0	0.0	0.0	0.7158335536150714	2.9498626396444454	0.0	0.0	0.0	0.0	0.3800886222451626	0.0	0.3800886222451626	1.033232999132215	0.0	0.0	1.0861668401426734	0.3800886222451626	0.0	0.0	0.0	0.0	0.0	0.0	0.0	0.7158335536150714	0.0	0.0	0.0	3.118913798643294	0.0	0.0	0.0	0.0	0.5796287031147815	0.7158335536150714	0.0	2.7410993643879342	0.3800886222451626	1.3942499336495695	0.5796287031147815	0.0	0.0	0.0	0.0	0.0	0.0
SRR11292145	0.0	0.0	0.0	2.240550314151483	1.1389920822152293	0.33467017925029696	0.0	0.0	3.379751785066893	4.598796350964654	1.7167324664724959	0.0	0.0	0.0	0.0	0.0	0.0	0.33467017925029696	0.0	4.207621344344498	0.0	1.5681239835382583	0.751610609484211	0.0	0.0	0.0	2.625796737227587	0.0	0.33467017925029696	0.33467017925029696	3.4851238997975673	0.0	0.0	0.8328526010880904	0.6515910269730116	1.779704050725205	0.33467017925029696	0.0	0.0	0.0	0.0	0.0	0.0	0.0	0.0	0.0	0.0	0.751610609484211	3.2246870564264807	0.0	0.0	0.0	1.1007414987090207	0.5214196798596917	0.0	0.0	0.33467017925029696	0.33467017925029696	0.0	0.8328526010880904	0.0	0.0	0.0	0.0	0.0	0.0	0.0	0.0	1.1389920822152293	0.0	0.0	0.0	1.819677458768816	0.0	0.0	0.0	0.0	0.0	0.5214196798596917	0.0	1.291751177980332	0.33467017925029696	2.013573420408865	0.0	0.0	0.33467017925029696	0.0	0.33467017925029696	0.0	0.0
SRR11292146	0.0	0.0	2.630980963887971	1.8907159334093318	1.6995901713458361	0.0	0.0	0.3537705413762018	2.50081097429195	4.679545538222016	1.8140501078712457	0.0	0.0	0.0	0.3537705413762018	0.0	0.3537705413762018	0.0	0.0	3.854249829140666	0.3537705413762018	1.6412781259343512	1.4381163677565718	0.0	0.0	0.3537705413762018	2.6019110185534458	0.0	0.0	0.8627997013315734	2.245255178453413	0.0	0.0	1.2394784197160267	1.1714533761137356	3.624912114814194	0.0	0.0	0.0	0.0	0.0	0.0	0.0	0.0	0.0	0.0	0.0	1.3249380756986295	2.843113128990426	0.0	0.0	0.0	0.7805311130631241	0.7805311130631241	0.0	0.0	0.0	0.9915670057039877	0.0	1.3500564093851728	0.0	0.3537705413762018	0.0	0.0	0.0	0.0	0.0	0.0	0.6789485409713636	0.5461087240501208	0.0	0.0	2.996728303878834	0.0	0.0	0.0	0.0	0.0	0.3537705413762018	0.6789485409713636	1.0907580628550264	0.0	2.0811060385719276	0.0	0.0	0.0	0.0	3.1061425030691145	0.0	0.0
SRR11292147	0.0	0.0	0.0	3.3010572357413697	1.341374362599176	0.3634587220963935	0.0	0.0	3.565979851332604	3.4395849254309576	1.4547364156202665	0.0	0.0	0.0	1.0596951538409938	0.0	0.5585129667944351	0.0	0.0	4.656601007386621	0.0	2.487632204271838	1.5280115031366572	0.0	0.0	0.0	0.0	0.0	0.0	0.3634587220963935	2.4985922613275724	0.0	0.0	1.0070772521759774	0.6926314725096578	3.6025469573325686	0.3634587220963935	0.0	0.0	0.0	0.7949576309985871	0.0	0.0	0.0	0.0	0.0	0.0	0.9471939516148371	3.6470423142851134	0.0	0.0	0.0	0.0	0.0	0.0	0.0	0.0	0.0	0.0	0.3634587220963935	0.5585129667944351	0.0	0.0	0.0	0.0	0.0	0.0	0.0	0.5585129667944351	0.5585129667944351	0.0	0.0	2.007778675319219	0.0	0.0	0.0	0.0	0.0	1.0596951538409938	0.0	1.871072732141321	0.6926314725096578	1.5906898845592252	0.3634587220963935	0.0	0.3634587220963935	0.0	2.8795023957169574	0.0	0.0
SRR11292148	0.0	0.0	0.0	1.8549543489926485	1.4427319887965482	0.0	0.0	0.6827391857155921	3.1025015439565338	4.480907653575663	1.6428262078195692	0.0	0.0	0.0	0.0	0.0	0.0	0.0	0.0	4.399174940839092	0.0	1.1570953351206654	1.185037364862725	0.0	0.0	0.0	2.0442527686132927	0.0	0.0	1.2112897946300585	1.5483803352697187	0.0	0.0	0.4636380476140617	3.1682757066845384	3.3503218747113914	0.0	0.0	0.0	0.0	0.2909570370014349	0.0	0.0	0.0	0.0	0.0	0.0	0.5868615651746976	3.2460930886362487	0.0	0.0	0.0	0.5868615651746976	0.0	0.0	0.2909570370014349	0.0	0.0	0.0	0.5868615651746976	0.5868615651746976	0.0	0.0	0.0	0.2909570370014349	0.0	0.0	0.0	1.0605319245906457	0.4636380476140617	0.0	0.0	1.9041425738714133	0.0	0.0	0.0	0.0	0.0	1.582196349062946	0.0	1.185037364862725	0.5868615651746976	1.792849225240916	0.0	0.0	0.4636380476140617	0.0	3.1254475261638994	0.0	0.0
SRR11292149	0.0	0.0	0.0	3.613758719876916	1.4111453789129562	0.6293537550775574	0.0	0.0	2.8522118882448377	4.295438534872995	2.7599060659964247	0.0	0.0	0.0	0.3624411741324175	2.3626058073081135	0.21798124296736449	0.0	0.21798124296736449	4.436963873257812	0.0	2.7861616467588153	1.8497404296295896	0.0	0.0	1.8497404296295896	2.408051900142978	0.0	0.0	0.7934497710377453	2.922243507313754	0.0	0.0	1.0054579230105813	0.7453272623506464	3.661965235538486	0.3624411741324175	0.0	0.0	0.0	0.0	0.0	0.5572137805995452	0.0	2.550996443102983	0.0	0.0	0.8367679371598202	3.3771254478245925	0.8367679371598202	0.0	0.0	0.21798124296736449	0.0	0.0	0.0	0.0	0.6912002401762767	0.0	1.4429108476621995	0.3624411741324175	0.7934497710377453	0.0	0.0	0.21798124296736449	0.0	0.0	0.0	1.1049658051665832	0.21798124296736449	0.0	0.0	3.128575736655117	0.0	0.0	0.21798124296736449	0.0	0.6293537550775574	0.6293537550775574	0.21798124296736449	2.209560429900734	1.0821437805544585	1.8033306560954647	0.3624411741324175	0.0	1.0580556241829804	0.0	2.5620011017593285	0.21798124296736449	0.0
SRR11292150	0.0	0.0	2.2745810477651776	2.089260939105289	1.2747806524487206	0.3954280314008141	0.0	0.8415050373019558	3.6475202311176718	3.854823989895908	1.3077646879542173	0.0	0.0	0.0	0.0	1.4873029050965165	0.0	0.0	0.0	4.48750319044929	0.0	2.42395578443174	1.6293717320308412	0.0	0.0	1.7917527159258388	1.4873029050965165	0.0	0.0	0.0	3.3298586564180983	0.0	0.0	3.195837188739945	2.458965909008728	3.1152293279974863	0.0	0.0	0.0	0.0	0.8415050373019558	0.0	0.0	0.0	4.064195592243932	0.0	0.0	0.8415050373019558	2.6397607443020576	1.9892842837317193	0.0	0.0	0.0	0.0	0.0	0.0	0.0	0.3954280314008141	0.3954280314008141	1.5813754606512445	0.0	0.3954280314008141	0.5989177429394579	0.0	0.0	0.0	0.0	0.0	1.4657701387347057	2.124558884797475	0.0	0.0	2.6846784593974817	0.0	0.0	0.3954280314008141	0.0	0.9257197951361928	2.949811116510317	0.0	3.149470675390996	0.5989177429394579	2.0565397543569057	0.7369336515802632	0.0	0.8415050373019558	0.0	2.485074094085443	0.0	0.0
SRR11292151	0.0	0.0	0.32697335908566605	1.6173370711157442	1.480020887851323	0.0	0.0	0.6404161049844523	2.448173465809768	4.310492698150002	1.3703702947734084	0.0	0.0	0.0	0.32697335908566605	0.32697335908566605	0.0	0.0	0.7397666560196355	4.535746219637577	0.0	2.5126577315609393	1.0874670152885892	0.0	0.0	0.32697335908566605	1.3906772541501902	0.0	0.0	0.0	2.891714793332119	0.0	0.0	0.6404161049844523	0.6404161049844523	3.1656650075403925	0.0	0.0	0.0	0.0	0.7397666560196355	0.0	0.0	0.0	0.0	0.0	0.0	0.7397666560196355	3.6901982273052685	2.5126577315609393	0.0	0.0	0.32697335908566605	0.0	0.0	0.32697335908566605	0.5113790782218184	0.0	0.0	1.1256197109790773	0.5113790782218184	0.0	0.0	0.0	0.0	0.0	0.0	0.0	1.1931380963038434	0.8205673412806116	0.0	0.0	2.7612944148954113	0.0	0.0	0.0	0.0	0.7397666560196355	1.1256197109790773	0.0	2.478381046463676	0.0	1.4635623739792294	0.0	0.0	0.0	0.0	0.32697335908566605	0.0	0.0
SRR11292152	0.0	0.0	1.7668636307006669	2.5371362363392898	2.3508543971240683	0.0	0.0	0.0	2.4417735518713544	4.157222313456488	2.9032123254580045	0.0	0.0	0.0	0.0	1.0587065050562665	0.36284495854143795	0.36284495854143795	0.0	4.504210313498873	0.0	1.933917569429357	2.08796204082974	1.8544268204295664	0.36284495854143795	0.0	2.305592681368286	0.36284495854143795	0.36284495854143795	0.9462332455412128	2.7877991905738297	0.0	0.0	2.1603233076423614	1.5097691832244828	2.7133560465132986	0.0	0.0	0.0	0.0	0.36284495854143795	0.0	0.0	0.0	2.608350985229649	0.7940483253123052	0.0	1.8544268204295664	3.107040098541291	2.6838445203090378	0.0	0.0	0.5577294258178791	0.36284495854143795	0.0	0.7940483253123052	0.0	0.36284495854143795	0.0	1.1056230703963046	0.7940483253123052	0.0	0.0	0.0	0.5577294258178791	0.0	0.0	0.0	0.9462332455412128	0.0	0.0	0.0	4.046498400223166	0.5577294258178791	0.0	2.001085297632596	0.0	0.6917683464147044	1.9837725607201164	0.0	1.7367380442960405	0.8767730117144106	1.9718350248118877	0.6917683464147044	0.0	0.6917683464147044	0.0	2.5941462153862993	0.36284495854143795	0.0
SRR11292153	0.0	0.0	0.0	3.012352583005292	1.859339624858406	0.41850288615175973	0.0	0.7681679931334848	1.736397642750548	4.531990326552507	1.5240626995945574	0.0	0.0	0.0	0.41850288615175973	0.0	0.0	0.41850288615175973	0.0	4.397266305453883	0.41850288615175973	1.5240626995945574	1.6813794412432654	0.0	0.0	0.0	1.5642725605445371	0.0	0.7681679931334848	0.0	3.102834900977416	0.0	0.0	2.0648560417996853	1.5446328258689608	2.1765308729971045	0.0	0.0	0.0	0.0	0.0	0.0	0.0	0.0	0.0	0.0	0.0	0.41850288615175973	2.711744498251324	0.0	0.0	0.0	0.0	0.41850288615175973	0.0	0.41850288615175973	0.0	0.0	0.0	0.0	0.0	0.0	0.0	0.0	0.41850288615175973	0.0	0.0	0.0	0.9593315706677837	0.0	0.0	0.0	1.9226322555895374	0.0	0.0	0.0	0.0	0.0	0.7681679931334848	0.0	1.310790937945678	0.7681679931334848	1.6664623875696796	0.41850288615175973	0.0	0.0	0.0	3.144145909009348	0.0	0.0
SRR11292154	1.003123886269123	0.0	1.5065679338620346	3.710284206451612	2.972815231757444	1.8511694103835175	1.712187012022422	1.3371882777919348	3.583578704142183	4.294279664452836	3.4098867584391206	0.0	1.1448938382471916	0.0	1.9745759281670379	1.2515981187622267	0.0	0.791277083934385	0.0	4.275768633069947	0.0	1.4086556413498144	2.46047387346097	0.791277083934385	0.0	2.2549146318214164	2.5272057217951427	0.0	0.9433046507581467	1.2820412814926496	2.9398357034926454	0.0	0.0	2.232435853613051	1.7732100591059696	3.5652853182414423	1.1448938382471916	0.0	0.689138411400136	0.0	1.6007639918601657	0.0	0.0	0.689138411400136	2.5500024475637537	1.003123886269123	1.6661523013000346	1.6007639918601657	3.0161227272612443	1.1448938382471916	1.4300837882859632	1.2515981187622267	0.9433046507581467	1.1448938382471916	1.1025792553276221	1.586416083495516	1.4086556413498144	1.8590270880524586	0.0	1.586416083495516	2.0459575261568457	1.7732100591059696	0.689138411400136	0.5553428726999472	0.5553428726999472	1.003123886269123	0.0	0.0	1.8963146619533802	1.3623403277311328	0.5553428726999472	0.0	3.1125148621323473	3.1792275380395525	0.0	0.689138411400136	0.0	0.3609770031984504	2.4814057997021464	0.3609770031984504	3.066263406605729	1.6281115684328005	2.5101571076223017	0.9433046507581467	0.3609770031984504	1.5715779163363612	0.5553428726999472	2.310642870254609	0.8739094549980478	0.0
SRR11292155	0.0	0.0	0.0	2.7267402458788217	1.606781425769779	0.5211167883175389	0.0	0.7512540327101098	2.7530212533120624	4.226878268607446	1.8896077185842612	0.0	0.0	0.0	0.24877708809577662	0.4059535958831778	0.24877708809577662	0.0	0.0	4.610528199919694	0.0	1.0728344585514045	1.369681324250306	0.0	0.0	1.7227136813056632	2.1092107308152026	0.4059535958831778	0.0	1.0434655495567358	2.79375064919893	0.0	0.0	0.9780009974256819	0.8565012676261438	3.015211917327925	0.24877708809577662	0.0	0.0	0.0	0.4059535958831778	0.0	0.0	0.0	0.0	0.0	0.0	1.1003424890725364	3.117324821742422	1.397447259562003	0.0	0.24877708809577662	0.0	0.0	0.0	0.0	0.0	0.5211167883175389	0.0	0.7512540327101098	1.3243906206094247	0.0	0.0	0.0	0.4059535958831778	0.0	0.0	0.0	0.9411530514297392	0.4059535958831778	0.0	0.0	2.6519837325067313	0.0	0.0	0.0	0.0	0.0	1.8293166406895451	0.0	2.1700357744323453	0.6872073884207246	1.6230816483350565	2.8446455177219927	0.0	0.7512540327101098	0.0	2.604584400464658	0.0	0.0
SRR11292156	0.0	0.23417079186284287	1.3778197997125972	1.8102473169525473	2.0619838483774613	0.5864214200761281	0.0	0.49746795387892917	2.722961189024586	4.105851707953241	2.2509774102523346	0.0	0.0	0.0	0.5864214200761281	0.23417079186284287	0.3854745268133285	0.49746795387892917	1.2589042753914086	4.513107926193516	0.0	1.9086926010524323	1.403077092544232	0.0	0.0	0.9109611863319702	2.646052866728963	0.0	0.23417079186284287	0.827178697833647	3.761192364457002	0.0	0.0	0.9811649850471279	0.827178697833647	2.3431955561458295	0.49746795387892917	0.0	0.0	0.0	0.3854745268133285	0.0	0.0	0.0	0.0	0.0	0.0	1.7593345304766959	2.8542555296452727	2.2812424434361476	0.0	0.0	0.49746795387892917	0.23417079186284287	0.23417079186284287	0.49746795387892917	0.0	0.7783264043823857	0.23417079186284287	1.2414599104366655	0.5864214200761281	0.3854745268133285	0.23417079186284287	0.0	0.49746795387892917	0.0	0.23417079186284287	0.0	1.3073901222704378	0.5864214200761281	0.0	0.0	2.9684927169971873	0.0	0.0	0.0	0.0	0.49746795387892917	1.0689080507817297	0.0	2.2746967944292473	1.0689080507817297	1.847074249475921	2.4011172056064494	0.0	1.8970485493953182	0.0	3.932118211533311	0.23417079186284287	0.0
SRR11292157	0.0	0.0	0.0	3.5495588925977777	1.3188662152352115	0.0	0.0	0.0	2.047386724915891	4.182979075492125	2.3390113265404286	0.0	0.0	0.0	0.0	0.0	0.0	0.0	0.0	4.630072631651591	0.0	2.476428752887476	1.3381212494535109	0.0	0.0	0.0	2.1741072750079073	0.0	0.0	0.2888503653294156	2.1849612304226347	0.0	0.0	1.207231357630359	0.6793151943653121	1.9967206817366507	0.0	0.0	0.0	0.0	0.0	0.0	0.0	0.0	0.46080464126077214	0.0	0.0	0.2888503653294156	1.2553791050202596	0.0	0.0	0.0	0.0	0.0	0.0	0.0	0.0	0.0	0.0	0.9323478943718903	0.6793151943653121	0.46080464126077214	0.0	0.0	0.46080464126077214	0.0	0.0	0.0	1.0911841885294546	0.2888503653294156	0.0	0.0	3.0942343746605316	0.0	0.0	0.2888503653294156	0.0	0.46080464126077214	0.5836600138816106	0.0	1.8207504204442289	0.881546103818667	1.4532572893751523	1.056584316303679	0.0	0.0	0.0	1.407593780175357	0.0	0.0
SRR11292158	0.0	0.0	0.0	1.943057340351824	0.9799595806573652	0.34660545976586693	0.0	0.34660545976586693	2.1967984300564574	4.246921939351072	1.2576323644258856	0.0	0.0	0.0	0.34660545976586693	1.1209984814782055	0.0	0.0	0.0	4.604527182956828	0.0	1.3838966409079607	1.463739142809033	0.0	0.0	0.9205274749864096	2.7967831046416256	0.0	0.0	0.0	1.898520186316482	0.0	0.0	1.2576323644258856	0.5368842972516874	2.3464579623871797	0.0	0.0	0.0	0.0	0.6687467197992418	0.0	0.0	0.0	0.0	0.0	0.0	1.032228934117949	2.638048059352622	1.7754063120940307	0.0	0.0	1.1593927533838515	0.0	0.0	0.0	0.0	0.0	0.0	1.2272896710795644	0.769758573901243	0.0	0.0	0.0	0.0	0.0	0.0	0.0	1.1593927533838515	0.0	0.0	0.0	3.5317720275170466	0.0	0.0	0.0	0.0	0.0	0.5368842972516874	0.0	1.4987553103931956	0.0	2.111382017263371	2.463065355489456	0.0	0.0	0.0	2.586257148581358	0.0	0.0
SRR11292159	0.0	0.0	0.6390171622323454	2.231577099681577	0.887087142521288	0.0	0.0	1.0439856632206657	2.108906683321979	4.455802501720643	2.2400434711702193	0.0	0.0	0.0	0.6390171622323454	0.427753066500663	0.0	0.0	0.0	4.486072403621801	0.0	1.2498451386932445	1.4941214303730885	0.0	0.0	0.0	2.2605142988668625	0.0	0.0	0.6390171622323454	3.2829728315886255	0.0	0.0	2.7645238144398814	0.9725835870045672	1.763726987296718	0.0	0.0	0.0	0.0	0.0	0.0	0.0	0.0	0.0	0.0	0.0	0.6390171622323454	2.770744192429541	2.65541373873094	0.0	0.0	0.0	0.0	0.0	0.0	0.0	0.6390171622323454	0.0	2.0071446598191964	1.2498451386932445	0.0	0.0	0.0	0.0	0.0	0.0	0.0	1.5168692360352074	0.0	0.0	0.0	2.0734807227048377	0.0	0.0	0.427753066500663	0.0	0.780528737268906	0.0	0.0	1.4447055259154575	0.6390171622323454	1.388936218046975	0.427753066500663	0.0	0.0	0.0	2.0415780199386715	0.0	0.0
SRR11292160	0.0	0.0	0.9525886055577331	3.358750351470407	1.8657923798830618	0.6647184912139356	0.0	0.7279458284735622	2.438911684525999	4.587600101300389	3.074516088637988	0.0	0.0	0.0	0.8320809515794364	0.0	0.0	0.0	0.0	3.8799645795414865	0.0	1.4207097139333942	0.7279458284735622	0.0	0.0	0.5014000461611762	3.0240048758912064	0.0	0.0	0.5906915362841132	1.796253965879393	0.0	0.0	1.6186036095237613	3.9990659219544917	2.8463306770523285	0.0	0.0	0.0	0.0	0.5014000461611762	0.0	0.0	0.0	0.0	0.0	0.0	1.2811259054199826	2.8852981148721737	2.028277435229853	0.5014000461611762	0.0	0.3888691765407421	0.3888691765407421	0.0	0.0	0.23657827271716964	1.0176224319727964	0.0	0.8320809515794364	0.7831271311788017	0.23657827271716964	0.0	0.0	0.0	0.0	0.0	0.0	0.8320809515794364	1.3961535199841237	0.0	0.0	2.877028588995439	0.0	0.0	0.0	0.0	0.23657827271716964	1.2972840139037878	0.0	1.3279013844678895	0.23657827271716964	2.034131302443096	0.0	0.0	0.5906915362841132	0.0	2.1038185230469653	0.0	0.0
SRR11292161	0.0	0.4433357238224462	0.0	2.600650718362853	1.066429875313551	0.4433357238224462	0.0	0.8011562633175257	3.671008638495495	4.0904564162250505	2.44951455826939	0.0	0.0	0.0	0.2759404299401092	0.0	0.0	0.0	0.0	4.561649465221787	0.0	2.5537233818426994	2.1159728730201826	0.0	0.0	0.8011562633175257	2.4760749184304465	0.0	0.0	0.2759404299401092	1.7415587179993097	0.0	0.0	0.2759404299401092	2.3064577428737034	3.5128447520153783	0.0	0.0	0.2759404299401092	0.0	0.4433357238224462	0.0	0.0	0.0	0.0	0.0	0.0	1.6027133908334588	2.8977337848014146	1.824075028389164	0.0	0.0	0.0	0.0	0.0	0.0	0.0	0.4433357238224462	0.0	0.858183771595912	0.0	0.5638602986599379	0.0	0.0	0.0	0.0	0.0	0.0	1.2520495860110559	0.0	0.0	0.0	2.9607508178622624	0.0	0.0	0.0	0.0	0.4433357238224462	0.8011562633175257	0.0	2.5537233818426994	0.2759404299401092	1.6027133908334588	0.0	0.0	0.4433357238224462	0.0	3.514498702213285	0.0	0.0
SRR11292162	0.0	0.0	1.7396434784596626	3.7576077316610816	1.9081311337830065	1.2006165046860644	0.0	0.6737451948103859	2.61077281288764	4.641595863159172	2.7710588489174053	0.0	0.28543699394878375	0.0	0.8180141314458738	0.8180141314458738	0.28543699394878375	0.0	0.0	3.9005078531130435	0.0	1.225332849805846	1.050152275954672	0.0	0.0	0.6737451948103859	1.3313916342163845	0.0	0.0	0.9261223189029066	1.5254502466085262	0.0	0.0	1.487744728540265	2.2188383422098643	2.9660894277904677	0.6737451948103859	0.0	0.0	0.0	0.0	0.0	0.0	0.0	0.9261223189029066	0.0	0.0	0.8180141314458738	3.2686277932904995	2.6933898086315264	1.17440817775121	0.8754234741048293	1.1465161070292165	1.050152275954672	0.0	0.0	0.5784553906746698	0.4562036420016973	0.0	1.292019092527261	0.4562036420016973	0.4562036420016973	0.0	0.0	0.0	0.0	0.0	0.0	0.28543699394878375	0.5784553906746698	0.0	0.0	3.1382236822784453	0.6737451948103859	0.5784553906746698	0.28543699394878375	0.0	0.28543699394878375	1.487744728540265	0.28543699394878375	1.292019092527261	0.28543699394878375	2.3147346312330246	0.0	0.0	0.28543699394878375	0.0	1.460656762809416	0.0	0.0
SRR11292163	0.2198241652898502	0.0	1.9665603390416133	3.4054750147440638	2.1890049993638803	1.3441029846891843	0.0	0.8801932049904806	3.522079367053219	4.3142422206571425	2.0428900347946515	0.0	0.0	0.0	0.7491490674384552	0.7491490674384552	0.5605833190199986	0.0	0.2198241652898502	4.1924864546902025	0.0	1.1713524631969965	1.8338438610311885	1.3441029846891843	2.3150914626873167	0.9497305468938634	3.0560004943057826	0.0	0.5605833190199986	1.6852210664584515	2.6654867103404194	0.0	0.0	3.08752855436028	1.7353763039160757	4.113527502878177	0.0	0.0	0.0	0.0	0.9163521438559363	0.2198241652898502	0.0	1.4956843920535785	1.8421545674174002	3.0137647642081	0.0	1.0096553174766232	3.1499565359388404	1.4156205410609612	0.47374168500061503	0.8407480287584548	0.9163521438559363	0.0	0.0	0.36508162437527614	0.0	0.47374168500061503	0.0	1.1516242344263417	0.7491490674384552	2.016158686184873	0.0	0.0	0.36508162437527614	0.0	0.0	0.0	0.8407480287584548	2.1945253534953926	0.0	0.0	3.010704415030778	1.8998801136596821	0.0	0.6329202518961301	0.0	0.5605833190199986	0.9163521438559363	0.0	1.8167295681389488	0.36508162437527614	2.1166285899080703	0.9163521438559363	0.0	0.0	0.0	3.03088854065062	0.0	0.0
SRR11292164	0.39891208844163345	0.0	1.3862640285264358	3.0499621591248927	1.7869222701034388	0.0	0.0	0.6032747514508636	2.2016379976727114	4.585299310373418	3.0811605881988253	0.0	0.0	0.0	0.7972403206138392	1.482290883376238	0.39891208844163345	0.39891208844163345	0.0	4.256209204970179	0.0	1.205637902646109	1.1628754719586947	0.0	0.0	1.4369261292906417	2.5896061798927077	0.39891208844163345	0.0	0.8464860602589682	2.7530876301871596	0.0	0.0	1.5033117580321256	2.6629547419164816	2.583678059024077	0.24373261332852664	0.0	0.0	0.0	0.24373261332852664	0.0	0.0	0.0	0.7972403206138392	0.6779722104663377	0.0	2.9577855692283648	2.9486830363226306	2.0816905731661945	1.0621762297515478	0.39891208844163345	0.39891208844163345	0.24373261332852664	0.0	0.8464860602589682	0.0	0.24373261332852664	0.0	1.2627932428814197	0.39891208844163345	0.24373261332852664	0.0	0.0	0.0	0.0	0.0	0.0	0.9675859306147361	0.0	0.0	0.0	2.79905702006375	0.0	0.0	1.0014573049440576	0.0	0.24373261332852664	1.3132939551687248	0.0	1.032877047054156	0.0	2.0360319034406515	0.0	0.0	0.0	0.0	2.2854768693957785	0.0	0.0
SRR11292165	0.3652063152346798	0.0	0.0	3.0308410226107716	1.641980628751014	0.21991127786888487	0.0	0.7975433540068243	2.8730934419478045	4.53312287020355	2.906303622509717	0.0	0.0	0.21991127786888487	0.9165448487654021	1.7249356961988371	0.0	0.0	0.0	4.342736927753934	0.0	1.4958966753815701	2.6814883771138125	0.0	0.0	0.21991127786888487	2.657593660698433	0.0	0.0	0.6330884860725721	2.989755362190457	0.0	0.0	1.4675734775288671	1.858529821118485	2.589545003169552	0.0	0.0	0.0	0.0	0.3652063152346798	0.0	0.0	0.0	1.0369767731483786	0.0	0.0	1.0625055143726079	3.168037997146304	2.2073576038179	0.6330884860725721	0.0	0.0	0.0	0.0	0.0	0.21991127786888487	0.3652063152346798	0.0	0.9499252182049114	0.21991127786888487	1.2891192086359289	0.0	0.0	0.0	0.0	0.0	0.0	1.0866165715641798	0.0	0.21991127786888487	0.0	2.6343055677960376	0.7975433540068243	0.0	0.0	0.0	0.0	1.4046998592809208	0.0	1.9966339657008312	0.47388731650833865	1.9445849335549372	0.21991127786888487	0.3652063152346798	0.3652063152346798	0.0	2.4879161206127	0.0	0.0
SRR11292166	0.5412544427792284	0.0	0.0	2.2415910133559773	1.367292264865243	0.0	0.0	0.0	2.021399076265509	4.594460655259989	2.1215667775865636	0.0	0.3499957384895931	0.0	0.6735827763300163	0.3499957384895931	0.3499957384895931	0.0	0.0	4.244207176700921	0.0	0.6735827763300163	1.2918235018572628	0.0	0.3499957384895931	0.3499957384895931	2.4835606208489454	0.0	0.0	0.3499957384895931	1.45103969390032	0.0	0.0	1.2330745614285021	0.0	2.572695585006624	0.0	0.0	0.0	0.0	0.0	0.0	0.0	0.0	0.8569399977682556	0.9259406427425989	0.0	0.7748669379269563	3.5900071384867243	0.3499957384895931	0.0	0.3499957384895931	1.2330745614285021	0.0	0.0	0.0	0.0	0.3499957384895931	0.0	1.6705414933823424	0.9854666320579882	0.3499957384895931	0.0	0.0	0.0	0.0	0.0	0.0	0.0	0.8569399977682556	0.0	0.0	3.2321543279938685	0.0	0.0	0.0	0.0	0.0	0.5412544427792284	0.0	1.7345123191819285	0.0	2.219445649682343	0.0	0.0	0.3499957384895931	0.0	0.7748669379269563	0.0	0.0
SRR11292167	0.9666127938786089	0.19051917079771835	1.420463804197139	3.5974273385695392	2.993699193618006	2.148818470903519	0.19051917079771835	1.0991297924587289	3.378962145997668	4.2391988308168775	3.1949449918837884	0.42357478177283425	0.0	0.0	2.0237755814811047	1.200524090110092	0.574418621998808	0.0	1.0796653849281221	4.447581428630296	0.19051917079771835	1.48764930758717	2.0984749834086798	1.4553544649386074	0.0	1.0796653849281221	2.785358436633032	0.0	0.0	2.0436890662697107	1.860858851213512	1.1851850572244393	0.0	2.413742001858809	1.2296666873126778	3.4992588150583117	1.169284360288919	0.0	0.0	0.19051917079771835	1.200524090110092	0.19051917079771835	0.0	1.5910220357498617	1.411284860415193	0.8486423695100886	0.3224960116054637	1.48764930758717	3.292318361564795	2.3649830294459746	0.3224960116054637	1.6031174663548402	0.6338738179228365	0.8486423695100886	1.6537289093998115	1.351720959268239	0.19051917079771835	2.1815102262681605	0.5055131330681246	1.5910220357498617	1.2296666873126778	1.48764930758717	0.0	0.0	0.3224960116054637	0.42357478177283425	0.0	0.42357478177283425	1.135622107467895	0.8812722636183293	0.42357478177283425	0.19051917079771835	3.130378684143652	2.290893975758866	0.7328241321388678	1.9222082791899084	0.6338738179228365	0.5055131330681246	1.2700126914995027	0.0	2.009973856103082	1.7735739174591088	2.5394143786615486	0.42357478177283425	1.0154174760207477	0.6338738179228365	0.9917003395805454	1.7613182809771688	0.3224960116054637	0.6861610242007883
SRR11292168	1.459447006338163	0.0	1.974699138095268	4.439532859548288	3.4386394891837346	2.378973014891324	0.0	1.8603081232909713	3.4901233502048927	3.7332606149853858	3.5638527308898538	1.3588044309113863	0.6965263232445245	0.0	2.32939597142966	1.4284206059671452	0.4750858098700754	0.0	0.4750858098700754	3.8427236487711482	0.0	1.6691063639369443	2.426706927468978	1.3193085875654962	0.0	0.9515264575075009	3.2109937974132983	0.0	0.0	2.4456604804024247	2.382562141157531	1.823063828572411	0.0	2.838932462419459	1.3588044309113863	3.7153624725961123	1.4284206059671452	0.0	0.0	1.0386147069325056	0.0	0.0	0.0	2.079753965262066	2.0263556894508605	1.1732389576196647	0.6965263232445245	1.5880864988667172	2.5778762710105174	1.4284206059671452	1.7373617034687234	1.2758582644755334	1.5652278667292276	0.0	1.111122496858246	1.6691063639369443	0.0	2.371704533145117	0.0	1.992609422857408	1.0386147069325056	1.7823233637440599	0.0	0.0	0.0	0.0	1.2275725714742785	0.0	0.0	0.6965263232445245	0.4750858098700754	0.0	3.290749163544817	2.6334382248074695	0.0	2.235007078330793	0.0	0.4750858098700754	2.057667757910005	0.0	2.4234659942482875	1.8720454061071534	2.913400910889794	1.111122496858246	1.8603081232909713	0.4750858098700754	1.6691063639369443	2.2196780833807113	0.0	0.8424792829930787
SRR11292169	0.0	0.0	0.0	3.442098506390635	2.6320720395333264	0.36093726896118006	0.0	0.36093726896118006	3.3510343177256745	4.389069165414067	2.4065063443492134	0.0	0.0	0.0	1.3371211214085645	0.0	0.0	0.36093726896118006	0.0	4.245915595186418	0.0	1.9171717650238818	1.571509409109916	0.0	0.0	0.0	2.1530341210038815	0.5552920761123809	0.6890824185136315	0.36093726896118006	1.8742589278234514	0.0	0.0	1.0556281342717966	2.7597032927216762	3.7352520067772006	0.0	0.0	0.0	0.0	0.36093726896118006	0.0	0.0	0.0	0.0	0.0	0.0	1.1833833744967377	3.487799632398852	2.6333830322727168	0.7912180727366214	0.6890824185136315	0.6890824185136315	0.0	0.36093726896118006	0.0	0.36093726896118006	0.5552920761123809	0.0	1.0556281342717966	1.1833833744967377	0.5552920761123809	0.0	0.0	0.36093726896118006	0.0	0.0	0.0	0.8738484713980967	1.0556281342717966	0.0	0.0	2.9378215720363476	0.0	0.0	0.36093726896118006	0.0	0.0	1.2187928573544884	0.0	1.6660834246211558	0.0	2.0937809354556722	0.0	0.6890824185136315	0.0	0.0	3.7109808836831983	0.0	0.0
SRR11292170	0.0	0.0	0.38452064806436803	4.0472348661570825	2.1775739732722585	1.425384175378822	0.0	1.1403634273725738	3.203754222249291	4.293862583461703	2.9421544416444623	0.0	0.585219985842958	0.0	1.5634612702904995	0.38452064806436803	0.0	0.0	0.0	4.287146736319017	0.38452064806436803	1.7061855708727918	1.9221445881586758	0.9797121934916487	2.1252397766311826	1.7523050669258013	2.7563114313031654	0.0	0.0	0.7219588940736283	3.5908758352544257	0.0	0.0	2.9695334710224475	1.1403634273725738	3.1441402176978275	1.2573713038973873	0.0	0.0	0.0	0.0	0.0	0.0	0.0	1.9904607685046298	2.313964992107114	0.0	1.7298572335424112	2.9553748873485812	0.0	0.0	0.0	0.0	0.0	1.6262794073335916	0.0	0.0	1.6114060163919128	0.0	1.5462266600407788	0.38452064806436803	1.4899949826243808	0.0	0.0	0.38452064806436803	0.0	0.0	0.0	1.8834823432785037	0.0	0.0	0.0	3.263979085229246	2.0762269063435497	0.0	0.0	0.0	0.8257981156966104	1.8585171080119576	0.0	2.071007100957339	0.8257981156966104	2.081384719004359	0.8257981156966104	0.0	2.138926331965838	0.0	1.3208743109799788	0.0	0.0
SRR11292171	0.0	0.0	0.0	3.347400130386183	1.2505599383415398	0.0	0.0	0.5315835793339678	2.8609650237592503	4.439408300876681	2.951971133822645	0.0	0.0	0.0	0.0	0.0	0.0	0.0	0.0	4.377305103475113	0.0	1.1524261690399913	1.3980823432150375	0.0	0.0	1.2505599383415398	1.1524261690399913	0.0	0.0	0.5315835793339678	2.8927991082075604	0.0	0.0	1.072017708648321	1.2788940629757215	3.4523947863314346	0.0	0.0	0.0	0.0	0.0	0.0	0.0	0.0	0.0	0.0	0.0	0.3425035584441684	3.0528420747606897	1.2202474220348898	0.0	0.0	0.0	0.0	0.0	0.0	0.0	0.0	0.0	1.8562706437664542	0.3425035584441684	0.845225126658725	0.5315835793339678	0.0	0.0	0.0	0.0	0.0	1.0254401443809102	0.0	0.0	0.0	3.5141909932230146	0.0	0.0	0.0	0.0	0.0	0.7635506985283452	0.0	1.8262208543120597	0.3425035584441684	1.6455671796531661	0.0	0.0	0.0	0.0	2.630575791998089	0.0	0.0
SRR11292172	0.0	0.48156120338139335	0.0	2.864167376596971	1.4268984339851136	0.5691127690275982	0.0	0.0	4.161502531137839	3.5850894616339186	1.5336472755105788	0.0	0.0	0.0	0.0	1.9526929975850227	0.0	0.0	0.0	4.328455086214946	0.0	3.015094773398641	0.9912372441658646	0.37178522787049023	0.0	0.0	3.1041264361353815	0.0	0.0	0.7588057453811872	3.2869902525472043	0.0	0.0	0.5691127690275982	1.0202450057427759	3.5582944373249763	0.0	0.0	0.0	0.0	0.6419411043513163	0.0	0.0	0.0	2.5736515165224665	0.0	0.0	0.9266699528501438	3.6782772089521467	1.7918647648081085	0.0	0.0	0.0	0.2245181620231675	0.0	0.2245181620231675	0.0	0.0	0.0	0.5691127690275982	0.8903888582164816	0.48156120338139335	0.0	0.0	0.2245181620231675	0.0	0.0	0.0	0.9266699528501438	0.37178522787049023	0.0	0.0	2.6814902194477472	0.0	0.0	0.2245181620231675	0.0	0.48156120338139335	1.4157555615509971	0.0	2.2479856336937787	0.2245181620231675	2.298126169377124	0.2245181620231675	0.0	0.0	0.0	3.974424214561378	0.0	0.0
SRR11292173	0.0	0.0	1.0772396434785805	3.92005830219224	2.645408920532046	1.4646097891311518	0.0	0.6156937342705875	3.136501434214578	4.600352335612365	2.6118793718766855	0.0	0.0	0.0	1.1306634785465717	0.4088810283363147	0.0	0.0	0.0	3.870470844001006	0.0	1.0772396434785805	1.3597016187188191	0.755214900082517	0.0	0.0	2.441263868506871	0.0	0.4088810283363147	1.3883982856260308	3.37620236255232	0.0	0.0	1.5294228317847536	2.072924610652547	3.0910546140263926	0.0	0.0	0.0	0.0	0.0	0.0	0.0	0.6156937342705875	0.8606449860327067	0.9454148149340192	0.4088810283363147	0.8606449860327067	3.050082422165122	0.8606449860327067	1.7923040012355413	0.4088810283363147	1.6511411618789862	0.6156937342705875	0.0	0.0	0.4088810283363147	1.6660466159002816	0.0	0.8606449860327067	0.8606449860327067	1.2601095118939016	0.0	0.0	0.0	0.0	0.0	0.0	0.4088810283363147	1.4153157341807592	0.0	0.0	2.348415835231564	1.7210253175748067	0.0	0.4088810283363147	0.0	0.0	1.1306634785465717	0.8606449860327067	1.2601095118939016	0.0	2.4766610755835683	0.0	0.6156937342705875	0.0	0.0	1.5088747582838318	0.0	0.0
SRR11292174	0.0	0.0	2.2740953637401087	2.6355939260159893	1.61795346189506	1.110896142573157	0.0	0.34062464221115757	2.6678777986267668	4.60371311469221	1.746493180324934	0.0	0.0	0.0	0.34062464221115757	0.0	0.34062464221115757	1.6974676303337626	0.0	4.223828613335067	0.0	1.110896142573157	1.2170056110834502	0.0	0.0	0.6601757092543709	2.533518384418003	0.0	0.34062464221115757	0.5291506237315826	2.7487522028850937	0.0	0.0	1.630243423103351	2.024486186681847	3.4498644484669887	0.0	0.0	0.0	0.0	0.34062464221115757	0.0	0.0	0.0	0.0	0.0	0.0	0.9109157841163831	2.6160079283802817	0.34062464221115757	0.0	0.34062464221115757	1.0688607114187336	0.34062464221115757	0.0	0.0	0.0	0.6601757092543709	0.0	1.0688607114187336	0.0	0.34062464221115757	0.0	0.0	0.0	0.0	0.0	0.0	0.8422691985932029	0.0	0.0	0.0	2.737540115554895	0.0	0.0	1.1844337959740256	0.0	0.34062464221115757	1.0223163483987396	0.34062464221115757	1.0688607114187336	0.0	2.143469544004638	0.0	0.0	0.34062464221115757	0.0	2.875109161623799	0.0	0.0
SRR11292175	0.0	0.0	0.5113949092553972	2.7484518945935745	1.5541058790229825	0.5113949092553972	0.0	0.0	3.061970870723919	4.462182480906947	2.421311950945017	0.0	0.0	0.32698546191356354	1.2780850547590479	0.5113949092553972	0.0	0.0	0.0	4.310300760287531	0.0	1.160710991423043	1.7025996460226593	0.0	0.0	0.32698546191356354	1.428669034902071	0.0	0.5113949092553972	0.8205867617275727	2.5388428600386392	0.0	0.0	1.7977835133418654	2.4685662749398443	3.5406708862384693	0.0	0.0	0.0	0.0	0.5113949092553972	0.0	0.0	0.0	0.0	0.0	0.0	0.5113949092553972	3.8742398124409583	0.7397853693138966	0.6404337475848113	0.0	1.605424310433876	0.6404337475848113	0.0	0.0	0.6404337475848113	0.5113949092553972	0.0	0.32698546191356354	0.0	0.32698546191356354	0.0	0.0	0.0	0.0	0.0	0.0	1.160710991423043	0.8886871094959391	0.0	0.0	2.384680003801669	0.0	0.0	0.0	0.0	0.32698546191356354	1.0456577840511212	0.0	1.7655332747764159	0.32698546191356354	2.518632107763619	0.0	0.0	0.32698546191356354	0.0	1.511199374640644	0.0	0.0
SRR11292176	0.3913113263295444	0.5042258412803854	0.5937582083869739	3.373611693637618	2.1366516853449093	1.1037030252369853	0.5937582083869739	0.5042258412803854	2.7374909964674417	4.497731634688027	2.508757286369493	0.3913113263295444	0.5937582083869739	0.0	1.213581120160731	0.7865712714147722	0.0	0.5042258412803854	0.0	3.869710384686683	0.0	1.3604415441612647	1.717459284246396	0.0	0.3913113263295444	1.424674389100037	2.4620550138516943	0.0	0.23831362195550648	1.1510383382954952	1.4479242158065837	0.0	0.0	1.4590984450602467	4.075540754387442	3.896670720529409	0.5042258412803854	0.0	0.0	0.0	0.6679504636668887	0.0	0.0	0.3913113263295444	1.6859144266370234	0.8355972266158825	0.3913113263295444	0.9562513325986708	2.6566058695374113	0.7865712714147722	0.9562513325986708	1.2850315520053601	0.5937582083869739	0.5937582083869739	0.5042258412803854	0.6679504636668887	0.7865712714147722	0.5937582083869739	0.0	1.2850315520053601	1.213581120160731	1.1037030252369853	0.0	0.0	0.23831362195550648	0.0	0.5937582083869739	0.0	1.1280152684918476	1.1280152684918476	0.0	0.3913113263295444	2.3343198204937137	1.8568098238742525	0.0	0.0	0.0	0.6679504636668887	1.779714388005721	0.0	1.8478888159012898	1.1280152684918476	2.4337608974030953	0.0	0.3913113263295444	0.5937582083869739	0.0	1.9408440041524366	0.23831362195550648	0.0
SRR11292177	0.0	0.0	2.049174010535999	3.824568528764924	2.6950470661169272	0.5048506266755745	0.0	0.0	3.2431484358466967	3.9548721959413142	3.7165440033447195	0.0	0.0	0.0	1.6081012763354108	0.0	0.3219912360083263	0.0	0.0	4.525611588525822	0.0	2.4228120292975452	1.780608663442714	0.0	0.0	0.3219912360083263	1.9269400243977786	0.6331342822094076	0.0	1.1168690656617901	3.2141172322732414	0.0	0.0	2.1677702159762955	1.7884467115736684	3.3855282609422153	0.0	0.0	0.0	0.0	0.3219912360083263	0.3219912360083263	0.0	0.0	0.0	0.0	0.0	1.558285117663347	2.845035266072688	1.583907081947396	1.2144349259347926	1.3613112905826994	0.0	0.0	0.0	0.0	0.9908350445240183	0.3219912360083263	0.0	1.6735157408069992	0.8804354295815346	0.5048506266755745	0.0	0.0	0.6331342822094076	0.0	0.0	0.0	0.7320389500384247	1.9489594133898018	0.3219912360083263	0.0	2.924567536702314	0.0	0.0	0.0	0.0	0.5048506266755745	2.040566168170002	0.0	1.9435583430824206	0.5048506266755745	2.472176176301014	0.0	0.3219912360083263	0.3219912360083263	0.0	2.0898261035601147	0.0	0.0
SRR11292178	0.0	0.0	1.5185798507522763	3.5342774431153865	2.3165039691515377	0.5643208645321107	0.0	0.7360090574503793	2.9634884113784583	4.465068908806828	2.1015853876937216	0.0	0.0	0.0	0.27623839934787286	1.2071892446791728	0.0	0.0	0.27623839934787286	4.295974551294535	0.0	2.089187185447516	1.4819858674156912	0.0	0.0	1.6489683082047624	1.4278399654400502	0.44374100153212664	0.0	0.9952085947030169	2.643630148965821	0.0	0.0	2.2775494855569764	0.27623839934787286	3.3078253761803382	0.0	0.27623839934787286	0.0	0.0	1.3129938829684173	0.0	0.0	0.0	3.2237945563949717	0.0	0.0	0.9543029281228904	3.3713616192745	2.4276620070700137	1.4690690266703925	1.0988984912880964	0.0	0.0	0.0	0.0	0.0	1.5301232948030539	0.0	1.494529604069891	0.0	1.1286057760196753	0.0	0.0	0.0	0.0	0.0	0.0	1.0670089344387788	1.4557562042123824	0.0	0.0	3.326062238514167	0.0	1.230512893840303	0.0	0.0	0.6585943982818395	2.26514760025522	0.0	2.543445916275212	0.8587294069760083	1.8070002140287962	1.1825415632609722	1.1825415632609722	0.44374100153212664	0.0	2.197194879559191	0.0	0.0
SRR11292179	0.0	0.0	0.3767318381531374	2.2946437592652305	2.748377069899824	0.2279957686537872	0.0	0.711178250185787	2.4019422162388	4.109595822709757	2.2663561487182493	0.0	0.0	0.0	0.0	0.6485670867440827	0.2279957686537872	0.0	0.2279957686537872	4.5243243245030635	0.0	1.0808713897822975	1.8278908132116738	0.0	0.2279957686537872	0.9677862832905305	2.0334872525930816	0.2279957686537872	0.0	0.8144737225867023	3.1902257923809842	0.0	0.0	2.019380814713675	1.832324763368882	2.5013528986970743	0.0	0.0	0.0	0.0	0.0	0.0	0.0	0.2279957686537872	1.4869721496831119	0.0	0.0	2.2255230667340404	2.9930676660917346	2.392329508450042	0.0	0.0	0.6485670867440827	0.0	0.0	0.4873184762784304	0.0	0.3767318381531374	0.0	1.5419634323592104	0.3767318381531374	0.0	0.0	0.0	0.0	0.0	0.0	0.3767318381531374	1.0279992366008672	0.0	0.0	0.0	4.096973425917939	0.0	0.0	0.3767318381531374	0.0	0.2279957686537872	1.2273663348280452	0.7658898345027947	1.524395469036686	0.2279957686537872	1.8861899470537202	0.9677862832905305	0.0	0.0	0.0	1.9578714225816163	0.0	0.2279957686537872
SRR11292180	0.0	0.0	0.23793061299768736	3.7244264296677003	1.3595736942444336	0.390772660983359	0.0	0.0	2.219783664379123	4.17413238885213	1.3864147792063004	0.0	0.0	0.23793061299768736	0.23793061299768736	0.390772660983359	0.0	0.0	0.0	4.6053371454736824	0.0	0.390772660983359	1.2841712129900116	0.0	0.7858122792854607	0.5036027696536381	1.1028671029305492	0.0	0.0	0.8348223881279536	3.2684587828739655	0.0	0.0	0.9892041276548158	1.4582225459393994	2.830302497358059	0.0	0.0	0.0	0.0	0.0	0.0	0.0	0.0	0.0	0.390772660983359	0.0	0.5930821708344526	2.633437675684098	0.0	0.0	0.0	0.5930821708344526	0.0	0.0	0.0	0.0	0.23793061299768736	0.0	0.5930821708344526	0.0	0.7858122792854607	0.0	0.0	0.0	0.0	0.0	0.0	0.5930821708344526	1.4582225459393994	0.0	0.0	1.6717375267775272	0.0	0.0	0.0	0.0	0.23793061299768736	0.23793061299768736	0.390772660983359	1.629244214966478	0.0	1.490115027535016	0.23793061299768736	0.0	0.0	0.0	0.5930821708344526	0.0	0.0
SRR11292181	0.0	0.0	0.0	2.3244800453316934	2.3386541138442762	0.0	0.0	0.0	4.625191828249992	3.5688694551470324	3.0040895002458443	0.0	0.0	0.0	0.0	0.0	0.0	0.0	0.0	3.6206468678714163	0.0	0.0	0.9032637063379574	0.0	0.0	0.0	1.8922905887229067	0.0	0.0	0.0	2.053275217696214	0.0	0.0	3.0443459723023545	0.0	4.028322227248805	0.0	0.0	0.0	0.0	0.0	0.0	0.0	0.0	0.0	0.0	0.0	0.0	1.6991645653347083	0.0	0.0	0.0	0.0	0.0	0.0	0.0	0.0	0.0	0.0	1.6336623703405055	0.0	0.0	0.0	0.0	0.0	0.0	0.0	0.0	0.0	0.0	0.0	0.0	2.053275217696214	0.0	0.0	0.0	0.0	0.0	0.0	0.0	2.403318267371919	0.0	1.462589684246395	0.0	0.0	0.0	0.0	0.0	0.0	0.0
SRR11292182	0.0	0.0	0.0	2.478974307090017	2.5755959274477425	0.0	0.0	0.0	4.565013092295449	3.5263927309069323	3.006232519726618	0.0	0.0	0.0	0.0	0.0	0.0	0.0	0.0	3.988622384672521	0.0	1.9769840724606924	0.0	0.0	1.2959555619729741	0.0	1.5858592768130384	0.0	0.0	0.0	0.0	0.0	0.0	3.17133035332787	0.0	4.0293258935405944	0.0	0.0	0.0	0.0	0.0	0.0	0.0	0.0	0.0	0.0	0.0	0.0	1.5858592768130384	0.0	0.0	0.0	0.0	0.0	0.0	0.0	0.0	0.0	0.0	0.0	0.0	0.0	0.0	0.0	0.0	0.0	0.0	0.0	0.0	0.0	0.0	0.0	1.5858592768130384	0.0	0.0	0.0	0.0	0.0	1.5858592768130384	0.0	0.0	0.0	0.0	0.0	0.0	0.0	0.0	0.0	0.0	0.0
SRR11292183	0.0	0.4056540885127272	0.4056540885127272	2.138981322888333	1.5979151655521875	0.5207721543011385	0.0	0.0	3.2637432702058735	4.020912040101403	2.3066324327884304	0.0	0.0	0.0	0.0	0.24856205178775825	0.0	0.0	0.0	4.649096269221004	0.0	2.557433799178135	1.3395475162164043	0.0	0.0	0.4056540885127272	1.8576997816796965	0.24856205178775825	0.0	0.5207721543011385	3.35534670127851	0.0	0.0	0.6116813702905355	1.2550994252967609	3.341512077153987	0.0	0.0	0.0	0.0	0.24856205178775825	0.0	0.0	0.0	0.0	0.0	0.0	0.6116813702905355	2.8747466204155123	1.6226001261184801	0.0	0.0	0.0	0.0	0.0	0.0	0.0	0.24856205178775825	0.0	1.1952248397836525	0.5207721543011385	0.4056540885127272	0.0	0.0	0.4056540885127272	0.0	0.0	0.0	0.9407162875837721	0.24856205178775825	0.0	0.0	2.797021596928034	0.0	0.0	0.0	0.0	0.0	1.173280194227796	0.0	1.7469492201681145	0.7508482612880858	1.957121232415547	0.24856205178775825	0.0	0.0	0.0	2.1087212910180124	0.0	0.0
SRR11292184	0.0	0.0	1.9225796037886396	3.9150093772587575	2.7774406896035617	0.4057336984871314	0.0	0.0	4.098059616678208	4.241972894510483	3.4962106216592104	0.0	1.3240456445581787	0.0	2.0819171783774926	0.8067524386647446	0.24861920501440923	0.0	0.0	4.023879035459539	0.24861920501440923	1.598042992466832	2.070657685739007	0.5208637625704081	0.0	2.3017670383509263	2.218984678384069	0.0	0.0	2.232944288398358	2.942316807808225	0.0	0.0	2.6943537310690036	3.102895882286209	3.6422684859706957	0.0	0.0	0.0	0.0	0.0	0.0	0.0	0.24861920501440923	0.0	0.0	0.0	2.124244955565117	2.803001379256993	2.1267583241306602	0.0	0.4057336984871314	0.0	1.9893577709347248	0.0	0.0	0.0	1.0116387060476109	0.4057336984871314	2.3948770981047183	1.4103436497674653	2.056159974879565	0.0	0.0	0.0	0.0	0.0	0.0	1.7980340652227287	2.338676181241644	0.0	0.0	2.7381878439708154	2.424903912388451	0.24861920501440923	0.24861920501440923	0.0	0.5208637625704081	2.171940463739509	0.0	2.368404033183389	1.4823033716580871	2.7729360703867316	0.0	0.0	0.0	0.0	1.3396726530209484	0.0	0.0
SRR11292185	0.8726868439058544	0.0	1.3091470943387828	4.092376374753404	2.3723243730521784	2.222153732642161	0.0	0.49872888881727256	2.909927299798803	4.347675269376904	2.1871413515269476	0.0	0.0	0.0	0.7247730905977501	0.0	0.0	0.0	0.9828202151677816	4.3214971177686206	0.0	1.5752064059515196	1.599387854549136	0.7247730905977501	0.0	1.206049655275806	2.1748138991313692	0.0	0.0	0.7247730905977501	3.0745687614224253	0.0	0.0	1.4287247171597393	0.0	2.654161579624359	0.0	0.0	0.0	0.0	0.0	0.0	0.0	0.8726868439058544	0.8726868439058544	0.0	0.0	2.1931762952676066	2.5464745775691244	2.380187650421805	0.8726868439058544	0.49872888881727256	1.206049655275806	1.3527680743859007	0.0	0.49872888881727256	1.206049655275806	1.1435835170165225	0.0	1.070598521670504	0.8726868439058544	0.49872888881727256	0.0	0.0	0.0	0.0	0.0	0.0	1.2606505138636432	0.7247730905977501	0.0	0.0	3.0666211887389876	0.0	0.0	0.49872888881727256	0.0	0.9828202151677816	0.8726868439058544	0.0	2.0848264149669506	1.2606505138636432	2.1931762952676066	2.222153732642161	0.0	1.6440515316866757	0.0	3.395807824248187	0.0	0.0
SRR11292186	0.2597113730020262	0.14898679671341228	1.880196053202164	3.074448807466529	2.2057615554083605	1.1968075222576984	0.0	0.900759249147592	3.0346470243015378	4.3215379415882476	2.875961970521127	0.0	0.14898679671341228	0.0	0.5385078464700426	0.4837626582759084	0.4837626582759084	0.2597113730020262	0.34786408624145543	4.330772005389514	0.0	1.1968075222576984	1.8731128336433749	1.1490919023538086	2.2220518081932017	1.0343036330264586	2.9840570894588474	0.0	0.2597113730020262	1.968857959683622	2.4123189044512126	0.0	0.0	3.0191106505861325	2.405386057485255	3.968420313915935	0.14898679671341228	0.0	0.0	0.0	0.8536184812912195	0.0	0.0	1.339879436153225	1.7340151040277747	2.756073764566697	0.0	1.000148112364431	3.0066887891978813	1.2881612830831188	0.2597113730020262	0.0	0.2597113730020262	0.0	0.0	0.4211074646043377	0.34786408624145543	0.14898679671341228	0.0	1.2694563429777084	1.0659677107090209	1.9161376928811904	0.0	0.0	0.4211074646043377	0.14898679671341228	0.0	0.0	1.0504241834270454	2.085388904364733	0.0	0.0	3.469343642841346	1.8007540814491831	0.0	0.14898679671341228	0.0	0.7069275874463794	0.9820071850047005	0.0	2.538555001348989	0.900759249147592	2.073548223440276	1.0809740995664798	0.0	0.2597113730020262	0.0	2.823757094695568	0.0	0.14898679671341228
SRR11292187	0.0	0.35710705218644034	2.3381813101518563	3.328394632108052	2.275361510232059	1.7568563589389643	0.0	1.2123980303410853	3.131361283789524	4.172424862196123	2.3407168414699067	0.0	0.35710705218644034	0.0	0.0	0.9969321094198735	0.35710705218644034	0.0	0.0	4.2711800216344304	0.0	0.7855172685395804	1.991004578261419	1.6471127464651507	2.3747424568843987	1.3557615874177147	3.1390712117821304	0.0	0.0	1.836386723766216	2.5897263952491802	0.0	0.0	3.2990771395049685	1.5495277080453789	4.2082635561682595	0.0	0.0	0.0	0.0	0.35710705218644034	0.0	0.0	1.3795203356272385	2.2122105297935866	2.8182021497235143	0.0	0.9969321094198735	3.2165879033016385	0.7855172685395804	0.0	0.0	0.35710705218644034	0.0	0.0	0.0	0.0	0.35710705218644034	0.0	1.1770237398051946	0.5503893923891681	2.1983985536740343	0.0	0.0	0.0	0.0	0.0	0.0	1.0494221874024376	2.343237655536578	0.35710705218644034	0.0	3.126834272132658	2.039140192665194	0.0	0.5503893923891681	0.0	0.5503893923891681	1.4020464657833804	0.0	1.9736960203708331	1.0494221874024376	2.3356308887254884	1.2451067571383563	0.0	0.35710705218644034	0.0	3.0396182589591785	0.0	0.0
SRR11292188	0.0	0.0	0.0	2.380161867132698	1.51416352914211	0.46530246494603295	0.0	0.0	3.3774826988704363	4.593256419843777	3.661853163475628	0.0	0.0	0.2921961930286637	0.0	0.2921961930286637	0.0	0.2921961930286637	0.0	3.9170533479720575	0.46530246494603295	2.366039633679746	1.2384326871641589	0.0	0.0	0.46530246494603295	2.332478335960017	0.0	0.0	0.8298425235978156	1.26186062012557	0.0	0.0	2.17259822251972	0.7633268150259965	3.3496990637881927	0.0	0.0	0.0	0.0	0.5887409789241165	0.0	0.0	0.0	0.0	0.0	0.0	1.0974918349781422	2.904377047383556	2.4385787178278764	0.0	0.0	0.2921961930286637	0.0	0.0	0.0	0.0	0.46530246494603295	0.0	1.745891041880976	1.4878680459589437	0.46530246494603295	0.0	0.0	0.0	0.0	0.0	0.0	0.5887409789241165	0.0	0.0	0.0	3.251438164903839	0.2921961930286637	0.0	0.46530246494603295	0.0	0.0	1.06284615123468	0.0	2.225291140168744	0.0	2.4805173733275154	0.0	0.0	0.7633268150259965	0.0	3.4664547867253845	0.0	0.0
SRR11292189	0.0	0.0	0.0	1.7827874101122678	1.2250015938081817	0.0	0.0	0.5600681451942353	3.166070272922813	4.484663363653928	2.0802218715074057	0.0	0.0	0.0	0.0	0.44000076145604583	0.2734912887825486	0.0	0.2734912887825486	3.988894202042453	0.0	2.0369695002782735	1.0616560519295974	0.0	0.0	0.6540289014157737	1.625564392277797	0.5600681451942353	0.0	0.6540289014157737	2.374646467459647	0.0	0.0	1.5878907161485785	0.98994646533774	4.268452788937996	0.0	0.0	0.2734912887825486	0.0	0.0	0.0	0.0	0.0	0.5600681451942353	0.0	0.0	1.0616560519295974	2.846765882479697	2.6189640987785694	0.0	0.0	0.2734912887825486	0.2734912887825486	0.0	0.44000076145604583	0.0	0.0	0.0	1.5878907161485785	0.9040083152670093	0.7967616497471424	0.0	0.0	0.2734912887825486	0.0	0.0	0.0	0.7967616497471424	0.0	0.0	0.0	3.149111149799578	0.0	0.0	0.0	0.0	0.2734912887825486	1.201697066999019	0.0	1.5129004704237472	0.44000076145604583	1.9770441757429411	0.0	0.0	1.0616560519295974	0.0	2.426131095735592	0.0	0.0
SRR11292190	0.0	0.0	1.7514599840129197	2.4334248871108124	1.8011053553412506	0.6060484041948573	0.0	0.0	2.6819922845809248	4.435820012052892	2.461657365622628	0.0	0.0	0.0	0.2453216248660181	0.4011336638425197	0.0	0.4011336638425197	0.0	4.418231898853685	0.0	1.7084966469590885	1.7212116277322562	0.0	0.0	0.5155662699032997	2.4784138941896074	0.0	0.0	0.8496532478154256	3.0600139206320214	0.0	0.0	2.8818092765121666	1.6153078711247446	2.318623978806054	0.0	0.0	0.0	0.0	0.5155662699032997	0.0	0.0	0.4011336638425197	0.5155662699032997	0.0	0.0	2.5646032376941834	3.357538210626736	2.3432437122224035	0.0	0.0	0.0	0.0	0.0	0.0	0.0	0.0	0.0	1.9460147303293498	0.5155662699032997	0.0	0.0	0.0	0.0	0.0	0.0	0.0	1.00478171881522	0.4011336638425197	0.0	0.0	3.545042834763224	0.4011336638425197	0.0	0.0	0.2453216248660181	0.7447118756239135	1.2480461604378628	0.0	2.184251781369513	0.4011336638425197	1.9713944609264897	0.2453216248660181	0.0	0.4011336638425197	0.0	1.1188469896753919	0.0	0.0
SRR11292191	0.0	0.2724517969754531	0.851772137901587	1.9327021905078503	2.2267153871399272	0.0	0.0	0.9471229886755176	3.0621091569293766	4.187036391790481	2.3103164265884333	0.0	0.0	0.0	1.091462243442992	0.2724517969754531	0.0	0.0	0.0	4.419542614759778	0.0	1.6233896233787262	0.9471229886755176	0.0	0.0	0.0	1.091462243442992	0.0	0.0	0.43858323712890773	3.124710302140349	0.0	0.0	0.5584550792951782	2.9939642916242617	4.208004908858405	0.0	0.0	0.0	0.0	0.43858323712890773	0.0	0.0	0.0	0.0	0.0	0.0	0.43858323712890773	3.027597331687755	2.7073511329232276	0.0	0.2724517969754531	0.43858323712890773	0.0	0.0	0.43858323712890773	0.0	0.0	0.0	1.2660572029740975	0.43858323712890773	1.091462243442992	0.0	0.0	0.0	0.0	0.0	0.0	0.7948904610894244	0.43858323712890773	0.0	0.0	2.5652623950117692	0.0	0.0	0.0	0.0	0.0	1.1996097528803253	0.0	1.7990417831248586	0.5584550792951782	1.833736296222273	0.2724517969754531	0.0	0.9879473150506571	0.0	0.6522963353571275	0.0	0.0
SRR11292192	0.0	0.9659546927375252	2.1862535443532165	1.753281287818138	2.120262975635538	0.6119628382706195	0.0	0.0	3.6918519643366112	3.909127330540126	2.8674421642721475	0.0	0.0	0.0	0.0	1.0533674178211545	0.0	0.6119628382706195	1.6660787288992547	4.518235954100894	0.30765691927536204	2.560892242941772	1.8053368994469778	0.0	0.0	1.5178991268957942	2.878832651497231	0.0	0.0	1.3928252742781158	3.5288917096996704	0.0	0.0	2.673991431195037	1.9768012118121883	3.1851643345037934	0.6119628382706195	0.0	0.0	0.0	0.48593487053438184	0.0	0.0	0.0	0.0	0.0	0.0	2.3987071937890465	2.0922275019575376	2.4540163783411466	0.0	0.0	0.0	0.7095250810778007	0.0	0.6119628382706195	0.0	0.0	0.0	0.9659546927375252	0.48593487053438184	0.7095250810778007	0.30765691927536204	0.0	1.09125439381619	0.0	0.30765691927536204	0.0	0.9659546927375252	0.7891406034440157	0.0	0.0	2.984880007029291	0.0	0.0	0.0	0.0	0.7891406034440157	1.0533674178211545	0.0	2.6041856271738126	1.1883808415864423	1.952524540288761	2.1683996639920475	0.0	0.30765691927536204	0.0	3.889659026964676	0.0	0.0
SRR11292193	0.0	0.0	0.33962118887601733	1.7802648018774128	1.5904777366115874	0.0	0.0	0.5278500058774392	2.7754639386108555	4.089635931462007	1.6035036631913118	0.0	0.0	0.5278500058774392	0.33962118887601733	0.33962118887601733	0.0	0.0	0.0	4.5527397881634055	0.0	1.3716446223120669	1.4692401223747198	0.0	0.0	0.33962118887601733	2.598872872882854	0.0	0.0	0.6587326403349432	3.4394899386435736	0.0	0.33962118887601733	2.1379021163811465	2.2858011185727656	3.6382051868154823	0.33962118887601733	0.0	0.0	0.0	0.33962118887601733	0.0	0.0	0.0	0.0	0.0	0.0	1.109191725089997	2.5748757854858644	2.166903717962715	0.0	0.0	0.0	0.0	0.0	0.33962118887601733	0.33962118887601733	0.5278500058774392	0.0	0.5278500058774392	0.0	0.7591703318166559	0.0	0.0	0.33962118887601733	0.0	0.0	0.0	0.8406875442224501	1.3716446223120669	0.0	0.0	2.203860581851438	0.0	0.0	0.0	0.0	0.0	1.82100216549464	0.0	1.7353069193242794	0.8406875442224501	2.1738613017651076	0.0	0.0	0.6587326403349432	0.0	3.8018037280624437	0.0	0.0
SRR11292194	0.0	0.0	0.0	2.029430182895586	1.7459766459086512	0.0	0.0	0.0	2.9897883792207476	4.387199857609103	1.6788480581036294	0.0	0.0	0.0	0.33039508001733675	2.4368588461397818	0.0	0.0	0.0	4.378196329592171	0.0	0.33039508001733675	1.3328088060563654	0.0	0.0	0.0	2.199500911203535	0.5158494510332307	0.0	0.6453951172316186	2.1056115961507373	0.0	0.0	0.9532451529102913	0.8942854471646008	4.0388639178433765	0.0	0.0	0.0	0.0	0.7450460115858578	0.0	0.0	0.0	0.0	0.0	0.0	1.005148888530895	2.996327739442664	2.58434146074484	0.0	0.0	0.0	0.0	0.0	0.0	0.0	0.7450460115858578	0.0	1.1666933544558207	0.8942854471646008	0.7450460115858578	0.0	0.0	0.5158494510332307	0.0	0.0	0.0	0.8942854471646008	0.0	0.0	0.5158494510332307	3.016329621597757	0.0	0.0	0.33039508001733675	0.0	0.0	0.0	0.0	2.516077125955666	0.7450460115858578	2.024779172417248	0.33039508001733675	0.0	0.0	0.0	1.7962622093481961	0.0	0.0
SRR11292195	0.0	0.0	0.0	1.4518454350071415	1.1359840233509824	0.2955972941892203	0.0	0.0	3.2399796896613227	4.291094054584969	2.311337796437855	0.0	0.0	0.0	0.0	0.4698624450596052	0.2955972941892203	0.0	0.0	4.332435478633539	0.0	1.821737497069026	1.3118120383012353	0.0	0.0	0.0	2.006205573890386	0.0	0.0	0.2955972941892203	2.645188421285903	0.0	0.0	1.0314639357515138	4.251280087072958	2.8750065150061053	0.2955972941892203	0.0	0.0	0.0	0.690244759480507	0.0	0.0	0.0	0.0	0.0	0.0	2.1383634138777547	2.049859893095568	2.068339287692359	0.0	0.0	0.0	0.0	0.0	0.0	0.0	0.0	0.0	1.268401777593473	0.8935376911461119	0.0	0.0	0.0	0.0	0.0	0.0	0.0	0.690244759480507	0.0	0.0	0.2955972941892203	2.8026637736827777	0.0	0.0	0.0	0.0	0.2955972941892203	0.8357428039754243	0.0	2.113000665047467	0.0	1.8757002831573788	0.2955972941892203	0.0	0.4698624450596052	0.0	2.669424405958108	0.0	0.0
SRR11292196	0.0	0.0	0.0	1.7646043841935246	1.8809220513484517	0.0	0.0	0.0	2.9220686037706	4.397135688444208	2.1004795779706944	0.0	0.0	0.0	0.0	0.0	0.0	0.0	0.0	4.4263856328671105	0.0	0.7606569081602198	1.0222724416905096	0.0	0.0	0.0	1.3021672245689428	0.0	0.0	0.5291164547729525	3.244280895406178	0.0	0.0	1.4531329979928007	0.6601378039677728	3.756151606139222	0.0	0.0	0.0	0.0	0.0	0.0	0.0	0.0	0.0	0.0	0.0	0.9108732250558786	3.1829862262630804	2.4447490265421274	0.0	0.0	0.5291164547729525	0.0	0.0	0.3405982713792908	0.0	1.564941995169513	0.0	1.2169600393221867	0.9701349074221007	0.5291164547729525	0.0	0.0	0.0	0.0	0.0	0.0	1.1108513855160878	0.6601378039677728	0.0	0.0	2.182496658850107	0.0	0.0	0.0	0.0	0.3405982713792908	0.8422276595143354	0.0	1.7820343451546168	0.5291164547729525	1.7987916809386302	0.6601378039677728	0.0	0.5291164547729525	0.0	3.1833254287999675	0.0	0.0
SRR11292197	0.0	0.29802375537422837	2.3324509268758504	1.98080092889769	2.653896058981032	0.29802375537422837	0.29802375537422837	1.0736538108592426	2.8976066656784387	4.5829663117418615	1.1704626710009554	0.0	0.0	0.0	0.29802375537422837	0.29802375537422837	0.0	0.0	0.0	4.136074774450988	0.0	1.58518692688137	1.1083770149579557	0.0	0.0	0.47310829213333255	1.1704626710009554	0.0	0.0	0.5975427911213753	1.7793959873214145	0.0	0.0	2.2817996107333816	3.4726793380063565	3.708045903260958	0.0	0.0	0.0	0.0	0.0	0.0	0.0	0.0	0.0	0.0	0.0	0.29802375537422837	3.2151235378219805	0.0	0.0	0.0	0.0	0.29802375537422837	0.0	0.29802375537422837	0.0	0.0	0.0	0.47310829213333255	0.7731292264311094	0.0	0.0	0.0	0.0	0.0	0.0	0.0	0.6941499803041492	0.0	0.0	0.0	2.4682032160319984	0.0	0.0	0.0	0.0	0.0	0.29802375537422837	0.0	1.2953002311775967	0.29802375537422837	1.8391513894849343	0.0	0.0	0.0	0.0	0.0	0.0	0.0
SRR11292198	0.0	0.0	0.388030477912719	2.6176208995037533	1.0986027607450206	0.388030477912719	0.0	0.0	3.6306941082594526	4.4703996557311045	3.2348822862354116	0.0	1.6095843352703323	0.0	0.0	1.3115128657503745	0.23598295997099003	0.0	0.0	4.270094179019688	0.23598295997099003	1.6172190796523656	1.2273627264177192	0.0	0.0	0.0	2.5919240479133654	0.0	0.0	0.8308713578590216	2.3346481409352595	0.0	0.0	0.9850496018014119	0.5896373404930226	2.7177872427928054	0.0	0.0	0.0	0.0	0.0	0.0	0.0	0.0	0.0	0.0	0.0	1.7357048677850637	3.2386984703560824	2.6243730630806676	0.0	0.0	0.0	0.0	0.0	0.0	0.0	0.5896373404930226	0.0	1.3410827815050008	1.3265494418009285	0.0	0.0	0.0	0.0	0.0	0.0	0.0	0.9513283463230229	0.23598295997099003	0.0	0.0	3.4565933601722296	0.0	0.0	0.0	0.0	0.23598295997099003	0.5004290165706414	0.0	1.7742678674170447	0.5004290165706414	2.0769147189151393	0.0	0.0	1.2083828021341116	0.0	3.4482984717782665	0.0	0.0
SRR11292199	0.0	0.0	0.0	3.510622939724493	1.4265619731074817	0.17443510187684602	0.0	0.7362862458514208	3.5770771362775955	4.450017469920187	2.878680452547625	0.0	0.0	0.0	0.3949543633924186	2.2726481448815723	0.17443510187684602	0.0	0.17443510187684602	4.2791839286098545	0.0	1.706917081988938	1.4184475868150974	0.0	0.4738026005169211	0.17443510187684602	0.64933827663806	0.0	0.0	0.4738026005169211	2.6072786159164094	0.0	0.0	1.0561462806721593	0.6949845652715457	2.8410472863124614	0.0	0.0	0.0	0.0	0.0	0.0	0.0	0.0	0.0	0.0	0.0	1.410178699515512	3.089662283798357	0.7739989550224065	0.0	0.0	0.3949543633924186	0.0	0.0	0.64933827663806	0.0	0.3949543633924186	0.0	1.8243905420660758	0.17443510187684602	0.0	0.0	0.0	0.3949543633924186	0.0	0.0	0.0	0.9498119777125377	0.17443510187684602	0.0	0.0	3.449477954597466	0.0	0.0	0.0	0.0	0.4738026005169211	0.17443510187684602	0.0	1.6531340909743342	1.30701094936323	2.051961311843924	0.7362862458514208	0.0	0.2985433854860252	0.0	3.5103578845126333	0.0	0.0
SRR11292201	0.0	0.2809449873537858	0.0	3.2835702180659565	0.7441408948535845	0.6663724489131303	0.0	0.0	3.9106352014244643	4.107029552100632	1.216519344228951	0.0	0.0	0.0	0.0	1.791998969105481	0.0	0.0	0.0	4.515038916683739	0.0	1.683945244446616	1.1378147162807384	0.0	0.0	0.0	2.5685563018812974	0.0	0.0	0.45012938371725403	3.2884773229785607	0.0	0.0	1.7304387268434271	1.0041542243709547	3.4932753775609324	0.0	0.0	0.0	0.0	0.0	0.0	0.0	0.0	0.0	0.0	0.0	1.1378147162807384	3.3453725593578607	1.7230272987486934	0.0	0.0	0.0	0.0	0.0	0.0	0.0	0.0	0.0	0.8100757202607499	0.0	0.2809449873537858	0.0	0.0	0.2809449873537858	0.0	0.0	0.0	0.9178672255568746	0.45012938371725403	0.0	0.2809449873537858	2.4258707567954443	0.0	0.0	0.0	0.0	0.0	1.0416186511052596	0.0	1.9278026159772883	0.45012938371725403	1.9087305072288765	0.2809449873537858	0.0	0.0	0.0	0.0	0.0	0.0
SRR11292202	0.0	0.0	0.0	1.4585368585708403	2.1692135609416843	0.0	0.0	0.0	2.9262746936355075	4.464165567816704	1.8672379867006013	0.0	0.0	0.0	0.0	0.36569576966828593	0.0	0.0	0.0	4.463948768012039	0.0	1.579681720176906	1.063291391785731	0.0	0.0	0.0	2.6622148671417247	0.0	0.36569576966828593	1.3703071676682015	1.790785135234963	0.0	0.0	0.6957732173353406	1.3703071676682015	3.139122151105327	0.0	0.0	0.0	0.0	0.6957732173353406	0.0	0.0	0.0	0.0	0.0	0.0	1.649302122711957	3.381667822772336	0.0	0.0	0.0	0.0	0.0	0.0	0.0	0.0	0.0	0.0	0.0	0.0	0.0	0.0	0.0	0.0	0.0	0.0	0.0	0.9506890669756701	0.0	0.0	0.0	2.0882854713737937	0.0	0.0	0.36569576966828593	0.0	0.6957732173353406	0.5613662347536162	0.0	1.3184109189247533	0.5613662347536162	1.579681720176906	0.0	0.0	0.5613662347536162	0.0	0.36569576966828593	0.0	0.0
SRR11292203	0.0	0.0	0.9322499858789272	2.865951565552775	1.6904793223969563	0.4181446338631212	0.18743188739715708	0.18743188739715708	2.6858290117216366	4.1688412254244	2.295446912643364	0.0	0.0	0.0	0.18743188739715708	1.8320037119483026	0.0	0.0	0.3179317866704177	4.46736271676732	0.0	2.1616551501034382	1.1096821534793149	0.0	0.0	0.18743188739715708	1.429831083014004	0.0	0.0	0.3179317866704177	3.796780013065386	0.0	0.0	2.4579319302912443	3.2279417320292016	2.9566353467584916	0.0	0.0	0.0	0.0	0.0	0.0	0.0	1.7846532212631592	0.0	0.0	0.0	0.9838499380133752	3.021919438965414	0.9838499380133752	0.0	0.0	0.18743188739715708	0.0	0.0	0.0	0.0	0.18743188739715708	0.0	0.9838499380133752	0.499513896818307	0.0	0.0	0.0	0.18743188739715708	0.0	0.0	0.0	0.9039525830373054	0.6271722433858447	0.0	0.0	3.2338639844714216	0.0	0.0	0.7257058850608359	0.0	0.9322499858789272	0.9838499380133752	0.0	2.4513497515314375	0.499513896818307	1.5373212202638953	0.3179317866704177	0.0	0.0	0.0	3.764229152964752	0.0	0.0
SRR11292204	0.0	0.0	0.0	2.2177940788152037	1.2340802726841034	0.0	0.0	0.0	2.7229049026683274	4.31549091395086	1.4016436781917205	0.0	0.0	0.0	0.0	0.0	0.0	0.0	0.0	4.365251257976206	0.0	2.448408729075258	0.9576729136096382	0.0	0.0	0.0	2.666291962754895	0.0	0.0	0.0	2.340299342343096	0.0	0.0	1.6939750067384054	0.9576729136096382	1.8977548863683071	0.0	0.0	0.0	0.0	0.0	0.0	0.0	0.0	0.0	0.0	0.0	0.5670801367940469	3.8729906813264003	0.0	0.0	0.0	0.0	0.0	0.0	0.0	0.0	0.0	0.0	1.0704748083081101	0.8048828767518768	0.0	0.0	0.0	0.0	0.0	0.0	0.0	0.8048828767518768	0.0	0.0	0.0	3.0472161084405514	0.0	0.0	0.0	0.0	0.5670801367940469	0.9576729136096382	0.0	1.0704748083081101	0.0	1.6696679607898324	0.0	0.0	0.5670801367940469	0.0	3.98193084905074	0.0	0.0
SRR11292205	0.0	0.0	0.0	1.1572593185395763	0.5649847039448437	0.0	0.0	0.0	2.457848938149524	4.518207117462598	2.574236334643164	0.0	0.0	0.0	0.0	0.3685373130651491	0.0	0.0	0.0	4.009339183279606	0.0	0.9551141292076208	1.4828682996960452	0.0	0.0	0.0	2.519929884385589	0.0	0.0	0.3685373130651491	2.21493470293638	0.0	0.0	0.6997545408048704	2.96899510914423	4.016214331030985	0.0	0.0	0.0	0.0	0.0	0.0	0.0	0.802458134862634	0.0	0.0	0.0	1.375076160661182	3.8803247338009643	1.1148484610028384	0.0	0.0	0.0	0.0	0.0	0.0	0.0	0.0	0.0	0.6997545408048704	0.0	0.6997545408048704	0.0	0.0	0.0	0.0	0.0	0.0	0.802458134862634	0.0	0.0	0.0	2.689101512520806	0.0	0.0	0.0	0.0	0.0	0.0	0.0	1.5845314861351025	0.0	1.691156542310271	1.4633446754646655	0.0	0.0	0.0	0.0	0.0	0.0
SRR11292206	0.0	0.0	0.0	1.6295103519938923	1.1723098393173255	0.0	0.0	0.5037898519434837	3.0650927797810654	4.508767203749479	1.8777156062899787	0.0	0.0	0.0	0.23804559229031425	1.906172168051541	0.0	0.0	0.0	4.34418152936236	0.0	1.7288393803248328	1.4240633603970234	0.0	0.0	0.0	2.07649360454262	0.23804559229031425	0.0	0.593285165233753	2.7166364100346483	0.0	0.0	0.8790948288052122	1.4693789663114636	3.4463355387336545	0.0	0.0	0.0	0.0	0.23804559229031425	0.0	0.0	0.390934388606807	0.0	0.0	0.0	1.1723098393173255	3.2042354737551832	2.72567361993216	0.0	0.0	1.1504482844593564	0.23804559229031425	0.0	0.23804559229031425	0.0	0.390934388606807	0.0	1.1723098393173255	0.23804559229031425	0.23804559229031425	0.0	0.0	0.0	0.0	0.0	0.0	1.049991754200317	0.5037898519434837	0.0	0.0	3.0205879351196616	0.23804559229031425	0.0	0.0	0.0	0.390934388606807	0.786040197761772	0.0	1.5295574981672146	0.6674520026200406	2.2871732560056324	0.23804559229031425	0.0	0.0	0.0	3.082741088035863	0.0	0.0