SAMPLE_ID	Acidimicrobiia	Acidithiobacillia	Acidobacteriia	Actinobacteria	Alphaproteobacteria	Anaerolineae	Aquificae	Ardenticatenia	Bacilli	Bacteroidia	Betaproteobacteria	Calditrichae	Candidatus Brocadiae	Chitinophagia	Chlamydiia	Chlorobia	Chloroflexia	Chthonomonadetes	Clostridia	Coprothermobacteria	Coriobacteriia	Cytophagia	Deferribacteres	Dehalococcoidia	Deinococci	Deltaproteobacteria	Endomicrobia	Epsilonproteobacteria	Erysipelotrichia	Fibrobacteria	Flavobacteriia	Fusobacteriia	Gammaproteobacteria	Gemmatimonadetes	Halobacteria	Ignavibacteria	Lentisphaeria	Methanobacteria	Mollicutes	Negativicutes	Nitriliruptoria	Nitrospira	Oligoflexia	Opitutae	Planctomycetia	Rubrobacteria	Saprospiria	Sphingobacteriia	Spirochaetia	Synergistia	Tepidiformia	Thermodesulfobacteria	Thermoleophilia	Thermotogae	Tissierellia	Unclassified Actinobacteria Phylum	Unclassified Armatimonadetes Phylum	Unclassified Bacteroidetes Phylum	Unclassified Candidatus Cloacimonetes Phylum	Unclassified Candidatus Saccharibacteria Phylum	Unclassified Chloroflexi Phylum	Unclassified Cyanobacteria Phylum	Unclassified Firmicutes Phylum	Unclassified Kiritimatiellaeota Phylum	Unclassified Planctomycetes Phylum	Unclassified Proteobacteria Phylum	Unclassified Tenericutes Phylum	Unclassified Verrucomicrobia Phylum	Verrucomicrobiae	Vicinamibacteria
SAMPLE-1	0.0	0.0	0.0	1.7967067126093772	0.7201255530167019	0.0	0.0	0.0	3.135170523708566	4.1472867511846125	2.9677694935632406	0.0	0.0	0.0	0.0	0.0	0.0	0.0	4.116366791780475	0.0	3.1238712016835777	0.6219230846778803	0.0	0.0	0.0	2.187479299538392	0.0	0.0	2.327189686153557	0.0	0.0	2.086763226092815	2.653592939928432	0.0	0.0	0.0	0.0	0.0	0.4948216715293784	3.109051535916109	0.31437248000499995	0.0	0.0	0.0	0.0	0.0	0.0	0.31437248000499995	0.0	0.0	0.0	0.0	0.0	0.31437248000499995	0.8677259860040215	0.0	0.0	0.8677259860040215	0.0	0.0	0.0	0.9776863020744592	2.286218460990764	0.0	0.0	1.065354856092744	0.0	0.0	2.9867300852112844	0.0
SAMPLE-10	0.0	0.0	0.0	2.5299538937967956	0.6157242825170794	0.0	0.0	0.0	3.71583031804913	1.567853162849856	0.6157242825170794	0.0	0.0	0.0	0.0	0.0	0.4089056190976776	0.0	4.142220299073867	0.0	3.913352013513544	0.0	0.0	0.0	0.4089056190976776	1.2211342123812294	0.0	0.0	1.1782671459617935	0.0	0.4089056190976776	1.388436952488964	3.548255559047892	0.0	0.0	0.0	0.0	0.0	0.4089056190976776	2.408104338517036	0.0	0.0	0.0	0.0	0.0	0.0	0.0	0.0	0.0	0.0	0.0	0.0	0.0	0.0	0.4089056190976776	2.0493684548763196	0.0	0.0	0.0	0.0	0.0	0.0	2.0370715384904683	0.0	0.0	0.0	0.0	0.0	3.3987811654754303	0.6157242825170794
SAMPLE-11	0.0	0.0	0.0	2.4276665479913797	0.42264981949002733	0.0	0.0	0.0	3.657609545787251	3.58278243932468	1.8460112647454028	0.0	0.0	0.0	0.0	0.0	0.0	0.0	4.135191164502153	0.0	3.573432693535112	0.42264981949002733	0.0	0.0	0.0	1.3171517283901282	0.0	0.0	2.462303847863117	0.0	0.0	1.7741224458522138	2.394372553111414	0.0	0.0	0.0	0.0	0.0	1.4368278543540673	2.489776207482276	0.0	0.0	0.0	0.0	0.0	0.0	0.0	0.0	0.0	0.0	0.0	0.0	0.0	0.7737203730003231	0.2608301983119628	1.4235516509098767	0.0	1.1254077692734417	0.0	0.2608301983119628	0.2608301983119628	0.0	2.4001018352505903	0.0	0.0	0.2608301983119628	0.0	0.0	3.8368296751342905	0.0
SAMPLE-12	0.0	0.0	0.0	3.801421377907883	1.2574554768291275	0.0	0.0	0.0	2.4894419083430206	2.582849834994302	1.320959153957492	0.0	0.0	0.0	0.0	0.0	0.0	0.0	4.261219446069034	0.0	3.862738574212918	0.0	0.0	0.0	0.0	0.5852859308070052	0.0	0.5852859308070052	3.0924496054977713	0.0	0.5852859308070052	0.0	2.0383861748263667	0.0	0.0	0.0	0.0	0.0	0.5852859308070052	1.7182700570778742	0.0	0.0	0.0	0.5852859308070052	0.5852859308070052	0.0	0.0	0.0	0.0	0.0	0.0	0.0	0.0	0.0	1.0932045858805564	0.5852859308070052	0.0	0.8258739086058765	0.0	0.0	0.0	0.0	2.111196231068012	0.0	0.0	0.9797919569128624	1.2574554768291275	0.0	1.5801247207547724	0.0
SAMPLE-13	0.0	0.0	0.0	2.9694655764812583	0.43423488456673354	0.43423488456673354	0.0	0.0	3.218888837016857	1.8743082953416272	0.6469736855785899	0.0	0.0	0.0	0.0	0.0	0.0	0.0	3.8349466979719353	0.0	3.346458250352607	0.0	0.0	0.0	0.0	1.6075826450715127	0.0	0.0	2.9851860241306607	0.0	0.0	2.363987422500738	4.3089962523442455	0.0	0.0	0.0	0.0	0.0	2.0836947063883167	2.1920425115017577	0.0	0.0	0.0	0.0	0.0	0.0	0.0	0.0	0.0	0.0	0.0	0.0	0.0	0.43423488456673354	1.6595894494893426	0.0	0.0	1.259572099078467	0.0	0.43423488456673354	0.0	0.8960649657005587	2.725775958097474	0.0	0.0	0.43423488456673354	0.0	0.0	0.9817979629380068	0.0
SAMPLE-14	0.0	0.0	0.0	3.715305349721359	0.9497094544088702	0.0	0.0	0.0	2.512108471617924	2.315067817570864	0.9497094544088702	0.0	0.0	0.0	0.0	0.0	0.0	0.0	4.22270687960366	0.0	3.8879377403579194	1.457471937947219	0.0	0.0	0.0	0.9497094544088702	0.0	0.6948923899130749	3.2935343356136104	0.0	0.0	0.0	1.7803109482170678	0.0	0.0	0.6948923899130749	0.0	3.0597336127531642	0.0	2.156300373405498	0.0	0.0	0.0	0.0	0.0	0.0	0.0	0.0	0.0	0.0	0.0	0.0	0.0	0.6948923899130749	0.0	1.317360632317169	0.0	1.7192696819899644	0.0	0.0	0.0	0.0	2.6806492939790574	0.0	0.0	1.6078060086292443	1.1092350005573008	0.0	1.9817216216139395	0.0
SAMPLE-15	0.0	0.0	0.0	1.3133441242326287	0.6747335013240403	0.0	0.0	0.0	2.645332000339297	3.9133311988080703	1.7623882119301042	0.0	0.0	0.0	0.28604140427280694	0.0	0.0	0.0	4.18647245238044	0.0	3.1678891238579228	0.28604140427280694	0.0	0.0	0.0	1.8150363587036202	0.0	0.0	2.9184242918679817	0.0	0.0	1.7623882119301042	1.7259160467388133	0.0	0.0	0.0	0.0	0.0	0.8190774819549862	1.8087939471923693	0.0	0.0	0.0	0.0	0.45701926523134734	0.0	0.0	0.0	0.0	0.0	0.0	0.0	0.0	0.45701926523134734	1.4177724872799458	0.0	0.0	1.1476805030395332	0.0	0.0	0.0	3.1017699754765706	2.73296946597941	0.0	0.0	1.3686895658327372	1.3686895658327372	0.0	3.75674001451874	0.0
SAMPLE-16	0.2774414360381403	0.0	0.0	2.356503545323653	1.1309687512302569	0.0	0.0	0.2774414360381403	3.458124015124448	3.8882386557768793	2.3443725084097653	0.0	0.0	0.0	0.0	0.0	0.0	0.0	4.0840193452560145	0.0	2.230491487677932	0.2774414360381403	0.0	0.0	0.0	1.2761252945682586	0.0	0.5661786266688279	2.1504496708141057	0.0	0.2774414360381403	2.1504496708141057	3.453774398435651	0.0	0.0	0.0	0.0	0.0	0.8609292271871957	2.9588391581779647	0.0	0.0	0.0	0.0	0.2774414360381403	0.0	0.0	0.0	0.0	0.0	0.0	0.0	0.0	0.4453762736456575	0.2774414360381403	0.0	0.0	1.1012480617588545	0.0	0.0	0.0	3.2999903039225864	1.3154223539914396	0.0	0.0	0.2774414360381403	0.0	0.0	3.677878521585349	0.0
SAMPLE-17	0.0	0.21163725602820868	0.0	2.2729941211952416	0.21163725602820868	0.0	0.21163725602820868	0.0	3.2423648109139362	3.3758195557919763	1.361307512447846	0.0	0.0	0.0	0.0	0.0	0.0	0.0	4.16365755438965	0.0	2.7051074852459034	0.5455227170777093	0.0	0.0	0.0	1.4169304281783985	0.0	0.21163725602820868	2.421776742002048	0.0	0.0	2.238182623062775	3.736814640315246	0.0	0.0	0.0	0.0	0.0	1.5874431684196844	3.2227303004054497	0.0	0.0	0.0	0.0	0.21163725602820868	0.0	0.0	0.21163725602820868	0.0	0.0	0.0	0.0	0.0	0.35331435104635184	1.475453895591742	0.0	0.0	1.1116246868908841	0.45996622171792806	0.7798478955606811	0.45996622171792806	0.21163725602820868	1.5270193735537552	0.0	0.21163725602820868	0.5455227170777093	0.0	0.0	3.850670394964254	0.0
SAMPLE-18	0.0	0.0	0.0	3.4214459235435704	0.5304168045468339	0.0	0.0	0.0	2.391197631497874	2.964637935907451	1.9517877025125006	0.0	0.0	0.0	0.0	0.0	0.0	0.0	4.304889648550107	0.0	3.6404248963212344	0.0	0.0	0.0	0.0	0.0	0.0	0.0	3.2704763090468147	0.0	0.0	0.0	2.163452260264626	0.0	0.0	0.0	0.0	2.583959219334822	0.6615801155070202	2.711988032846776	0.0	0.0	0.0	0.0	0.0	0.0	0.0	0.0	0.0	0.0	0.0	0.0	0.0	0.6615801155070202	0.0	1.3289788096195776	0.0	1.396494898915721	0.0	0.0	0.0	0.341602185718578	3.436910882393243	0.0	0.0	0.8438079936491528	0.0	0.0	1.8894935529549546	0.341602185718578
SAMPLE-19	0.0	0.0	0.0	1.8021195728055541	0.0	0.0	0.0	0.0	3.042763752431015	3.339482227933181	1.731985086604669	0.0	0.0	0.2890360570393134	0.0	0.0	0.0	0.0	4.177588809488415	0.0	3.0805195146897777	0.4610545814579736	0.0	0.2890360570393134	0.0	0.2890360570393134	0.0	0.2890360570393134	2.916714360709286	0.0	0.0	1.3746112268779274	4.083967755835913	0.0	0.0	0.0	0.0	2.2854242661190867	1.3916061562675592	2.872229426108598	0.2890360570393134	0.0	0.0	0.0	0.0	0.0	0.0	0.0	0.0	0.0	0.0	0.0	0.0	0.6796174186830665	0.9326854217826173	1.3192300522486613	0.0	1.6483013883117237	0.0	0.0	0.0	0.0	2.471295730337844	0.0	0.0	1.5326684798354078	0.0	0.0	2.3279651715123943	0.0
SAMPLE-2	0.0	0.0	0.0	2.8767897811390037	0.439789293089266	0.0	0.0	0.0	2.2240791389332952	2.9237012576905768	1.20138588255092	0.0	0.0	0.0	0.0	0.0	0.0	0.0	4.271148605160599	0.0	3.5114128573496086	0.27333615845084397	0.0	0.0	0.0	1.7072076321736633	0.0	0.0	3.5636044829552778	0.0	0.0	0.0	0.5598275517176603	0.0	0.0	0.0	0.0	0.0	0.6537705143774146	3.817447209053037	0.0	0.0	0.0	0.0	0.0	0.0	0.0	0.0	0.0	0.0	0.0	0.0	0.0	0.0	0.0	0.27333615845084397	0.0	0.9037176872861472	0.0	0.0	0.27333615845084397	0.0	2.346087792605864	0.0	0.0	0.7309624052656526	0.0	0.0	1.0269787765780185	0.0
SAMPLE-20	0.0	0.0	0.0	2.3229088224397114	0.49042720965074704	0.3794066673023442	0.0	0.0	3.325222559257881	1.8188421880719792	0.6521394163205353	0.0	0.0	0.0	0.0	0.0	0.0	0.0	4.074994547910575	0.2298811412694143	3.6152636774282683	0.0	0.0	0.8621320015720565	0.0	0.9018825657285486	0.0	0.0	3.433045503899125	0.0	0.2298811412694143	0.3794066673023442	3.8200418366716744	0.0	0.0	0.0	0.0	2.9621258186074018	1.5010904045003468	1.5715283782829137	0.0	0.0	0.0	0.0	0.0	0.0	0.0	0.0	0.0	0.3794066673023442	0.0	0.0	0.0	0.5787670441283922	1.1540525122524994	1.3547065663410163	0.0	1.1946075087821972	0.0	0.3794066673023442	0.0	0.6521394163205353	3.159149324689015	0.0	0.0	0.6521394163205353	0.0	0.0	3.6017537025687685	0.0
SAMPLE-21	0.0	0.0	0.0	1.5034451546719543	0.6283849520788087	0.0	0.0	0.0	3.0221653255005325	2.021184146642739	0.0	0.0	0.0	0.4191260874821397	0.0	0.0	0.0	0.0	4.464007164458063	0.0	2.687412283731044	1.311748912841772	0.0	0.0	0.0	1.5034451546719543	0.0	0.4191260874821397	2.6115853678856906	0.0	1.0314037461883796	0.4191260874821397	2.64957303880733	0.0	0.0	0.0	0.0	0.0	1.1461232052795298	3.06492052951129	0.0	0.0	0.0	0.0	0.0	0.4191260874821397	0.0	0.0	0.0	0.0	0.0	0.0	0.0	0.6283849520788087	0.0	0.4191260874821397	0.0	1.3756586310223955	0.0	0.0	0.4191260874821397	0.9602282412403986	2.083676588207337	0.0	0.4191260874821397	0.4191260874821397	3.058183494672724	0.0	1.5840433220721917	0.0
SAMPLE-22	0.0	0.0	0.0	2.68340275637883	0.48974498494124014	0.0	0.0	0.0	3.9116160776801885	2.2145830508241175	0.48974498494124014	0.0	0.0	0.8612621649551833	0.0	0.3105320266941034	0.0	0.0	4.262457585098025	0.0	2.779944532167158	2.926189196905492	0.0	0.0	0.0	0.9709939043195138	0.0	0.3105320266941034	1.3982445276781754	0.0	0.6162361967548284	1.1313263048884536	3.0374834826467643	0.0	0.0	0.0	0.0	0.0	0.3105320266941034	3.0362336626993063	0.0	0.0	0.0	0.0	0.0	0.0	0.0	0.0	0.0	0.0	0.0	0.0	0.0	0.3105320266941034	0.48974498494124014	0.0	0.0	1.37972772936762	0.0	0.0	0.0	0.9709939043195138	1.921660540951091	0.0	0.0	0.48974498494124014	0.48974498494124014	0.0	3.5202648816571567	0.0
SAMPLE-23	0.0	0.0	0.0	2.8374908022057745	0.0	0.0	0.0	0.0	3.585605694652245	1.2921407867706176	0.5217067060693096	0.0	0.0	0.0	0.0	0.0	0.0	0.3348908141754497	4.270905062979781	0.0	3.8890625388975213	0.0	0.0	0.0	0.5217067060693096	0.8332028663115334	0.0	0.0	3.4299838650460903	0.0	0.0	0.0	2.549372572500527	0.0	0.3348908141754497	0.0	0.0	0.0	1.317164013793717	0.9016244430907776	0.0	0.0	0.0	0.0	0.0	0.3348908141754497	0.0	0.0	0.0	0.0	0.0	0.0	0.0	0.3348908141754497	1.2921407867706176	0.0	0.0	0.5217067060693096	0.0	0.3348908141754497	0.0	0.0	2.158204151562483	0.0	0.0	0.0	0.3348908141754497	0.0	0.7519484682588284	0.0
SAMPLE-24	0.28136147242075044	0.0	0.0	1.6507861442725005	0.45069350333449926	0.0	0.0	0.0	2.454019584653292	3.781446125822866	2.1721761675559526	0.0	0.0	0.28136147242075044	0.0	0.0	0.0	0.0	4.342036791907195	0.28136147242075044	3.261648539738538	0.28136147242075044	0.0	0.0	0.8680625242238771	1.811582024153518	0.0	0.0	2.830190536938924	0.0	0.28136147242075044	0.0	2.6500119534750817	0.0	0.0	0.0	0.0	0.0	0.45069350333449926	3.3974957296666286	0.0	0.0	0.0	0.0	0.0	0.0	0.0	0.28136147242075044	0.0	0.0	0.0	0.0	0.0	0.7448574068814708	0.45069350333449926	0.28136147242075044	0.0	0.6670580908251085	0.0	0.0	0.0	0.28136147242075044	2.164113396763308	0.0	0.0	1.283953777449779	0.0	0.0	1.3040662405700507	0.0
SAMPLE-25	0.0	0.0	0.0	3.5300468883155367	0.5277983153520014	0.0	0.0	0.0	3.4813220940976395	3.077207207542746	2.116047763699605	0.0	0.0	0.0	0.0	0.2529587288912479	0.0	0.0	4.306060113842716	0.0	3.649166065958766	0.0	0.0	0.0	0.0	0.8151159755751543	0.0	0.2529587288912479	1.4806696840114586	0.0	0.0	0.2529587288912479	0.9092307912025411	0.0	0.0	0.0	0.0	0.2529587288912479	0.6947962905097466	2.787876622371347	0.0	0.0	0.0	0.0	0.0	0.0	0.0	0.0	0.0	0.2529587288912479	0.0	0.0	0.0	0.0	0.8151159755751543	0.2529587288912479	0.0	0.0	0.0	0.0	0.0	0.0	3.0453156574138154	0.2529587288912479	0.0	0.41176636514057036	0.0	0.0	0.6947962905097466	0.2529587288912479
SAMPLE-26	0.0	0.0	0.0	2.8725113782346035	0.9483867809674232	0.0	0.0	0.0	3.573763129744132	3.516895045254167	2.654286706022336	0.0	0.0	0.0	0.0	0.0	0.0	0.0	3.913843927109744	0.0	3.425415866835803	0.0	0.0	0.0	0.0	2.1921058555203974	0.0	0.597124441055991	1.5121219364583254	0.0	0.0	0.2977458689055982	3.649410510206168	0.0	0.0	0.0	0.0	0.2977458689055982	1.6370103633228774	3.1887570179326263	0.0	0.0	0.0	0.0	0.0	0.0	0.0	0.0	0.0	0.0	0.0	0.0	0.0	0.2977458689055982	0.9483867809674232	0.2977458689055982	0.0	0.4727368769810909	0.0	0.597124441055991	0.0	0.7726638271842933	2.29229318257767	0.0	0.0	0.9483867809674232	0.0	0.0	3.937495157681934	0.0
SAMPLE-27	0.0	0.0	0.0	3.256080155164791	0.0	0.0	0.0	0.0	3.4916163314868958	3.2607224982196508	2.6208358168799193	0.0	0.0	0.0	0.0	0.0	0.0	0.0	4.223644606198368	0.0	3.9208768804486094	0.0	0.0	0.0	0.0	1.3092065956709678	0.0	0.0	2.0317744245645764	0.0	1.0289800082068052	0.0	2.6593767168706473	0.0	0.0	0.0	0.0	0.0	1.945520333940292	2.7863776910071314	0.0	0.0	0.0	0.0	0.0	0.0	0.0	0.0	0.0	0.0	0.0	0.0	0.0	0.0	1.0289800082068052	0.0	0.0	0.0	0.0	0.0	0.0	0.0	2.850262697289148	0.0	0.0	0.0	0.0	0.0	0.0	0.0
SAMPLE-28	0.0	0.0	0.0	3.3213045526576663	0.5385167886825789	0.3478710214536873	0.0	0.0	3.505228358529262	3.0868603325225683	0.6705538621496218	0.0	0.0	0.0	0.0	0.0	0.0	0.0	4.279416713303113	0.0	3.7853710154860636	0.5385167886825789	0.0	0.0	1.7594984605130126	2.07952139507083	0.0	0.0	2.8700217588005223	0.0	0.0	0.3478710214536873	1.3636105111839973	0.0	0.0	0.3478710214536873	0.0	0.0	0.6705538621496218	2.3266983686290192	0.0	0.0	0.0	0.0	0.0	0.3478710214536873	0.0	0.0	0.0	0.3478710214536873	0.0	0.0	0.0	0.8536293024413462	0.8536293024413462	1.533389217805588	0.0	0.3478710214536873	0.0	0.0	0.0	0.6705538621496218	2.8516576224812695	0.0	0.3478710214536873	1.0343150541269601	2.1748171580294855	0.0	2.6877057476101744	0.0
SAMPLE-29	0.0	0.0	0.7132989560770167	2.5367380089213336	0.0	0.37825976371924075	0.0	0.0	3.786596936201291	3.0791501411487174	0.37825976371924075	0.0	0.0	0.0	0.0	0.0	0.0	0.0	4.154758534320795	0.0	3.6749861730769418	0.37825976371924075	0.0	0.0	0.0	0.5773171110172949	0.0	0.37825976371924075	3.208625686929035	0.0	0.0	0.5773171110172949	2.529668101801409	0.0	0.0	0.0	0.0	0.37825976371924075	2.1282927274769614	1.7631196624242018	0.0	0.0	0.0	0.0	0.0	0.0	0.0	0.0	0.0	0.0	0.0	0.0	0.0	0.0	0.37825976371924075	0.37825976371924075	0.0	1.0832846803523979	0.0	0.7132989560770167	0.0	0.37825976371924075	1.8564342450565368	0.0	0.0	1.1304353925689865	0.0	0.0	3.722985775861357	0.0
SAMPLE-3	0.0	0.0	0.0	2.3653245266064262	1.071989949033772	0.0	0.0	0.0	3.5001758962699814	3.8603241193656044	1.6586037274956729	0.0	0.0	0.0	0.0	0.0	0.0	0.0	4.215304574265934	0.0	2.971648777264875	0.0	0.0	0.0	0.0	2.25994998577555	0.0	0.0	2.8610244821228994	0.0	0.37113561606544876	1.161477804791645	2.5998915777681555	0.0	0.0	0.0	0.37113561606544876	0.0	0.5682877878825315	3.5181512172150886	0.0	0.0	0.0	0.0	0.0	0.0	0.0	0.37113561606544876	0.0	0.0	0.0	0.0	0.0	0.0	0.7033859621762139	1.2684554920622264	0.0	0.5682877878825315	0.37113561606544876	0.0	0.0	1.298965085768351	2.3144060240553106	0.0	0.37113561606544876	1.573566608295234	0.0	0.0	3.1002125563441747	0.0
SAMPLE-30	0.0	0.0	0.0	3.4569806724115013	0.722075043273555	0.0	0.0	0.0	2.9042971777367206	2.0412617756107876	0.9798405112707305	0.0	0.0	0.0	0.0	0.0	0.0	0.0	4.346610033615294	0.0	3.1800444697471977	0.0	0.0	0.0	0.0	0.4964598104831642	0.0	0.0	3.6373203674441754	0.0	0.0	0.0	3.184921028698265	0.0	0.0	0.0	0.0	0.0	0.722075043273555	2.125382037015503	0.0	0.0	0.0	0.0	0.0	0.0	0.0	0.0	0.0	0.0	0.0	0.0	0.0	0.0	0.9798405112707305	1.0675552792572578	0.0	0.722075043273555	0.0	0.0	0.0	0.0	2.7302069945535665	0.0	0.0	0.0	0.8698073398138682	0.0	2.125382037015503	0.0
SAMPLE-31	0.2161512224275035	0.0	0.0	3.793218481348266	0.2161512224275035	0.0	0.0	0.0	3.0116154928878416	2.201428199385208	1.7987518687126651	0.0	0.0	0.0	0.0	0.0	0.0	0.0	4.2643145666056546	0.0	2.828451724456902	0.2161512224275035	0.0	0.0	0.0	1.4774468227880215	0.0	0.2161512224275035	3.0253053327687276	0.0	0.0	0.0	3.5259889401031015	0.0	0.0	0.2161512224275035	0.0	0.0	0.7895493500462265	3.278246202396798	0.0	0.0	0.0	0.0	0.0	0.0	0.0	0.0	0.0	0.0	0.0	0.0	0.2161512224275035	0.2161512224275035	2.1390229101695732	0.0	0.0	0.2161512224275035	0.0	1.0012672256877153	0.0	0.0	2.976115335336572	0.0	0.0	1.0283339508130065	0.46758342213014115	0.0	2.4067242354926983	0.0
SAMPLE-32	0.0	0.0	0.0	2.6080027202491047	0.7135087941823286	0.0	0.0	0.0	3.5677099303750563	3.2339897217521383	2.5707172498759654	0.0	0.0	0.0	0.0	0.0	0.0	0.0	4.324329780469471	0.0	3.0052996647193724	0.0	0.0	0.0	0.0	1.7659700537610077	0.0	0.31017361463590837	2.681761162235269	0.0	0.0	1.7253211448696084	3.2894660734725485	0.0	0.0	0.0	0.0	0.0	1.8102043713099154	2.2248144493809177	0.0	0.0	0.0	0.0	0.31017361463590837	0.0	0.0	0.0	0.0	0.0	0.0	0.0	0.0	0.7135087941823286	0.489270461472712	0.489270461472712	0.0	0.31017361463590837	0.0	0.0	0.489270461472712	0.0	2.097132189335669	0.0	0.0	1.522694354988778	0.0	0.0	3.4743066463594827	0.0
SAMPLE-33	0.0	0.0	0.0	1.8452313836345204	0.5710717947243605	0.0	0.0	0.0	2.6898409973013866	2.1914235917493774	0.7435793621660634	0.0	0.0	0.2806187878479579	0.0	0.0	0.0	0.0	4.41976084901953	0.0	3.389550801066598	0.2806187878479579	0.2806187878479579	0.0	0.0	0.7435793621660634	0.0	0.0	3.447440175777874	0.0	0.2806187878479579	0.0	1.1911949794493766	0.2806187878479579	0.0	0.2806187878479579	0.2806187878479579	0.6658351433166831	0.4496874198432188	2.3385649353274642	0.0	0.0	0.0	0.0	0.0	0.0	0.0	0.0	0.2806187878479579	0.0	0.0	0.0	0.0	0.5710717947243605	0.4496874198432188	0.4496874198432188	0.0	0.6658351433166831	0.4496874198432188	0.2806187878479579	0.2806187878479579	1.8508279596753656	3.2017299381202378	0.0	0.0	0.2806187878479579	0.2806187878479579	0.2806187878479579	1.5156912844709074	0.0
SAMPLE-34	0.0	0.0	0.0	2.6278450538542093	1.0203873490043613	0.0	0.0	0.0	2.6529709538000685	2.701976477384475	1.4689656427776363	0.0	0.0	0.61911521978792	0.0	0.0	0.0	0.0	4.381517895708962	0.0	3.6683066052891538	0.0	0.0	0.0	0.0	1.513245532054746	0.0	0.61911521978792	3.0635723021198276	0.61911521978792	0.0	0.61911521978792	1.513245532054746	0.0	0.0	0.0	0.0	2.2655068630968227	0.61911521978792	3.333064763607013	0.0	0.0	0.0	0.0	0.0	0.0	0.0	0.0	0.0	0.8645359604564825	0.61911521978792	0.0	0.0	0.0	1.419653080309136	1.0203873490043613	0.0	1.419653080309136	0.0	0.0	0.0	1.0203873490043613	1.8673780419876866	0.0	0.0	0.8645359604564825	2.409894227341904	0.0	1.9517544692791566	0.0
SAMPLE-35	0.0	0.0	0.0	3.755769008722715	0.47639129024965243	0.0	0.0	0.0	3.4451313870106337	3.434590132818747	2.169173718755322	0.0	0.0	0.3004826373682072	0.6012386949703609	0.0	0.0	0.0	4.2785031601989285	0.0	2.765319317854073	2.011752465701395	0.0	0.0	0.9990142578273672	1.6710257859456672	0.0	0.0	2.7593289802490077	0.3004826373682072	0.0	1.2777159155836946	3.099620549030888	0.0	0.0	0.0	0.0	2.732905902812116	1.254238026284243	2.791997959021133	0.3004826373682072	0.0	0.0	0.0	0.0	0.0	0.0	0.0	0.0	0.0	0.0	0.0	0.0	0.6012386949703609	0.47639129024965243	0.0	0.0	0.3004826373682072	0.0	0.0	0.0	0.47639129024965243	1.9283364216144072	0.0	0.0	1.203093119298397	0.0	0.0	0.47639129024965243	0.0
SAMPLE-36	0.0	0.0	0.0	3.3686197467937946	0.0	0.3289458590547306	0.0	0.0	2.279151359565993	3.5279069297746695	2.1144001493707916	0.0	0.0	0.0	0.3289458590547306	0.0	0.0	0.0	4.38449570276771	0.0	2.605452175393914	2.5943279421900414	0.0	0.3289458590547306	0.891909380763627	1.9285271816340352	0.0	0.0	2.793624804896858	0.0	0.0	0.0	2.0358858339316304	0.0	0.0	0.5139574058554378	0.0	2.4587784484425685	0.3289458590547306	3.0810389765971946	0.3289458590547306	0.0	0.0	0.0	0.0	0.0	0.0	0.0	0.0	0.0	0.3289458590547306	0.3289458590547306	0.0	0.891909380763627	0.5139574058554378	0.3289458590547306	0.0	1.0908852331736685	0.0	0.3289458590547306	0.7428127715772563	0.3289458590547306	2.346141464633393	0.0	0.0	1.330211236924853	0.0	0.0	2.75647471603942	0.0
SAMPLE-37	0.0	0.0	0.0	2.013397562866188	0.0	0.0	0.0	0.0	3.7226016405092675	1.494474968732104	0.3100925844122839	0.0	0.0	0.0	0.0	0.0	0.0	0.0	4.443636478073106	0.0	2.09697469183874	0.0	0.0	0.0	0.0	0.3100925844122839	0.0	0.0	2.388932995141806	0.0	0.0	0.3100925844122839	1.1628108248994438	0.0	0.0	0.0	0.0	0.0	1.0577319868934594	1.0161789145570812	0.0	0.0	0.0	0.0	0.3100925844122839	0.0	0.0	0.0	0.0	0.0	0.0	0.0	0.0	0.0	1.1305292879451956	0.0	0.0	0.3100925844122839	0.0	0.0	0.0	0.6155839298917216	2.782832711130874	0.0	0.3100925844122839	0.0	0.0	0.0	0.6155839298917216	0.0
SAMPLE-38	0.0	0.0	0.0	3.1899552726099767	0.3251509956284232	0.0	0.0	0.0	3.4792838424366637	1.0842988077748363	0.3251509956284232	0.0	0.0	0.0	0.0	0.0	0.0	0.0	4.382328036595993	0.0	3.401061242296031	0.0	0.0	0.0	0.0	0.3251509956284232	0.0	0.0	2.460100335978092	0.0	0.0	1.042497382589763	3.172420418377086	0.0	0.0	0.0	0.0	0.0	2.4359568295511016	0.5089937919488757	0.0	0.0	0.0	0.0	0.0	0.0	0.0	0.0	0.0	0.0	0.0	0.0	0.0	0.3251509956284232	2.1704892676303436	0.0	0.0	0.3251509956284232	0.0	0.8176393936237026	0.0	0.3251509956284232	2.8975559393020265	0.0	0.0	0.0	0.0	0.0	0.6377570243581153	0.0
SAMPLE-39	0.0	0.0	0.0	3.2707589171284495	0.30689375585613254	0.0	0.0	0.0	3.2438761898773563	3.1623977190149755	1.6024191775087928	0.0	0.0	0.30689375585613254	0.30689375585613254	0.0	0.0	0.0	4.005437050392279	0.0	3.6179204098581113	0.48492213900505154	0.0	0.0	0.0	1.7748791690223291	0.0	0.0	2.5936826740117924	0.0	0.30689375585613254	2.589110792497722	4.096724869093932	0.0	0.0	0.0	0.0	0.0	2.39899211755969	2.9585796848990573	0.0	0.0	0.0	0.30689375585613254	0.0	0.0	0.0	0.0	0.0	0.0	0.0	0.0	0.0	0.48492213900505154	1.850331873685755	0.0	0.0	0.6108262071397695	0.0	1.3913814404354305	0.0	0.0	2.048970433135993	0.0	0.0	0.8551022518159448	2.060764783218845	0.0	1.0104984237590715	0.0
SAMPLE-4	0.0	0.0	0.0	2.1935286718979228	1.2985745849539427	0.7030562280422776	0.0	0.0	3.137677910480755	3.1389561990093715	1.353828186747699	0.0	0.0	0.0	0.3708994343744581	0.0	0.0	0.0	4.196207673273176	0.0	3.0743954886376743	2.1019712359606872	0.0	0.0	2.2906328291305296	2.1332478337773884	0.0	0.0	2.8999649960706004	0.0	0.0	0.3708994343744581	2.417262614441132	0.0	0.0	0.0	0.0	2.549568784023977	0.5679877639015177	2.5097832862439526	0.0	0.0	0.0	0.0	0.0	0.0	0.8059325730186079	0.0	0.0	0.9587803938107471	0.0	0.0	0.0	0.9587803938107471	0.7030562280422776	0.8059325730186079	0.0	0.889046318517787	0.0	0.0	0.3708994343744581	0.3708994343744581	2.875693930274007	0.0	0.0	1.1997545413831563	3.387176803013827	0.0	3.951209456689432	0.5679877639015177
SAMPLE-40	0.0	0.0	0.0	3.5521503360097864	0.0	0.0	0.0	0.0	2.7004669080506853	2.4373320010617117	1.0664657745553088	0.0	0.0	0.0	0.0	0.0	0.0	0.0	4.281105610341386	0.0	3.9257306018268223	0.0	0.0	0.0	0.0	2.848975916724132	0.0	0.0	3.049905647981574	0.0	0.4956484468208738	0.0	1.3880701843897099	0.0	0.0	0.0	0.4956484468208738	0.0	1.3484509824508288	1.6396359594570504	0.0	0.0	0.0	0.0	0.0	0.4956484468208738	0.0	0.0	0.0	0.0	0.0	0.0	0.0	0.0	1.139391096174925	0.8687767190956835	0.0	1.139391096174925	0.0	0.4956484468208738	0.0	0.0	2.5601788059356774	0.0	0.0	1.139391096174925	0.0	0.0	0.9787738600325387	0.0
SAMPLE-41	0.0	0.0	0.0	2.666879589738883	0.23071416462997524	0.0	0.0	0.0	2.249593870013853	3.272159881576884	1.626969037994335	0.0	0.0	0.0	0.0	0.0	0.0	0.0	4.421131001969161	0.0	3.487852773563963	0.7165234757956014	0.0	0.0	0.23071416462997524	1.7174692551024824	1.1341354780418202	0.0	3.199547873860099	0.23071416462997524	0.23071416462997524	0.0	0.9036534353939525	0.0	0.0	0.23071416462997524	0.0	1.1341354780418202	0.491797975833718	2.2212710295550346	0.0	0.0	0.0	0.0	0.3805869551913588	0.0	0.0	0.23071416462997524	0.0	0.0	0.0	0.0	0.0	0.23071416462997524	1.0049015471018459	1.0612857699375384	0.23071416462997524	2.104442536140321	0.0	0.0	0.0	0.23071416462997524	2.337700646796638	0.0	0.23071416462997524	0.9737032823269836	0.0	0.0	0.5802581280663591	0.0
SAMPLE-42	0.0	0.0	0.0	2.669552322823807	0.8928579384508812	0.0	0.0	0.0	3.4072547061063343	1.311070660888006	0.5933045062901007	0.0	0.0	0.0	0.0	0.0	0.0	0.0	4.168154766590107	0.0	3.978537597824287	0.2952126618774808	0.0	0.0	0.0	0.7684119476861446	0.0	0.0	3.7521654270893396	0.0	0.0	0.2952126618774808	1.9229228386339892	0.0	0.0	0.0	0.0	2.0137042113425636	1.7045179621097568	0.4693473637120947	0.0	0.0	0.2952126618774808	0.0	0.0	0.0	0.0	0.0	0.0	0.0	0.0	0.0	0.0	0.5933045062901007	0.8928579384508812	1.16516842575395	0.0	0.4693473637120947	0.0	0.0	0.2952126618774808	1.3505300995581093	2.7792940373517965	0.0	0.2952126618774808	0.0	0.0	0.0	2.579381400308069	0.0
SAMPLE-43	0.0	0.0	0.0	2.6731227846505554	0.6851023744685362	0.5516829523787792	0.0	0.0	2.399303692859748	3.492027205087178	2.4124134423560215	0.0	0.0	0.0	0.0	0.0	0.0	0.0	4.398297961366521	0.0	3.5219691572049974	0.3581167256094132	0.0	0.0	0.0	0.0	0.0	0.0	2.0254628120602827	0.0	0.0	0.0	1.2468041428317096	0.0	0.0	0.0	0.0	0.0	0.0	2.6191240580224657	0.0	0.0	0.0	0.0	0.0	0.0	0.0	0.0	0.3581167256094132	0.0	0.0	0.0	0.0	0.5516829523787792	0.5516829523787792	0.9985507457077611	0.0	0.8695118793967953	0.0	0.5516829523787792	0.8695118793967953	0.0	2.6041600705088395	0.0	0.0	1.277227935987072	0.3581167256094132	0.0	2.900472071514265	0.0
SAMPLE-44	0.0	0.0	0.0	2.8897481112881813	0.0	0.0	0.0	0.0	4.222581676816118	1.3151555998548838	0.0	0.0	0.0	0.0	0.0	0.0	0.0	0.0	4.08327886793597	0.0	2.2677177787439704	0.0	0.0	0.0	0.0	0.0	0.0	0.0	1.4574477244607893	0.0	0.0	1.149449089579109	3.6257771270272974	0.0	0.0	0.0	0.0	0.0	0.9181313955717051	2.127944259496804	0.0	0.0	0.0	0.0	0.23759216507930367	0.0	0.0	0.0	0.0	0.0	0.0	0.0	0.0	0.23759216507930367	0.0	0.0	0.0	0.23759216507930367	0.0	0.988483699744007	0.0	0.592484406615161	0.785141044303003	0.0	0.0	0.6666081505166541	0.0	0.0	0.592484406615161	0.0
SAMPLE-45	0.0	0.0	0.3181281347899625	4.350376681423568	0.0	0.0	0.0	0.0	3.184282169193145	3.0776670015809273	0.8740097076932386	0.0	0.0	0.0	0.0	0.0	0.0	0.0	3.78227334452597	0.0	1.332961259995784	0.0	0.0	0.0	0.0	0.0	0.0	0.0	2.673956097375173	0.0	0.3181281347899625	0.0	2.599308624029409	0.0	0.0	0.0	0.0	0.0	0.3181281347899625	3.325122874438063	0.0	0.0	0.0	0.0	0.0	0.0	0.0	0.0	0.0	0.0	0.0	0.0	0.0	0.0	0.49977238670623103	0.0	0.0	0.0	0.0	0.0	0.0	0.0	1.2356459836433649	0.0	0.0	0.0	0.0	0.0	0.49977238670623103	0.0
SAMPLE-46	0.0	0.0	0.0	4.272579822458473	0.44791083549284866	0.0	0.0	0.0	3.3354627957117784	1.3191776002244355	0.7413205775982933	0.0	0.0	0.0	0.0	0.0	0.0	0.0	3.9029010106767394	0.0	3.7065463749283527	0.0	0.0	0.0	0.0	0.27930842522796734	0.0	0.27930842522796734	1.2132863529766529	0.0	0.0	0.0	2.2251782983877653	0.0	0.0	0.0	0.0	0.0	0.9600833894239335	0.6636741163794048	0.0	0.0	0.0	0.0	0.0	0.0	0.0	0.0	0.0	0.0	0.0	0.0	0.0	0.0	0.9600833894239335	0.27930842522796734	0.0	0.0	0.0	0.0	0.0	0.0	0.6636741163794048	0.0	0.0	0.0	0.0	0.0	0.6636741163794048	0.0
SAMPLE-47	0.0	0.0	0.0	1.8004189613737733	0.21860910739417674	0.0	0.0	0.0	3.0486401871695827	3.147095669283006	1.1684941556806272	0.0	0.0	0.0	0.3633412928136093	0.0	0.0	0.0	4.4118607245373695	0.0	3.5012842298024043	0.6924663718733486	0.0	0.0	0.0	0.0	0.0	0.0	2.3243318258294643	0.0	0.0	0.6924663718733486	3.1487127574604132	0.0	0.0	0.0	0.0	0.21860910739417674	0.21860910739417674	2.310653352127896	0.21860910739417674	0.0	0.0	0.0	0.0	0.0	0.0	0.0	0.0	0.0	0.0	0.0	0.0	0.0	1.0836017118617023	0.3633412928136093	0.0	2.1135865035295507	0.21860910739417674	0.0	0.5583630782686597	0.4717083469306319	2.816427135521372	0.0	0.0	0.21860910739417674	0.0	0.0	0.4717083469306319	0.0
SAMPLE-48	0.0	0.0	0.0	2.2515380336214688	0.2669569450320656	0.0	0.0	0.0	3.626370536781852	2.5842604969139393	0.7849389204445841	0.0	0.0	0.0	0.0	0.0	0.0	0.0	4.164357989221765	0.0	3.6347447305140257	0.0	0.0	0.0	0.0	0.43106940442729696	0.0	0.2669569450320656	1.9788579983342574	0.0	0.0	0.8415845112523307	3.9863579005630823	0.0	0.0	0.0	0.0	0.0	0.6430913889816038	2.2171507575393368	0.0	0.0	0.0	0.0	0.0	0.0	0.0	0.0	0.0	0.0	0.0	0.0	0.0	0.0	0.43106940442729696	0.5498925181724597	0.0	0.6430913889816038	0.0	0.0	0.0	0.2669569450320656	2.71936157233094	0.0	0.2669569450320656	0.2669569450320656	0.0	0.0	1.2338237980884312	0.0
SAMPLE-49	0.0	0.0	0.0	3.201651123220701	0.6283612943092732	0.0	0.0	0.0	2.5670638778200603	2.010952811376561	1.6277145038505543	0.0	0.0	0.0	0.0	0.0	0.0	0.0	4.262995995942769	0.0	3.628141987444028	0.25826181519432995	0.0	0.0	0.25826181519432995	1.7437681496971293	0.0	0.0	3.673457078825338	0.0	0.0	0.0	3.288408739216825	0.0	0.0	0.0	0.0	0.7689778831435716	0.6283612943092732	2.784402894191948	0.0	0.0	0.4191069360871939	0.0	0.0	0.0	0.0	0.0	0.0	0.0	0.0	0.0	0.0	0.0	1.146094477763892	0.8750299427523172	0.0	0.25826181519432995	0.0	0.0	0.4191069360871939	0.0	2.8732118316179442	0.0	0.25826181519432995	0.25826181519432995	0.0	0.0	3.1600195357151075	0.0
SAMPLE-5	0.0	0.0	0.0	3.5334476394846015	0.3044694848304548	0.0	0.0	0.0	2.670538130988896	3.3354322120159403	1.1202720524937948	0.0	0.0	0.0	0.0	0.3044694848304548	0.0	0.0	4.330784038760378	0.0	3.5632731859584226	0.3044694848304548	0.0	0.0	2.149817842157769	2.4461599249112953	0.0	0.0	3.1560662436731173	0.0	0.0	0.0	1.2617466163904245	0.0	0.0	0.0	0.0	0.0	0.4817012135087412	2.337233957426818	0.0	0.0	0.0	0.0	0.4817012135087412	0.3044694848304548	0.3044694848304548	0.0	0.0	0.0	0.0	0.0	0.0	0.4817012135087412	0.0	0.7044601873868382	0.0	0.7838686917321644	0.0	0.0	0.6072090638013912	0.4817012135087412	2.705808360207715	0.0	0.0	1.1524941319412854	2.482500403781424	0.3044694848304548	2.1799925930754656	0.0
SAMPLE-50	0.0	0.0	0.0	3.2161523474647344	1.115029769250522	0.0	0.0	0.0	3.6041584238795346	3.20867582361033	1.700123328109863	0.0	0.0	0.0	0.0	0.0	0.0	0.0	4.230346462335866	0.0	3.5683793835278457	0.30161880884395414	0.0	0.0	0.0	1.218589541073515	0.0	0.17648388986323693	2.9527558601866684	0.0	0.39864648875156466	1.302148059014725	3.6633675641713768	0.17648388986323693	0.0	0.0	0.0	0.0	0.779132162646054	2.082154122936799	0.0	0.0	0.0	0.0	0.17648388986323693	0.0	0.0	0.39864648875156466	0.17648388986323693	0.0	0.0	0.0	0.0	0.6999117226165001	0.8139093425719034	1.0802601277925836	0.0	0.9304574697605507	0.17648388986323693	0.30161880884395414	0.0	0.0	2.679237267706889	0.0	0.0	0.39864648875156466	0.0	0.0	0.8139093425719034	0.17648388986323693
SAMPLE-51	0.0	0.0	0.0	2.167324328479545	0.36022529002675435	0.0	0.0	0.0	3.5629564563855936	3.8535173523148063	2.63861995765796	0.36022529002675435	0.0	0.0	0.0	0.0	0.0	0.0	4.100520924247982	0.0	2.993677312406257	0.7901602346421694	0.0	0.0	0.21643726439986766	1.4590788903921776	0.0	0.0	1.0785466748337826	0.0	0.21643726439986766	2.694790767868614	3.7921401591753363	0.0	0.0	0.0	0.0	0.0	0.9730523656497131	3.3887242431397726	0.0	0.0	0.0	0.0	0.21643726439986766	0.0	0.0	0.21643726439986766	0.0	0.21643726439986766	0.0	0.0	0.0	0.4680642851662098	0.36022529002675435	0.4680642851662098	0.0	1.3848373433944101	0.21643726439986766	0.4680642851662098	0.0	0.21643726439986766	1.3848373433944101	0.0	0.0	0.7901602346421694	0.0	0.0	0.5543816566733722	0.0
SAMPLE-52	0.35070360357636454	0.0	0.0	3.5174582330823276	0.35070360357636454	0.0	0.0	0.0	2.8499705290744655	2.696092470240703	1.0389700142619263	0.0	0.0	0.0	0.0	0.0	0.0	0.0	4.367333724278377	0.0	3.6195230648769066	0.0	0.0	0.0	0.0	0.542165656138493	0.0	0.0	2.9686130224857967	0.0	0.0	0.0	1.84863032442409	0.0	0.0	0.0	0.0	0.0	0.35070360357636454	2.5710830936138285	0.0	0.0	0.0	0.0	0.0	0.0	0.0	0.0	0.35070360357636454	0.0	0.0	0.0	0.0	0.0	0.6745904844050079	1.085688626884452	0.0	0.8580409782295959	0.35070360357636454	0.0	0.0	0.542165656138493	2.923422573943553	0.0	0.0	0.0	0.0	0.0	1.085688626884452	0.0
SAMPLE-53	0.0	0.0	0.0	3.99957396284204	1.1998315544514133	0.0	0.0	0.0	3.3950997194703985	2.327884020170376	0.47407606142044556	0.0	0.0	0.29874810480950464	0.0	0.0	0.0	0.0	4.196439013091717	0.0	3.531352245870408	0.0	0.0	0.0	0.0	0.47407606142044556	0.0	0.47407606142044556	2.482577524329269	0.0	0.0	0.29874810480950464	1.9911058223312303	0.0	0.0	0.0	0.0	0.0	0.47407606142044556	2.5505314271448785	0.0	0.0	0.0	0.0	0.0	0.0	0.0	0.0	0.0	0.0	0.0	0.0	0.0	0.0	1.8215676196872108	0.47407606142044556	0.0	0.0	0.0	0.0	0.0	0.0	1.7436943278674688	0.0	0.0	0.899088775195758	0.0	0.0	3.178697025396274	0.0
SAMPLE-54	0.0	0.0	0.0	3.4250555033702748	1.9882868458978102	0.3777018455627051	0.0	0.0	2.3741052859859963	3.7284857588387688	1.9974661191578056	0.0	0.0	0.0	0.0	0.0	0.0	0.0	4.223244590711641	0.0	3.4753091875812587	0.3777018455627051	0.0	0.0	0.0	2.023894278300075	0.0	0.2286790892551596	2.661279606765149	0.0	0.0	0.0	1.656649316382966	0.0	0.0	0.0	0.0	0.0	0.2286790892551596	3.727359394459551	0.0	0.0	0.0	0.0	0.0	0.0	0.0	0.0	0.0	0.0	0.2286790892551596	0.0	0.0	0.5766114160603222	0.2286790892551596	0.3777018455627051	0.0	0.89932043441362	0.3777018455627051	0.0	0.0	0.7672749228178513	1.9215682209581755	0.0	0.0	1.2792160648609812	0.0	0.0	0.48844619498679914	0.0
SAMPLE-55	0.0	0.0	0.47231439214551324	2.255260535509753	0.6931953517069318	0.0	0.0	0.0	2.6430934401326582	1.951891111427874	1.7004827182583833	0.0	0.0	0.0	0.0	0.0	0.0	0.0	4.3221474852646224	0.0	3.841144524107186	0.47231439214551324	0.0	0.0	0.0	1.7004827182583833	0.0	0.0	3.2848077642642695	0.0	0.0	0.0	2.819502992312051	0.0	0.0	0.0	0.0	2.0302629884664127	0.8389079591103106	1.0348245970407568	0.0	0.47231439214551324	0.0	0.0	0.47231439214551324	0.0	0.0	0.0	0.0	0.0	0.0	0.0	0.0	0.6931953517069318	1.717183018817928	1.879355008614522	0.0	0.6931953517069318	0.0	0.0	0.0	1.0348245970407568	3.4001633645802576	0.0	0.0	0.0	1.932372654706891	0.0	1.354814323299248	0.0
SAMPLE-56	0.0	0.0	0.0	2.6316152836423123	0.6584697844759153	0.3394385186487118	0.0	0.0	3.3432877633428197	3.9915855229393706	2.1223069340602256	0.0	0.3394385186487118	0.20207057574043633	0.3394385186487118	0.0	0.0	0.0	4.046537862615044	0.44363881860331267	3.3435211491124606	1.1651479076680749	0.0	0.0	0.0	2.8455346640842625	0.0	0.711577156312102	2.0529875630335828	0.0	1.502540590051412	2.1803746285883046	3.368897305916577	0.0	0.0	0.20207057574043633	0.8015551332313227	1.8649915891864115	1.360239192784962	3.5996256719856135	0.20207057574043633	0.0	0.0	0.44363881860331267	0.5979514606099312	0.0	0.0	0.20207057574043633	0.0	1.0203397282295876	0.0	0.0	0.0	0.5979514606099312	2.2002931963556134	1.5412127729196357	0.0	2.6393581139183375	0.20207057574043633	0.8015551332313227	0.5276131435230924	0.6584697844759153	2.313854048887135	0.0	0.0	1.108881153891928	0.20207057574043633	0.0	0.6584697844759153	0.0
SAMPLE-57	0.0	0.0	0.0	1.6778287864600736	0.46285204206562974	0.0	0.0	0.0	2.8476780521564855	3.2177286628872146	1.126122231281364	0.0	0.0	0.29037227919365377	0.0	0.0	0.0	0.0	4.3698641067658865	0.0	2.736609669157027	0.0	0.0	0.0	0.0	1.2583331503688688	0.0	0.0	3.075344145304969	0.0	0.0	0.0	3.132551472939311	0.0	0.0	0.0	0.0	0.0	0.9806237005785357	2.9159598738046064	0.0	0.0	0.0	0.0	0.0	0.0	0.0	0.0	0.0	0.0	0.29037227919365377	0.0	0.0	0.29037227919365377	1.3218438062907474	0.29037227919365377	0.0	0.46285204206562974	0.0	0.46285204206562974	0.0	0.29037227919365377	2.1184558406711367	0.0	0.29037227919365377	0.6817898143579126	0.46285204206562974	0.0	3.6299901045583014	0.0
SAMPLE-58	0.0	0.0	0.0	2.496812883091617	0.0	0.0	0.0	0.0	3.9623155152227794	3.954821359812951	0.9933706535437544	0.0	0.0	0.25633528647351145	0.0	0.0	0.0	0.0	3.8179251500018365	0.0	2.580561931610268	0.0	0.0	0.0	0.0	2.307296973778413	0.0	0.0	1.7876784106318742	0.0	0.0	1.1897536901678405	3.543891285946514	0.0	0.0	0.0	0.0	0.0	1.166577350000253	3.065418516795851	0.0	0.0	0.0	0.0	0.25633528647351145	0.0	0.0	0.0	0.0	0.0	0.0	0.0	0.0	0.41644419988918346	0.25633528647351145	0.0	0.0	0.7008811422035077	0.0	1.1897536901678405	0.25633528647351145	0.0	1.6235069260269652	0.0	0.25633528647351145	0.7654048829698246	0.0	0.0	3.5731400029336333	0.0
SAMPLE-59	0.0	0.0	0.0	2.8073974246696722	0.7008538861687299	0.5659843875690471	0.0	0.0	3.2310091498800655	1.6289805949318035	1.7682301323724132	0.0	0.0	0.0	0.0	0.0	0.0	0.0	4.348752091095208	0.0	3.6105580073405865	0.5659843875690471	0.0	0.0	0.0	0.0	0.0	0.0	3.6411417061351634	0.0	0.0	0.0	0.8866538934011444	0.0	0.0	0.7008538861687299	0.0	0.0	1.2326644063086312	1.7581872527520181	0.0	0.0	0.0	0.0	0.0	0.0	0.0	0.0	0.0	0.0	0.0	0.0	0.0	0.36932324852534654	0.8036151537341778	0.7008538861687299	0.0	0.36932324852534654	0.0	1.158536989174806	0.36932324852534654	1.2326644063086312	2.876058457663837	0.0	0.0	0.0	2.045039042902669	0.0	0.5659843875690471	0.0
SAMPLE-6	0.0	0.0	0.0	3.3579067629629953	0.7255856788371049	0.0	0.0	0.0	3.2877460034683215	3.766326076098257	1.1167678926388032	0.0	0.0	0.6486338638205777	0.6486338638205777	0.2702598787155841	0.0	0.0	4.261446461212407	0.0	3.4154224456911346	1.1445127465846243	0.0	0.0	2.1097602444387955	2.8686664634062478	0.0	1.0871288646858333	2.5626153481044756	0.0	0.4355901241587467	0.7255856788371049	2.8836236986209913	0.0	0.0	0.0	0.0	0.0	0.2702598787155841	2.89139513657368	0.0	0.0	0.0	0.0	0.0	0.0	0.0	0.2702598787155841	0.0	0.0	0.0	0.0	0.0	0.8477214355467352	1.669778750963246	0.55504668435665	0.0	1.1445127465846243	0.0	0.0	0.0	0.4355901241587467	2.488973265237145	0.0	0.0	1.2405700356473934	0.7909329815348792	0.2702598787155841	1.8764219385149803	0.2702598787155841
SAMPLE-60	0.2785552780266191	0.0	0.0	2.171602840994359	0.8058266482316226	0.0	0.0	0.0	2.2165409617648955	3.083227485278976	2.380517418210278	0.0	0.0	0.0	0.0	0.0	0.0	0.0	4.364619712270596	0.0	3.4815969265451807	0.6624301189071748	0.0	0.0	0.0	1.9134001739839124	0.0	0.0	3.1098007607611926	0.0	0.0	0.0	0.9586686447324954	0.0	0.0	0.0	0.0	0.0	0.4468888568455689	3.648087683831753	0.0	0.0	0.2785552780266191	0.0	0.0	0.0	0.0	0.0	0.0	0.2785552780266191	0.0	0.0	0.0	0.5678961618391496	0.0	0.8058266482316226	0.0	0.4468888568455689	0.0	0.0	0.2785552780266191	0.0	2.610986874884017	0.0	0.0	0.9996231089739047	0.0	0.2785552780266191	0.9996231089739047	0.0
SAMPLE-61	0.0	0.0	0.0	2.249939989607836	0.6030814521331962	0.0	0.0	0.0	3.1527303055316946	3.07379399004806	1.3437223053929723	0.74147689135192	0.0	0.0	0.0	0.0	0.0	0.0	4.305372292061645	0.0	3.7755495693770826	0.39875736942391793	0.0	0.0	0.0	0.8462652278686676	0.0	0.39875736942391793	3.4722857082477505	0.0	0.0	0.9306203951809612	2.5525025023992645	0.0	0.0	0.0	0.0	2.320981387125293	0.6777687650321511	3.1337001635086033	0.6030814521331962	0.0	0.0	0.0	0.6030814521331962	0.24362203472275243	0.0	0.0	0.0	0.24362203472275243	0.0	0.0	0.0	0.6030814521331962	1.6711139532181583	0.74147689135192	0.0	0.512826333114467	0.0	0.6777687650321511	0.39875736942391793	0.7970238921563507	2.3765619062875762	0.24362203472275243	0.24362203472275243	0.24362203472275243	1.2443217829833222	0.0	0.6030814521331962	0.0
SAMPLE-7	0.0	0.0	0.4651845607335889	2.390281503004196	1.9412132816577166	0.0	0.0	0.0	3.3932596841506255	3.6919212366094536	2.593737947654979	0.0	0.0	0.29210837361035	0.0	0.0	0.0	0.0	4.160429787145949	0.0	3.2460888079436265	0.6846060904859127	0.0	0.0	0.0	2.706280233881644	0.0	0.0	2.2608201143058917	0.0	0.4651845607335889	0.5886078753657159	3.488074330464191	0.0	0.0	0.29210837361035	0.0	0.0	0.6846060904859127	2.9134490574361234	0.0	0.0	0.0	0.0	0.0	0.29210837361035	0.0	0.0	0.0	0.0	0.0	0.0	0.0	0.0	0.8296897219753785	2.2698662459074685	0.0	1.0250327243304593	0.0	0.0	0.0	0.0	2.6912755463316924	0.0	0.0	1.9644325903629125	0.0	0.0	3.652497719022692	0.0
SAMPLE-8	0.0	0.0	0.946131027634887	3.8460813304136012	2.0554014232072926	0.0	0.0	0.0	2.3450131379563204	3.8700183127618213	2.385352755845602	0.0	0.0	0.29648594314745186	0.0	0.0	0.0	0.0	4.073254988394201	0.0	3.6373676808055726	0.4710518907648721	0.0	0.0	0.0	0.29648594314745186	0.0	0.5952259580125469	2.4517936364959594	0.0	0.0	1.2466489899346584	2.957484804398924	0.0	0.0	0.29648594314745186	0.0	0.0	0.4710518907648721	2.5361972673741473	0.0	0.0	0.0	0.0	0.0	0.0	0.0	0.4710518907648721	0.0	0.0	0.0	0.0	0.0	0.29648594314745186	1.2218555425361555	1.6038728387864687	0.0	1.3891730159142415	0.0	0.0	0.4710518907648721	0.0	2.482255323518462	0.0	0.0	1.6538223482053165	0.0	0.0	3.0194437447370417	0.0
SAMPLE-9	0.0	0.0	0.30263555409333914	3.1198105056105274	0.9058958309375089	0.0	0.0	0.0	3.1380172321783952	3.4847900858550775	1.8839767748375122	0.0	0.0	0.0	0.0	0.0	0.0	0.0	4.088780910560986	0.0	3.7742774453108283	0.0	0.0	0.0	0.0	2.5897842345941773	0.0	0.0	3.2212133129963822	0.0	0.0	0.0	3.503028688656955	0.30263555409333914	0.0	0.0	0.0	1.0028857451545568	0.0	2.3611260436843686	0.7015360564157014	0.0	0.0	0.0	0.0	0.0	0.0	0.30263555409333914	0.0	0.0	0.0	0.0	0.0	0.6044661085771417	1.1169028393783274	1.0443074816535851	0.0	1.2334662364871916	0.0	0.0	0.30263555409333914	0.30263555409333914	2.4874945721117543	0.0	0.0	1.8952588627470468	0.0	0.0	3.630672722545104	0.0