SAMPLE_ID	Acholeplasmatales	Acidaminococcales	Acidiferrobacterales	Acidimicrobiales	Acidithiobacillales	Acidobacteriales	Acidothermales	Actinomycetales	Aeromonadales	Alteromonadales	Anaerolineales	Aquificales	Ardenticatenales	Bacillales	Bacteroidales	Bacteroidetes Order II. Incertae sedis	Bifidobacteriales	Brachyspirales	Bryobacterales	Burkholderiales	Calditrichales	Campylobacterales	Candidatus Brocadiales	Cardiobacteriales	Caulobacterales	Cellvibrionales	Chitinophagales	Chlamydiales	Chlorobiales	Chloroflexales	Chromatiales	Chroococcales	Chthonomonadales	Clostridiales	Coprothermobacterales	Coriobacteriales	Corynebacteriales	Cytophagales	Deferribacterales	Dehalococcoidales	Deinococcales	Desulfobacterales	Desulfovibrionales	Desulfuromonadales	Eggerthellales	Emcibacterales	Endomicrobiales	Enterobacterales	Entomoplasmatales	Erysipelotrichales	Euzebyales	Fibrobacterales	Flavobacteriales	Frankiales	Fusobacteriales	Gemmatales	Gemmatimonadales	Glycomycetales	Halanaerobiales	Holosporales	Ignavibacteriales	Immundisolibacterales	Isosphaerales	Lactobacillales	Legionellales	Magnetococcales	Methanobacteriales	Micrococcales	Micromonosporales	Mycoplasmatales	Myxococcales	Nakamurellales	Natrialbales	Nautiliales	Neisseriales	Nevskiales	Nitrosomonadales	Nitrospirales	Nostocales	Oceanospirillales	Opitutales	Oscillatoriales	Parachlamydiales	Pasteurellales	Pelagibacterales	Petrotogales	Pirellulales	Planctomycetales	Propionibacteriales	Pseudomonadales	Pseudonocardiales	Puniceicoccales	Rhizobiales	Rhodobacterales	Rhodocyclales	Rhodospirillales	Rickettsiales	Rubrobacterales	Saprospirales	Selenomonadales	Silvanigrellales	Solirubrobacterales	Sphingobacteriales	Sphingomonadales	Spirochaetales	Streptomycetales	Synechococcales	Synergistales	Syntrophobacterales	Tepidiformales	Thermales	Thermoanaerobacterales	Thermodesulfobacteriales	Thermotogales	Thiotrichales	Tissierellales	Unclassified Actinobacteria Class	Unclassified Actinobacteria Phylum	Unclassified Alphaproteobacteria Class	Unclassified Armatimonadetes Phylum	Unclassified Bacilli Class	Unclassified Bacteroidetes Phylum	Unclassified Bacteroidia Class	Unclassified Betaproteobacteria Class	Unclassified Candidatus Cloacimonetes Phylum	Unclassified Candidatus Saccharibacteria Phylum	Unclassified Chloroflexi Phylum	Unclassified Clostridia Class	Unclassified Coriobacteriia Class	Unclassified Cyanobacteria Phylum	Unclassified Dehalococcoidia Class	Unclassified Deltaproteobacteria Class	Unclassified Firmicutes Phylum	Unclassified Gammaproteobacteria Class	Unclassified Kiritimatiellaeota Phylum	Unclassified Mollicutes Class	Unclassified Negativicutes Class	Unclassified Planctomycetes Phylum	Unclassified Planctomycetia Class	Unclassified Proteobacteria Phylum	Unclassified Spirochaetia Class	Unclassified Tenericutes Phylum	Unclassified Tissierellia Class	Unclassified Verrucomicrobia Phylum	Unclassified Vicinamibacteria Class	Veillonellales	Verrucomicrobiales	Vibrionales	Victivallales	Xanthomonadales
SAMPLE-1	0.31437248000499995	0.0	0.0	0.0	0.0	0.0	0.0	1.6691598201650797	0.4948216715293784	0.0	0.0	0.0	0.0	1.2288100778137245	4.1472867511846125	0.0	1.1382640384109928	0.0	0.0	2.960250715096177	0.0	0.0	0.0	0.0	0.31437248000499995	0.0	0.0	0.0	0.0	0.0	0.0	0.0	0.0	4.110432278375573	0.0	3.0527965147843004	0.0	0.6219230846778803	0.0	0.0	0.0	0.0	2.178395923677027	0.6219230846778803	2.281418020369513	0.0	0.0	2.649475800709264	0.0	2.327189686153557	0.31437248000499995	0.0	0.0	0.0	2.086763226092815	0.0	0.0	0.0	0.0	0.0	0.0	0.0	0.0	3.1242179600637736	0.0	0.0	0.0	0.6219230846778803	0.0	0.0	0.0	0.0	0.0	0.0	0.0	0.0	0.31437248000499995	0.0	0.0	0.0	0.0	0.0	0.0	0.0	0.0	0.0	0.0	0.0	0.0	0.4948216715293784	0.0	0.0	0.4948216715293784	0.0	0.0	0.31437248000499995	0.0	0.0	0.0	2.8193377700503035	0.0	0.0	0.31437248000499995	0.0	0.0	0.0	0.9776863020744592	0.0	0.0	0.0	0.0	0.31437248000499995	0.0	0.31437248000499995	0.0	0.8677259860040215	0.0	0.0	0.0	0.0	1.2801403518751646	0.8677259860040215	0.0	1.2006746683137735	0.0	0.0	0.0	2.248850951488497	1.065354856092744	0.0	0.0	0.0	2.286218460990764	0.0	0.0	0.31437248000499995	0.0	0.0	0.0	1.065354856092744	0.0	0.0	0.0	0.0	0.0	2.797096023135359	2.9867300852112844	0.0	0.0	0.0
SAMPLE-10	0.4089056190976776	1.1782671459617935	0.0	0.0	0.0	0.0	0.0	1.8629695221492288	0.0	0.0	0.0	0.0	0.0	1.6660860613542106	1.567853162849856	0.0	2.3514900483838796	0.0	0.0	0.4089056190976776	0.0	0.0	0.0	0.0	0.0	0.0	0.0	0.0	0.0	0.4089056190976776	0.4089056190976776	0.0	0.0	4.141975464443905	0.0	3.807914445509152	0.9454505588899808	0.0	0.0	0.0	0.4089056190976776	0.0	1.1782671459617935	0.0	3.2278972215849624	0.0	0.0	3.5474860923342777	0.0	1.1782671459617935	0.0	0.0	0.4089056190976776	0.0	1.388436952488964	0.0	0.0	0.0	0.0	0.0	0.0	0.4089056190976776	0.0	3.7065858379586425	0.0	0.0	0.0	1.5490816393591822	0.0	0.0	0.4089056190976776	0.0	0.0	0.0	0.0	0.4089056190976776	0.0	0.0	0.0	0.0	0.0	0.0	0.0	0.0	0.0	0.0	0.0	0.0	0.0	0.4089056190976776	0.0	0.0	0.4089056190976776	0.0	0.0	0.0	0.0	0.0	0.0	0.0	0.0	0.0	0.0	0.4089056190976776	0.0	0.0	0.0	0.0	0.0	0.0	0.0	0.0	0.0	0.0	0.0	0.4089056190976776	0.0	2.0493684548763196	0.0	0.0	1.8137210483883228	0.0	0.0	0.4089056190976776	0.0	0.0	0.0	0.9454505588899808	1.8900430818056877	0.0	0.0	0.0	2.0370715384904683	0.0	0.0	0.0	0.0	0.0	0.0	0.0	0.0	0.0	0.0	0.0	0.6157242825170794	2.3835366185252926	3.3987811654754303	0.0	0.0	0.0
SAMPLE-11	1.365973182064924	1.9334256377954968	0.0	0.0	0.0	0.0	0.2608301983119628	2.0560507910086403	0.0	0.0	0.0	0.0	0.0	2.489776207482276	3.58278243932468	0.0	2.1119896700078957	0.0	0.0	0.2608301983119628	0.0	0.0	0.0	0.0	0.0	0.0	0.0	0.0	0.0	0.0	0.6327336664953745	0.0	0.0	4.104936444650654	0.0	3.356124334458485	1.0365567500844965	0.42264981949002733	0.0	0.0	0.0	0.0	1.3171517283901282	0.0	3.1047660755464936	0.0	0.0	2.378215802370129	0.0	2.462303847863117	0.0	0.0	0.0	0.0	1.7741224458522138	0.0	0.0	0.2608301983119628	0.0	0.0	0.0	0.0	0.0	3.6199226023230238	0.0	0.0	0.0	1.1759205885161803	0.0	0.5402729238882161	0.0	0.0	0.0	0.0	0.42264981949002733	0.0	0.2608301983119628	0.0	0.0	0.0	0.0	0.0	0.0	0.830093092015145	0.0	0.6327336664953745	0.0	0.0	0.0	0.0	0.0	0.0	0.2608301983119628	0.0	0.0	0.2608301983119628	0.0	0.0	0.0	0.42264981949002733	0.0	0.0	0.0	0.0	0.0	0.0	0.0	0.0	0.0	0.0	0.0	0.0	0.0	0.42264981949002733	0.0	0.2608301983119628	0.0	1.4235516509098767	0.0	0.0	1.8510780609418658	1.1254077692734417	0.0	1.825131414129587	0.0	0.2608301983119628	0.2608301983119628	2.9636329295822157	2.3085707124493138	0.0	0.0	0.0	2.4001018352505903	0.0	0.0	0.42264981949002733	0.0	0.0	0.0	0.2608301983119628	0.0	0.0	0.0	0.0	0.0	2.3472053779789483	3.8368296751342905	0.0	0.0	0.0
SAMPLE-12	0.5852859308070052	0.9797919569128624	0.0	0.0	0.0	0.0	0.0	1.320959153957492	0.0	0.0	0.0	0.0	0.0	1.891583001565047	2.582849834994302	0.0	3.796508160902541	0.0	0.0	0.0	0.0	0.5852859308070052	0.0	0.0	0.0	0.0	0.0	0.0	0.0	0.0	0.0	0.0	0.0	4.260880357527348	0.0	3.792935907408432	1.668154837340809	0.0	0.0	0.0	0.0	0.0	0.0	0.0	3.033650022877515	0.0	0.0	1.8411267258226696	0.0	3.0924496054977713	0.0	0.0	0.5852859308070052	0.0	0.0	0.5852859308070052	0.0	0.0	0.0	0.0	0.0	0.0	0.0	2.3596003655774074	0.0	0.0	0.0	0.5852859308070052	0.0	0.0	0.0	0.0	0.0	0.0	0.0	0.0	0.0	0.0	0.0	0.0	0.5852859308070052	0.0	0.0	0.0	0.0	0.0	0.0	0.0	0.5852859308070052	1.6114929350782254	0.0	0.0	0.9797919569128624	0.5852859308070052	0.0	0.0	0.0	0.0	0.0	0.0	0.0	0.0	0.0	0.0	0.0	0.0	0.0	0.0	0.5852859308070052	0.0	0.0	0.8258739086058765	0.0	0.0	0.0	0.8258739086058765	0.0	0.5852859308070052	0.8258739086058765	0.0	0.5852859308070052	0.8258739086058765	0.0	1.320959153957492	0.0	0.0	0.0	0.9797919569128624	0.5852859308070052	0.0	0.0	0.0	2.111196231068012	0.0	0.0	0.0	0.0	0.0	0.0	0.9797919569128624	0.0	1.2574554768291275	0.8258739086058765	0.0	0.0	1.6407473082102102	1.5801247207547724	0.0	0.0	0.0
SAMPLE-13	2.0836947063883167	1.8743082953416272	0.43423488456673354	0.0	0.0	0.0	0.0	2.8809939600572108	0.7891381895501793	0.43423488456673354	0.43423488456673354	0.0	0.0	2.7382214867757613	1.8743082953416272	0.43423488456673354	1.8213860087771114	0.0	0.0	0.0	0.0	0.0	0.0	0.0	0.0	0.0	0.0	0.0	0.0	0.0	0.0	0.0	0.0	3.8285721544288536	0.0	2.902062587525661	0.6469736855785899	0.0	0.0	0.0	0.0	0.0	1.6075826450715127	0.0	3.153335660446128	0.0	0.0	4.308629838929946	0.0	2.9851860241306607	0.0	0.0	0.0	0.0	2.363987422500738	0.0	0.0	0.0	0.0	0.0	0.0	0.0	0.0	3.00480716434597	0.0	0.0	0.0	2.0027650704890476	0.0	0.0	0.0	0.0	0.0	0.0	0.43423488456673354	0.0	0.0	0.0	0.0	0.0	0.0	0.0	0.0	0.0	0.0	0.0	0.0	0.0	0.43423488456673354	0.6469736855785899	0.0	0.0	0.0	0.0	0.0	0.0	0.0	0.0	0.0	0.43423488456673354	0.0	0.0	0.0	0.43423488456673354	0.0	0.0	0.0	0.0	0.0	0.0	0.0	0.43423488456673354	0.0	0.43423488456673354	0.0	1.6595894494893426	0.43423488456673354	0.0	0.0	0.0	1.9952876344557053	1.216460949851808	0.0	0.43423488456673354	0.0	0.43423488456673354	0.0	1.9952876344557053	0.0	0.8960649657005587	0.0	0.0	2.725775958097474	0.6469736855785899	0.0	0.0	0.0	0.0	0.0	0.43423488456673354	0.0	0.0	0.0	0.0	0.0	1.9032192038846987	0.9817979629380068	0.43423488456673354	0.0	0.0
SAMPLE-14	0.0	2.077724762518856	0.0	0.0	0.0	0.0	0.0	1.5135664330623086	0.0	0.0	0.0	0.0	0.0	2.2428992378488313	2.315067817570864	0.0	3.7126516481181806	0.0	0.0	0.6948923899130749	0.0	0.6948923899130749	0.0	0.0	0.6948923899130749	0.0	0.0	0.0	0.0	0.0	0.0	0.0	0.0	4.214088721835041	0.0	3.8410491797947652	0.0	1.457471937947219	0.0	0.0	0.0	0.0	0.6948923899130749	0.6948923899130749	2.885324596830682	0.0	0.0	1.7508618729310539	0.0	3.2935343356136104	0.0	0.0	0.0	0.0	0.0	0.0	0.0	0.0	0.0	0.0	0.6948923899130749	0.6948923899130749	0.0	2.1187872059293427	0.0	0.0	3.0597336127531642	0.0	0.0	0.0	0.0	0.0	0.0	0.0	0.0	0.0	0.0	0.0	0.0	0.0	0.0	0.0	0.0	0.0	0.0	0.0	0.0	0.0	0.0	0.0	0.0	0.0	0.0	0.0	0.0	0.0	0.0	0.0	0.0	1.1092350005573008	0.0	0.0	0.0	0.0	0.0	0.0	0.0	0.0	0.0	0.0	0.0	0.9497094544088702	0.0	0.6948923899130749	0.0	0.0	0.0	1.317360632317169	0.6948923899130749	0.0	1.317360632317169	1.7192696819899644	0.0	0.6948923899130749	0.0	0.0	0.0	2.5067961266670693	1.3930422569589516	0.0	0.0	0.0	2.6806492939790574	0.0	0.0	0.0	0.0	0.0	0.0	1.6078060086292443	0.0	1.1092350005573008	0.0	0.0	0.0	1.1092350005573008	1.9817216216139395	0.0	0.0	0.0
SAMPLE-15	0.7528749394481493	0.28604140427280694	0.0	0.0	0.0	0.0	0.0	0.972636574613202	0.0	0.0	0.0	0.0	0.0	2.5048732441088157	3.9132817717455564	0.0	0.9272276337446304	0.0	0.0	0.45701926523134734	0.0	0.0	0.0	0.0	0.0	0.28604140427280694	0.0	0.28604140427280694	0.0	0.0	0.8190774819549862	0.0	0.0	4.170558195736139	0.0	2.98151083807276	0.28604140427280694	0.28604140427280694	0.0	0.0	0.0	0.0	1.8150363587036202	0.0	2.637940720049647	0.0	0.0	1.603689936571407	0.0	2.9184242918679817	0.0	0.0	0.0	0.0	1.7623882119301042	0.0	0.0	0.0	0.0	0.0	0.0	0.0	0.0	2.022845067202846	0.0	0.0	0.0	0.0	0.28604140427280694	0.28604140427280694	0.0	0.0	0.0	0.0	0.0	0.0	0.0	0.0	0.0	0.0	0.0	0.0	0.0	0.0	0.45701926523134734	0.45701926523134734	0.0	0.45701926523134734	0.0	0.0	0.0	0.0	0.28604140427280694	0.0	0.0	0.28604140427280694	0.0	0.0	0.0	0.28604140427280694	0.0	0.0	0.0	0.0	0.0	0.0	3.1017699754765706	0.0	0.0	0.0	0.0	0.6747335013240403	0.0	0.0	0.0	1.3510133268888496	0.45701926523134734	0.0	0.0	0.0	1.272094625667054	1.1476805030395332	0.28604140427280694	1.7481647474378081	0.0	0.0	0.0	2.740392560430685	1.909369414580184	0.0	0.0	0.0	2.73296946597941	0.6747335013240403	0.0	0.0	0.0	0.0	0.0	1.3686895658327372	0.0	1.3686895658327372	0.6747335013240403	0.0	0.0	1.7960333198413267	3.75674001451874	0.0	0.0	0.5793785471327123
SAMPLE-16	0.8609292271871957	0.4453762736456575	0.0	0.2774414360381403	0.0	0.0	0.0	1.871164020324194	0.7380937265288071	0.2774414360381403	0.0	0.0	0.2774414360381403	1.8154934057908154	3.8882386557768793	0.4453762736456575	2.153187665761582	0.0	0.0	0.2774414360381403	0.0	0.5661786266688279	0.0	0.4453762736456575	0.0	0.0	0.0	0.0	0.0	0.0	0.2774414360381403	0.0	0.0	4.081612229642249	0.0	1.0693430570021554	0.4453762736456575	0.2774414360381403	0.0	0.0	0.0	0.0	1.2329154674360974	0.2774414360381403	2.2021760965698145	0.0	0.0	3.4353570244522125	0.0	2.1504496708141057	0.0	0.0	0.2774414360381403	0.0	2.1504496708141057	0.0	0.0	0.0	0.0	0.0	0.0	0.0	0.0	3.4432660416972634	0.2774414360381403	0.0	0.0	0.9975034873946769	0.0	0.0	0.2774414360381403	0.0	0.0	0.0	0.2774414360381403	0.2774414360381403	0.0	0.0	0.0	0.0	0.0	0.0	0.0	2.0237846598559903	1.1012480617588545	0.0	0.0	0.2774414360381403	0.2774414360381403	0.0	0.0	0.0	0.0	0.0	0.0	0.0	0.0	0.0	0.0	0.5661786266688279	0.0	0.0	0.0	0.0	0.0	0.0	3.2997956070072814	0.0	0.0	0.0	0.0	0.0	0.0	0.4453762736456575	0.0	0.2774414360381403	0.0	0.0	0.2774414360381403	0.0	1.5210550115109538	1.0349070149857202	0.0	2.3408433357303196	0.0	0.0	0.0	1.8329564163291057	0.0	0.2774414360381403	0.0	0.0	1.3154223539914396	0.5661786266688279	0.0	0.0	0.0	0.0	0.0	0.2774414360381403	0.0	0.0	0.0	0.0	0.0	2.95669896718443	3.677878521585349	0.2774414360381403	0.0	0.0
SAMPLE-17	1.5657573720313245	0.0	0.0	0.0	0.21163725602820868	0.0	0.9908314979128543	1.9842852625976686	0.0	0.0	0.0	0.21163725602820868	0.0	2.2582002675730317	3.3758195557919763	0.6783011227417305	1.687735052545037	0.0	0.0	0.0	0.0	0.21163725602820868	0.0	0.35331435104635184	0.0	0.21163725602820868	0.0	0.0	0.0	0.0	0.0	0.0	0.0	4.145783453600844	0.0	1.3844183316819605	1.0432432426383684	0.5455227170777093	0.0	0.0	0.0	0.0	0.0	1.4063612073047012	2.6847399865050683	0.0	0.0	3.733653783026024	0.0	2.421776742002048	0.0	0.0	0.0	0.0	2.238182623062775	0.0	0.0	0.0	0.21163725602820868	0.0	0.0	0.21163725602820868	0.0	3.1758754071910027	0.0	0.0	0.0	1.3844183316819605	0.0	0.45996622171792806	0.21163725602820868	0.0	0.0	0.0	0.0	0.21163725602820868	0.0	0.0	0.0	0.0	0.0	0.0	0.0	1.2690971424207202	0.0	0.0	0.0	0.21163725602820868	0.0	1.1518798664837708	0.0	0.0	0.0	0.0	0.0	0.0	0.0	0.0	0.0	0.7798478955606811	0.0	0.0	0.21163725602820868	0.21163725602820868	0.0	0.21163725602820868	0.0	0.0	0.0	0.0	0.0	0.0	0.0	0.35331435104635184	0.0	1.4373271696993815	0.21163725602820868	0.0	0.0	0.0	1.8376961095981703	0.9620454846961651	0.0	1.361307512447846	0.45996622171792806	0.7798478955606811	0.45996622171792806	2.769465882469989	0.0	0.21163725602820868	0.0	0.0	1.5270193735537552	0.6783011227417305	0.0	0.0	0.35331435104635184	0.21163725602820868	0.0	0.5455227170777093	0.0	0.0	0.5455227170777093	0.0	0.0	3.2210942866207835	3.850670394964254	0.21163725602820868	0.0	0.35331435104635184
SAMPLE-18	0.5304168045468339	2.6838810945750224	0.0	0.0	0.0	0.0	0.0	1.8618380905610497	0.0	0.0	0.0	0.0	0.0	1.5524197214638547	2.964637935907451	0.0	3.407853350351498	0.0	0.0	0.5304168045468339	0.0	0.0	0.0	0.0	0.0	0.0	0.0	0.0	0.0	0.0	0.0	0.0	0.0	4.299190108418926	0.0	3.590204960042896	0.341602185718578	0.0	0.0	0.0	0.0	0.0	0.0	0.0	2.622780250720769	0.0	0.0	1.45491333143547	0.0	3.2704763090468147	0.0	0.0	0.0	0.0	0.0	0.0	0.0	0.0	0.0	0.0	0.0	0.0	0.0	2.2947284841143163	0.0	0.0	2.583959219334822	0.9124922935517735	0.0	0.341602185718578	0.0	0.0	0.0	0.0	0.0	0.0	0.0	0.0	0.0	0.0	0.0	0.0	0.0	2.0453933006429073	0.0	0.0	0.0	0.0	0.0	0.0	0.0	0.0	0.0	0.0	0.0	0.5304168045468339	0.0	0.0	0.0	0.0	0.0	0.0	0.0	0.0	0.0	0.0	0.0	0.0	0.0	0.0	0.0	2.054650086379399	0.0	0.6615801155070202	0.341602185718578	0.0	0.341602185718578	1.3289788096195776	0.0	0.0	1.1861132072896103	1.396494898915721	0.0	1.9400232596050806	0.0	0.0	0.0	2.180919133454482	1.7752209741642038	0.341602185718578	0.0	0.0	3.436910882393243	0.7621824954049414	0.0	0.0	0.0	0.0	0.0	0.8438079936491528	0.0	0.0	0.0	0.0	0.341602185718578	1.5222861882019818	1.8894935529549546	0.0	0.0	0.341602185718578
SAMPLE-19	1.3569240668192852	2.4643034068641185	0.0	0.0	0.0	0.0	0.0	1.6196924610109737	0.6796174186830665	0.2890360570393134	0.0	0.0	0.0	2.058663576573002	3.339482227933181	0.0	0.8243295597075592	0.0	0.0	0.2890360570393134	0.0	0.2890360570393134	0.0	0.2890360570393134	0.0	0.0	0.2890360570393134	0.0	0.0	0.0	0.0	0.0	0.0	4.170353865803185	0.0	2.9418402385158418	0.5839425381122214	0.4610545814579736	0.0	0.0	0.0	0.2890360570393134	0.0	0.0	2.504662181004271	0.0	0.0	4.080638265430932	0.0	2.916714360709286	0.2890360570393134	0.0	0.0	0.0	1.3746112268779274	0.0	0.0	0.0	0.0	0.0	0.0	0.0	0.0	2.9864197321292343	0.0	0.0	2.2854242661190867	1.123583170834456	0.2890360570393134	0.4610545814579736	0.0	0.0	0.0	0.0	0.6796174186830665	0.2890360570393134	0.0	0.0	0.0	0.2890360570393134	0.0	0.0	0.0	1.839336958881461	0.0	0.2890360570393134	0.0	0.0	0.0	1.123583170834456	0.0	0.0	0.0	0.0	0.2890360570393134	0.0	0.0	0.0	0.0	1.0569329503287772	0.0	0.0	0.0	0.0	0.0	0.0	0.0	0.0	0.0	0.0	0.0	1.407961004695859	0.0	0.5839425381122214	0.2890360570393134	0.9326854217826173	0.0	1.3192300522486613	0.0	0.0	1.3384858814979013	1.6483013883117237	0.0	1.68373199861168	0.0	0.0	0.0	2.3523535373228923	1.0569329503287772	0.0	0.2890360570393134	0.0	2.471295730337844	0.6796174186830665	0.0	0.0	0.0	0.0	0.0	1.5326684798354078	0.0	0.0	0.0	0.0	0.0	2.6478225496940504	2.3279651715123943	0.0	0.0	0.0
SAMPLE-2	0.5598275517176603	0.0	0.0	0.0	0.0	0.0	0.27333615845084397	0.5598275517176603	0.0	0.0	0.0	0.0	0.0	1.7565795794565	2.9237012576905768	0.5598275517176603	2.874254905213708	0.0	0.0	1.1767607737964842	0.0	0.0	0.0	0.0	0.0	0.0	0.0	0.0	0.0	0.0	0.0	0.0	0.0	4.263850106227882	0.0	3.448978794434703	0.0	0.27333615845084397	0.0	0.0	0.0	0.0	1.6252401975110902	0.9488048963947847	2.5853293087115228	0.0	0.0	0.439789293089266	0.0	3.5636044829552778	0.0	0.0	0.0	0.0	0.0	0.0	0.0	0.0	0.0	0.27333615845084397	0.0	0.0	0.0	2.0401248716196743	0.0	0.0	0.0	0.27333615845084397	0.0	0.0	0.27333615845084397	0.0	0.0	0.0	0.0	0.0	0.0	0.0	0.0	0.0	0.0	0.0	0.0	0.0	0.0	0.0	0.0	0.0	0.0	0.27333615845084397	0.0	0.0	0.0	0.0	0.0	0.27333615845084397	0.0	0.0	0.0	3.781142511082024	0.0	0.0	0.0	0.0	0.0	0.0	0.0	0.0	0.0	0.0	0.0	1.0269787765780185	0.0	0.0	0.0	0.0	0.0	0.27333615845084397	0.0	0.0	0.439789293089266	0.7309624052656526	0.0	0.27333615845084397	0.0	0.0	0.27333615845084397	2.4807218675034832	1.7146138022728292	0.0	0.0	0.0	2.346087792605864	0.0	0.0	0.27333615845084397	0.0	0.0	0.0	0.7309624052656526	0.0	0.0	0.0	0.0	0.0	2.7224235294216954	1.0269787765780185	0.0	0.0	0.0
SAMPLE-20	1.4610654791805968	0.971894706015826	0.0	0.0	0.0	0.0	0.0	2.235416928759705	0.818373152164838	0.0	0.3794066673023442	0.0	0.0	2.439691229047203	1.8188421880719792	0.0	0.9018825657285486	0.0	0.0	0.3794066673023442	0.0	0.0	0.0	0.0	0.0	0.0	0.0	0.0	0.0	0.0	0.2298811412694143	0.2298811412694143	0.0	4.072077994520625	0.2298811412694143	3.453891626028869	0.3794066673023442	0.0	0.0	0.0	0.0	0.0	0.3794066673023442	0.0	3.059998090011447	0.0	0.0	3.818939732852539	0.2298811412694143	3.433045503899125	0.0	0.0	0.2298811412694143	0.0	0.3794066673023442	0.0	0.0	0.0	0.0	0.2298811412694143	0.0	0.0	0.0	3.261759341049484	0.0	0.0	2.9621258186074018	1.42842348217439	0.0	0.3794066673023442	0.0	0.0	0.0	0.0	0.2298811412694143	0.0	0.0	0.0	0.0	0.0	0.0	0.2298811412694143	0.0	0.49042720965074704	0.0	0.2298811412694143	0.0	0.0	0.0	0.7697060657521465	0.2298811412694143	0.0	0.2298811412694143	0.0	0.0	0.2298811412694143	0.0	0.0	0.0	0.49042720965074704	0.0	0.0	0.0	0.0	0.0	0.0	0.2298811412694143	0.3794066673023442	0.818373152164838	0.0	0.0	0.818373152164838	0.0	0.49042720965074704	0.2298811412694143	1.1540525122524994	0.6521394163205353	1.3547065663410163	0.0	0.0	1.1540525122524994	1.1946075087821972	0.0	0.3794066673023442	0.0	0.3794066673023442	0.0	1.8748560385411475	2.12573493013786	0.3794066673023442	0.8621320015720565	0.0	3.159149324689015	0.5787670441283922	0.0	0.2298811412694143	0.0	0.0	0.0	0.6521394163205353	0.0	0.0	0.0	0.0	0.0	1.42842348217439	3.6017537025687685	0.0	0.0	0.0
SAMPLE-21	0.0	0.6283849520788087	0.0	0.0	0.0	0.0	1.1461232052795298	0.8750567550212438	0.0	0.0	0.0	0.0	0.0	2.1118452010396314	2.0005373790772945	0.0	1.0314037461883796	0.0	0.0	0.0	0.0	0.4191260874821397	0.0	0.0	0.0	0.0	0.4191260874821397	0.0	0.0	0.0	0.0	0.0	0.0	4.449486696576719	0.0	0.0	0.4191260874821397	1.311748912841772	0.0	0.0	0.0	0.4191260874821397	0.6283849520788087	1.4313587548555915	2.6815752063313822	0.0	0.0	2.646398535995671	0.0	2.6115853678856906	0.0	0.0	1.0314037461883796	0.0	0.4191260874821397	0.0	0.0	0.0	0.0	0.0	0.0	0.0	0.0	2.9556224316598794	0.0	0.0	0.0	0.0	0.0	1.0925404259990728	0.0	0.0	0.0	0.0	0.0	0.4191260874821397	0.0	0.0	0.0	0.4191260874821397	0.0	0.0	0.0	0.0	0.0	0.4191260874821397	0.0	0.0	0.0	0.0	0.0	0.0	0.4191260874821397	0.0	0.0	0.0	0.0	0.4191260874821397	0.0	0.0	0.0	0.0	0.0	0.4191260874821397	0.0	0.0	0.0	0.0	0.0	0.0	0.0	0.0	0.0	0.4191260874821397	0.0	0.0	0.0	0.4191260874821397	0.0	0.0	1.3448783125184336	1.3756586310223955	0.7690035544198224	0.0	0.0	0.0	0.4191260874821397	2.9814169756577407	0.8750567550212438	0.9602282412403986	0.0	0.0	2.083676588207337	0.0	0.0	0.4191260874821397	0.0	0.4191260874821397	0.0	0.4191260874821397	0.0	3.058183494672724	0.0	0.0	0.0	3.0637033619135816	1.5840433220721917	0.0	0.0	0.0
SAMPLE-22	0.3105320266941034	0.0	0.0	0.0	0.0	0.0	0.9195845489833236	1.509568364688355	0.0	0.0	0.0	0.0	0.0	1.5367566300759836	2.2005231302319217	0.0	2.643038997771963	0.0	0.0	0.48974498494124014	0.0	0.3105320266941034	0.0	0.0	0.0	0.0	0.8612621649551833	0.0	0.3105320266941034	0.0	0.0	0.0	0.0	4.257071523283376	0.0	2.7000035117968384	0.3105320266941034	2.926189196905492	0.0	0.0	0.0	0.0	0.0	0.9709939043195138	1.9823883953123265	0.0	0.0	3.0366506691153563	0.0	1.3982445276781754	0.0	0.0	0.6162361967548284	0.0	1.1313263048884536	0.0	0.0	0.0	0.0	0.0	0.0	0.0	0.0	3.908492027813413	0.0	0.0	0.0	0.48974498494124014	0.0	0.0	0.0	0.0	0.0	0.0	0.0	0.0	0.0	0.0	0.0	0.0	0.0	0.0	0.0	0.48974498494124014	0.0	0.0	0.0	0.0	0.0	0.0	0.0	0.0	0.3105320266941034	0.0	0.0	0.3105320266941034	0.0	0.0	0.0	0.48974498494124014	0.0	0.0	0.0	0.0	0.0	0.0	0.0	0.0	0.0	0.0	0.0	0.0	0.0	0.3105320266941034	0.0	0.48974498494124014	0.3105320266941034	0.0	0.0	0.0	1.4160040135783432	1.37972772936762	0.7938744011347881	0.0	0.0	0.0	0.0	2.355175543707228	0.8612621649551833	0.9709939043195138	0.0	0.0	1.921660540951091	0.0	0.0	0.0	0.48974498494124014	0.0	0.0	0.48974498494124014	0.0	0.48974498494124014	0.0	0.0	0.0	3.0345616213983244	3.5202648816571567	0.0	0.0	0.0
SAMPLE-23	1.2921407867706176	0.0	0.0	0.0	0.0	0.0	0.0	2.322615098806777	0.0	0.0	0.0	0.0	0.0	1.9783456360197764	1.2921407867706176	0.0	2.594008841522228	0.0	0.0	0.0	0.0	0.0	0.0	0.0	0.0	0.0	0.0	0.0	0.0	0.0	0.0	0.0	0.3348908141754497	4.267755993092102	0.0	3.8312275147222477	0.5217067060693096	0.0	0.0	0.0	0.5217067060693096	0.0	0.3348908141754497	0.0	2.968828327937902	0.0	0.0	2.5465140495065928	0.0	3.4299838650460903	0.0	0.0	0.0	0.0	0.0	0.0	0.0	0.3348908141754497	0.0	0.0	0.0	0.0	0.0	3.5731085283961224	0.3348908141754497	0.0	0.0	1.9217614450235905	0.0	0.3348908141754497	0.3348908141754497	0.0	0.3348908141754497	0.0	0.0	0.0	0.0	0.0	0.0	0.0	0.0	0.0	0.0	0.0	0.0	0.0	0.0	0.0	0.0	0.0	0.0	0.0	0.0	0.0	0.0	0.0	0.0	0.3348908141754497	0.0	0.3348908141754497	0.0	0.0	0.0	0.0	0.0	0.0	0.0	0.0	0.6519100525231718	0.0	0.0	1.7542289912509552	0.0	0.3348908141754497	0.0	1.2655871395832836	0.0	0.0	0.0	0.0	1.2070489875100123	0.5217067060693096	0.0	0.5217067060693096	0.0	0.3348908141754497	0.0	1.9032413705119686	1.5685234614004961	0.0	0.0	0.0	2.158204151562483	0.3348908141754497	0.0	0.0	0.0	0.0	0.0	0.0	0.0	0.3348908141754497	0.3348908141754497	0.0	0.0	0.8332028663115334	0.7519484682588284	0.0	0.0	0.0
SAMPLE-24	0.45069350333449926	3.106817512778663	0.0	0.28136147242075044	0.0	0.0	0.0	1.19265376010118	0.0	0.0	0.0	0.0	0.0	1.3763230264291757	3.781446125822866	0.28136147242075044	1.4524505045903084	0.0	0.0	0.57221276265271	0.0	0.0	0.0	0.0	0.0	0.0	0.28136147242075044	0.0	0.0	0.0	0.0	0.0	0.0	4.327981258906506	0.28136147242075044	3.217911246875964	0.0	0.28136147242075044	0.0	0.0	0.8680625242238771	0.0	1.7528015099820546	0.0	2.2432507127385013	0.28136147242075044	0.0	2.6437642519921964	0.0	2.830190536938924	0.0	0.0	0.28136147242075044	0.0	0.0	0.0	0.0	0.0	0.0	0.0	0.0	0.0	0.0	2.0319692233028945	0.0	0.0	0.0	0.0	0.28136147242075044	0.0	0.0	0.0	0.0	0.0	0.0	0.0	0.0	0.0	0.0	0.6670580908251085	0.0	0.0	0.0	0.0	0.0	0.0	0.0	0.0	0.0	0.57221276265271	0.0	0.0	0.28136147242075044	0.0	0.0	0.0	0.0	0.0	0.0	0.0	0.0	0.0	0.28136147242075044	0.0	0.0	0.0	0.28136147242075044	0.0	0.9639290341883437	0.0	0.0	1.438255293771926	0.0	0.7448574068814708	0.0	0.45069350333449926	0.28136147242075044	0.28136147242075044	0.0	0.0	2.1904268312616115	0.57221276265271	0.0	2.164113396763308	0.0	0.0	0.0	2.829018505069073	0.28136147242075044	0.0	0.0	0.0	2.164113396763308	0.0	0.0	0.0	0.0	0.0	0.0	1.283953777449779	0.0	0.0	0.0	0.0	0.0	3.0862174161598563	1.3040662405700507	0.0	0.0	0.0
SAMPLE-25	0.619275237031667	0.0	0.0	0.0	0.0	0.0	0.0	2.0059751360230957	0.0	0.0	0.0	0.0	0.0	1.9922158083199017	3.077207207542746	0.0	3.515314078309058	0.0	0.0	0.0	0.0	0.2529587288912479	0.0	0.0	0.0	0.0	0.0	0.0	0.2529587288912479	0.0	0.0	0.0	0.0	4.29316261937354	0.0	3.6255106827796983	0.9092307912025411	0.0	0.0	0.0	0.0	0.0	0.0	0.8151159755751543	2.369547078502926	0.0	0.0	0.619275237031667	0.0	1.4806696840114586	0.0	0.0	0.0	0.0	0.2529587288912479	0.0	0.0	0.0	0.0	0.0	0.0	0.0	0.0	3.465629661808349	0.0	0.0	0.2529587288912479	0.6947962905097466	0.0	0.2529587288912479	0.0	0.0	0.0	0.0	0.0	0.0	0.0	0.0	0.0	0.2529587288912479	0.0	0.0	0.0	0.0	0.0	0.0	0.0	0.0	0.0	0.5277983153520014	0.2529587288912479	0.0	0.41176636514057036	0.2529587288912479	0.0	0.0	0.0	0.0	0.0	0.0	0.0	0.0	0.0	0.0	0.0	0.0	0.0	0.2529587288912479	0.0	0.0	0.0	0.0	0.0	0.0	0.0	0.6947962905097466	0.2529587288912479	0.2529587288912479	0.0	0.0	1.0521421300465803	0.0	0.0	2.116047763699605	0.0	0.0	0.0	2.7730813065336344	0.619275237031667	0.0	0.0	0.0	3.0453156574138154	0.2529587288912479	0.2529587288912479	0.0	0.0	0.0	0.0	0.41176636514057036	0.0	0.0	0.41176636514057036	0.0	0.2529587288912479	2.787876622371347	0.6947962905097466	0.0	0.0	0.0
SAMPLE-26	1.6270296525875234	0.6937034144688122	0.0	0.0	0.0	0.0	0.0	2.57320780199761	0.2977458689055982	0.2977458689055982	0.0	0.0	0.0	2.1695422699573474	3.516895045254167	0.0	2.5497276773914987	0.0	0.0	0.597124441055991	0.0	0.597124441055991	0.0	0.0	0.0	0.0	0.0	0.0	0.0	0.0	0.0	0.0	0.0	3.912537936822715	0.0	3.3603925523678284	1.0354029500180995	0.0	0.0	0.0	0.0	0.0	2.1548205402379415	1.1400090406499648	2.5674557062071357	0.0	0.0	3.6487387498032837	0.0	1.5121219364583254	0.0	0.0	0.0	0.0	0.2977458689055982	0.0	0.0	0.0	0.0	0.0	0.0	0.0	0.0	3.554629226216079	0.0	0.0	0.2977458689055982	0.89732636412446	0.0	0.0	0.0	0.0	0.0	0.0	0.2977458689055982	0.0	0.2977458689055982	0.0	0.0	0.0	0.0	0.0	0.0	0.2977458689055982	0.0	0.0	0.0	0.0	0.2977458689055982	0.597124441055991	0.0	0.0	0.2977458689055982	0.0	0.0	0.8394528099426157	0.0	0.0	0.0	0.597124441055991	0.0	0.0	0.0	0.0	0.0	0.0	0.0	0.0	0.0	0.0	0.0	0.0	0.0	0.2977458689055982	0.0	0.7726638271842933	0.0	0.2977458689055982	0.2977458689055982	0.0	1.1979417306524545	0.4727368769810909	0.0	2.6495195901322433	0.0	0.597124441055991	0.0	1.4086355177583763	0.4727368769810909	0.7726638271842933	0.0	0.0	2.29229318257767	0.0	0.0	0.2977458689055982	0.0	0.0	0.0	0.9483867809674232	0.0	0.0	0.597124441055991	0.0	0.0	3.186813881646335	3.937495157681934	0.0	0.0	0.2977458689055982
SAMPLE-27	1.945520333940292	1.0289800082068052	0.0	0.0	0.0	0.0	0.0	2.686191769675777	0.0	0.0	0.0	0.0	0.0	2.435082069739645	3.2607224982196508	0.0	3.1039396051696135	0.0	0.0	1.3092065956709678	0.0	0.0	0.0	0.0	0.0	0.0	0.0	0.0	0.0	0.0	0.0	0.0	0.0	4.219348637006835	0.0	3.885656019098475	1.0289800082068052	0.0	0.0	0.0	0.0	0.0	1.3092065956709678	0.0	2.813069539650455	0.0	0.0	2.6405336594237205	0.0	2.0317744245645764	0.0	0.0	1.0289800082068052	0.0	0.0	0.0	0.0	0.0	0.0	0.0	0.0	0.0	0.0	3.445874397633932	0.0	0.0	0.0	1.5994488524902644	0.0	0.0	0.0	0.0	0.0	0.0	0.0	0.0	0.0	0.0	0.0	0.0	0.0	0.0	0.0	1.0289800082068052	0.0	0.0	0.0	0.0	0.0	1.0289800082068052	0.0	0.0	0.0	0.0	0.0	0.0	0.0	0.0	0.0	0.0	0.0	0.0	0.0	0.0	0.0	0.0	0.0	0.0	0.0	0.0	0.0	0.0	0.0	0.0	0.0	1.0289800082068052	0.0	0.0	0.0	0.0	1.5994488524902644	0.0	0.0	2.600201936855577	0.0	0.0	0.0	2.2194036556922874	0.0	0.0	0.0	0.0	2.850262697289148	0.0	0.0	0.0	0.0	0.0	0.0	0.0	0.0	0.0	0.0	0.0	0.0	2.7794402864239656	0.0	0.0	0.0	0.0
SAMPLE-28	0.3478710214536873	2.1376162916168755	0.0	0.0	0.0	0.0	0.0	1.920440685477742	0.0	0.0	0.3478710214536873	0.0	0.0	2.468993640232901	3.0868603325225683	0.3478710214536873	3.3017890166337387	0.0	0.0	0.5385167886825789	0.0	0.0	0.0	0.0	0.0	0.0	0.0	0.0	0.0	0.0	0.0	0.0	0.0	4.274966651430197	0.0	3.63539116593852	0.3478710214536873	0.5385167886825789	0.0	0.0	1.7594984605130126	0.0	0.3478710214536873	0.0	3.1678702143024267	0.0	0.0	1.288173218877205	0.0	2.8700217588005223	0.0	0.0	0.0	0.0	0.3478710214536873	0.0	0.0	0.3478710214536873	0.0	0.0	0.3478710214536873	0.0	0.0	3.459966949469684	0.0	0.0	0.0	0.8536293024413462	0.0	0.5385167886825789	0.0	0.0	0.0	0.0	0.0	0.0	0.0	0.0	0.3478710214536873	0.0	0.0	0.0	0.0	0.0	0.0	0.6705538621496218	0.0	0.0	0.3478710214536873	0.0	0.0	0.0	0.5385167886825789	0.0	0.0	0.0	0.0	0.3478710214536873	0.0	0.771667847398932	0.0	0.0	0.0	0.0	0.0	0.0	0.3478710214536873	0.3478710214536873	2.0750585618690716	0.0	0.0	1.6667763949639498	0.0	0.5385167886825789	0.0	0.8536293024413462	0.0	1.533389217805588	0.0	0.0	1.386100968026686	0.0	0.0	0.3478710214536873	0.0	0.0	0.0	2.1748171580294855	2.4936346324900702	0.3478710214536873	0.0	0.0	2.8516576224812695	0.5385167886825789	0.0	0.0	0.0	0.3478710214536873	0.0	1.0343150541269601	0.0	2.1748171580294855	0.0	0.0	0.0	1.8511548761516243	2.6877057476101744	0.0	0.0	0.3478710214536873
SAMPLE-29	2.1282927274769614	0.37825976371924075	0.0	0.0	0.0	0.7132989560770167	0.0	2.4806752192791164	0.0	0.0	0.37825976371924075	0.0	0.0	2.329507118332946	3.0791501411487174	0.0	1.3106796988360934	0.0	0.0	0.0	0.0	0.37825976371924075	0.0	0.0	0.0	0.0	0.0	0.0	0.0	0.0	0.0	0.0	0.0	4.14661331760272	0.0	1.2116981265196332	0.0	0.37825976371924075	0.0	0.0	0.0	0.5773171110172949	0.0	0.0	3.650999806311788	0.0	0.0	2.529668101801409	0.0	3.208625686929035	0.0	0.0	0.0	0.0	0.5773171110172949	0.0	0.0	0.0	0.0	0.0	0.0	0.0	0.0	3.767957939660297	0.0	0.0	0.37825976371924075	1.2116981265196332	0.0	0.0	0.0	0.0	0.0	0.0	0.0	0.0	0.0	0.0	0.0	0.0	0.0	0.0	0.0	0.0	0.0	0.0	0.0	0.0	0.8167025149893092	0.0	0.37825976371924075	0.0	0.0	0.0	0.0	0.0	0.0	0.0	0.0	0.0	0.0	0.0	0.0	0.0	0.0	0.0	0.0	0.0	0.0	0.0	0.0	2.4231730803178424	0.0	0.0	0.0	0.37825976371924075	0.0	0.37825976371924075	0.0	0.0	1.6575881367370586	1.0832846803523979	0.0	0.37825976371924075	0.0	0.7132989560770167	0.0	0.37825976371924075	2.3801194284093077	0.37825976371924075	0.0	0.0	1.8564342450565368	0.0	0.0	0.0	0.0	0.0	0.0	1.1304353925689865	0.0	0.0	0.0	0.0	0.0	1.7525830854886868	3.722985775861357	0.0	0.0	0.0
SAMPLE-3	0.5682877878825315	3.438319949696336	0.0	0.0	0.0	0.0	0.0	1.852596272443611	0.0	0.0	0.0	0.0	0.0	1.8093390270414038	3.8603241193656044	0.0	2.158781097474932	0.0	0.0	1.6455375364661735	0.0	0.0	0.0	0.0	0.0	0.0	0.0	0.0	0.0	0.0	0.0	0.0	0.0	4.200886372331273	0.0	2.8792136587037587	0.0	0.0	0.0	0.0	0.0	0.0	2.25994998577555	0.0	2.2013777253632982	0.0	0.0	2.5879408016725294	0.0	2.8610244821228994	0.0	0.0	0.37113561606544876	0.0	1.161477804791645	0.0	0.0	0.37113561606544876	0.0	0.0	0.0	0.0	0.0	3.4885275855805165	0.0	0.0	0.0	1.20013976178293	0.0	0.0	0.0	0.0	0.0	0.0	0.0	0.0	0.0	0.0	0.0	0.0	0.0	0.0	0.0	0.8062794837301038	0.0	0.0	0.0	0.0	0.0	0.7033859621762139	0.0	0.0	0.0	0.0	0.0	1.071989949033772	0.0	0.0	0.0	2.644654725424136	0.0	0.0	0.37113561606544876	0.0	0.0	0.37113561606544876	0.0	0.0	0.0	0.0	0.0	1.1190347204867608	0.0	0.0	0.0	0.5682877878825315	0.0	1.2684554920622264	0.0	0.0	1.3274713201983097	0.5682877878825315	0.0	0.37113561606544876	0.37113561606544876	0.0	0.0	2.7201115366495308	1.3542211564379314	1.298965085768351	0.0	0.0	2.3144060240553106	0.37113561606544876	0.0	0.0	0.0	0.37113561606544876	0.0	1.573566608295234	0.0	0.0	0.37113561606544876	0.0	0.0	2.0585429286707426	3.1002125563441747	0.0	0.37113561606544876	0.0
SAMPLE-30	0.4964598104831642	1.1404963884536683	0.0	0.0	0.0	0.0	0.0	1.7840816604093246	0.0	0.0	0.0	0.0	0.0	1.6615164503420312	2.0412617756107876	0.0	3.4397978589962452	0.0	0.0	0.0	0.0	0.0	0.0	0.0	0.0	0.0	0.0	0.0	0.0	0.0	0.0	0.0	0.0	4.346401117016296	0.0	1.4901336795707882	0.0	0.0	0.0	0.0	0.0	0.0	0.4964598104831642	0.0	2.712583854137343	0.0	0.0	3.1843144449781318	0.0	3.6373203674441754	0.0	0.0	0.0	0.0	0.0	0.0	0.0	0.0	0.0	0.0	0.0	0.0	0.0	2.87807435331184	0.0	0.0	0.0	0.722075043273555	0.0	0.4964598104831642	0.0	0.0	0.0	0.0	0.0	0.4964598104831642	0.0	0.0	0.0	0.0	0.0	0.0	0.0	0.0	0.0	0.0	0.0	0.0	1.6812892498845373	0.0	0.0	0.0	0.4964598104831642	0.0	0.0	0.4964598104831642	0.0	0.0	0.0	0.0	0.0	0.0	0.0	0.0	0.0	0.0	0.0	0.0	0.0	0.0	0.0	0.9798405112707305	0.0	0.0	0.0	0.8698073398138682	0.0	1.0675552792572578	0.0	0.0	0.4964598104831642	0.722075043273555	0.0	0.9798405112707305	0.0	0.0	0.0	0.4964598104831642	2.986270887504034	0.0	0.0	0.0	2.7302069945535665	0.0	0.0	0.0	0.0	0.0	0.0	0.0	0.0	0.8698073398138682	0.4964598104831642	0.0	0.0	2.0815268652618513	2.125382037015503	0.0	0.0	0.0
SAMPLE-31	0.7895493500462265	0.5538560448458503	0.0	0.2161512224275035	0.0	0.0	0.0	1.9957735694143066	0.2161512224275035	0.2161512224275035	0.0	0.0	0.0	1.3603682472961631	2.201428199385208	0.0	3.7856222681378076	0.0	0.0	0.2161512224275035	0.0	0.2161512224275035	0.0	0.0	0.0	0.0	0.0	0.0	0.0	0.0	0.0	0.0	0.0	4.260979419310342	0.0	0.9414782762761924	0.7415148655198633	0.2161512224275035	0.0	0.0	0.0	0.0	0.7895493500462265	1.3841382444035353	2.8225915616262154	0.0	0.0	3.525488076695896	0.0	3.0253053327687276	0.0	0.0	0.0	0.0	0.0	0.0	0.0	0.2161512224275035	0.0	0.2161512224275035	0.2161512224275035	0.0	0.0	3.000568015700565	0.0	0.0	0.0	0.6874992091165834	0.0	0.0	0.0	0.0	0.0	0.0	0.0	0.0	0.0	0.0	0.0	0.35981439190718884	0.0	0.0	0.0	0.0	0.0	0.0	0.0	0.0	0.0	0.2161512224275035	0.0	0.0	0.0	0.0	0.0	0.0	0.0	0.0	0.0	0.2161512224275035	0.0	0.2161512224275035	0.0	0.0	0.0	0.0	0.0	0.0	0.2161512224275035	0.0	0.0	2.089532415470005	0.0	0.2161512224275035	0.0	2.1369844486973113	0.2161512224275035	0.0	0.0	0.0	0.6874992091165834	0.2161512224275035	0.0	1.7942768971332814	0.0	1.0012672256877153	0.0	1.2945408990104015	0.35981439190718884	0.0	0.0	0.0	2.976115335336572	0.0	0.0	0.0	0.35981439190718884	0.0	0.0	1.0283339508130065	0.0	0.46758342213014115	0.2161512224275035	0.0	0.0	3.2772118333757763	2.4067242354926983	0.0	0.0	0.2161512224275035
SAMPLE-32	1.8102043713099154	0.0	0.0	0.0	0.0	0.0	0.0	2.471354608787885	0.0	0.0	0.0	0.0	0.0	2.460514460221643	3.2339897217521383	0.31017361463590837	1.9623798763946723	0.0	0.0	0.489270461472712	0.0	0.31017361463590837	0.0	0.0	0.0	0.0	0.0	0.0	0.0	0.0	0.0	0.0	0.0	4.289660568247694	0.0	1.3597148621832322	0.489270461472712	0.0	0.0	0.0	0.0	0.0	1.7501640538229675	0.489270461472712	2.995803636525292	0.489270461472712	0.0	3.2880688476440807	0.0	2.681761162235269	0.0	0.0	0.0	0.0	1.7253211448696084	0.0	0.0	0.0	0.0	0.0	0.0	0.0	0.0	3.5285041664456527	0.0	0.0	0.0	1.1930065559018788	0.0	0.0	0.0	0.0	0.0	0.0	0.0	0.0	0.31017361463590837	0.0	0.0	0.0	0.0	0.0	0.0	0.7932853872639583	0.0	0.7135087941823286	0.0	0.31017361463590837	0.0	0.31017361463590837	0.31017361463590837	0.0	0.31017361463590837	0.0	0.0	0.0	0.0	0.0	0.0	0.0	0.0	0.0	0.0	0.31017361463590837	0.0	0.31017361463590837	0.0	0.0	0.0	0.0	0.0	2.3682675652016294	0.0	0.0	0.0	0.489270461472712	0.0	0.489270461472712	0.0	0.0	1.508888177598643	0.0	0.0	2.5670518749380404	0.0	0.0	0.489270461472712	3.1422634282766326	0.0	0.0	0.0	0.0	2.097132189335669	0.0	0.0	0.0	0.0	0.0	0.0	1.522694354988778	0.0	0.0	0.0	0.0	0.0	2.2248144493809177	3.4743066463594827	0.0	0.0	0.0
SAMPLE-33	0.2806187878479579	1.765036298847951	0.0	0.0	0.0	0.0	0.0	1.7849004544023586	0.0	0.0	0.0	0.0	0.0	1.9224356209181777	2.1914235917493774	0.4496874198432188	0.7435793621660634	0.0	0.0	0.0	0.0	0.0	0.0	0.0	0.0	0.0	0.2806187878479579	0.0	0.0	0.0	0.2806187878479579	0.0	0.0	4.379611828392331	0.0	3.260307050887687	0.2806187878479579	0.2806187878479579	0.2806187878479579	0.0	0.0	0.0	0.2806187878479579	0.6658351433166831	2.6767564127586008	0.2806187878479579	0.0	0.9625397133930468	0.0	3.447440175777874	0.0	0.0	0.2806187878479579	0.0	0.0	0.0	0.2806187878479579	0.0	0.0	0.0	0.2806187878479579	0.0	0.0	2.6046736085832234	0.0	0.0	0.6658351433166831	0.5710717947243605	0.0	0.0	0.0	0.0	0.0	0.0	0.0	0.2806187878479579	0.0	0.0	0.0	0.0	0.0	0.0	0.0	0.0	0.0	0.4496874198432188	0.0	0.0	0.0	0.0	0.0	0.0	0.2806187878479579	0.0	0.0	0.2806187878479579	0.0	0.0	0.0	0.0	0.0	0.0	0.0	0.0	0.0	0.0	1.8508279596753656	0.0	0.0	0.0	0.0	0.7435793621660634	0.0	0.2806187878479579	0.0	0.4496874198432188	0.2806187878479579	0.4496874198432188	0.0	0.0	0.7435793621660634	0.4496874198432188	0.0	0.7435793621660634	0.4496874198432188	0.2806187878479579	0.2806187878479579	3.3650686500677978	2.1989723049412198	0.0	0.0	0.0	3.2017299381202378	0.6658351433166831	0.0	0.2806187878479579	0.0	0.0	0.0	0.2806187878479579	0.2806187878479579	0.2806187878479579	0.0	0.2806187878479579	0.0	2.2063920482687926	1.5156912844709074	0.0	0.2806187878479579	0.2806187878479579
SAMPLE-34	0.61911521978792	1.364015399307527	0.0	0.0	0.0	0.0	0.0	1.419653080309136	0.0	0.0	0.0	0.0	0.0	2.496737019188524	2.699241899457439	0.0	2.59772392904166	0.0	0.0	1.364015399307527	0.0	0.61911521978792	0.0	0.0	0.0	0.0	0.61911521978792	0.0	0.0	0.0	0.0	0.0	0.0	4.349584512328843	0.0	3.532462122873455	0.61911521978792	0.0	0.0	0.0	0.0	0.0	1.0203873490043613	1.364015399307527	2.882302798760384	0.0	0.0	1.419653080309136	0.0	3.0635723021198276	0.0	0.61911521978792	0.0	0.0	0.61911521978792	0.0	0.0	0.0	0.0	0.0	0.0	0.0	0.0	2.0942900266720237	0.0	0.0	2.2655068630968227	0.0	0.0	0.0	0.0	0.0	0.0	0.0	0.0	0.0	0.0	0.0	0.0	0.0	0.0	0.0	0.0	0.0	0.61911521978792	0.0	0.0	0.0	0.0	0.0	0.0	0.0	0.8645359604564825	0.0	0.0	0.0	0.0	0.0	0.0	0.61911521978792	0.0	0.0	0.0	0.0	0.0	0.0	0.0	0.8645359604564825	0.0	0.61911521978792	0.0	2.2655068630968227	0.0	0.0	0.0	1.419653080309136	0.0	1.0203873490043613	0.0	0.0	1.1348410736652685	1.419653080309136	0.61911521978792	0.8645359604564825	0.0	0.0	0.0	3.183047959048408	2.6909333112259626	1.0203873490043613	0.0	0.0	1.8673780419876866	0.61911521978792	0.0	0.0	0.0	0.0	0.0	0.8645359604564825	0.0	2.409894227341904	0.0	0.0	0.0	3.3279351136095277	1.9517544692791566	0.0	0.0	0.61911521978792
SAMPLE-35	1.203093119298397	0.3004826373682072	0.0	0.0	0.0	0.0	0.0	2.816471631628422	0.0	0.0	0.0	0.0	0.0	2.211098925805226	3.434590132818747	0.0	3.698222112884742	0.0	0.0	0.6012386949703609	0.0	0.0	0.0	0.0	0.0	0.0	0.3004826373682072	0.0	0.0	0.0	0.3004826373682072	0.0	0.0	4.263864069960027	0.0	1.8910132565530722	1.1750689649109765	2.011752465701395	0.0	0.0	0.9990142578273672	0.0	1.6323985542540898	0.6980938996250589	2.622156494475435	0.0	0.0	3.0729902064887553	0.0	2.7593289802490077	0.3004826373682072	0.3004826373682072	0.0	0.0	1.2777159155836946	0.0	0.0	0.0	0.0	0.0	0.0	0.0	0.0	3.414879424928178	0.0	0.0	2.732905902812116	1.5671359587074414	0.0	0.47639129024965243	0.0	0.0	0.0	0.0	0.47639129024965243	0.0	0.0	0.0	0.0	0.0	0.0	0.0	0.6012386949703609	1.8440183008400688	0.0	0.0	0.0	0.0	0.0	0.6012386949703609	0.0	0.0	0.0	0.0	0.0	0.47639129024965243	0.0	0.0	0.0	0.47639129024965243	0.0	0.0	0.0	0.0	0.0	0.0	0.0	0.0	0.0	0.0	0.0	1.6521414788819335	0.0	0.6012386949703609	0.0	0.47639129024965243	0.6012386949703609	0.0	0.0	0.0	1.4303089767896155	0.3004826373682072	0.0	2.1542482999378096	0.0	0.0	0.0	2.768283784041915	1.9433997281741175	0.47639129024965243	0.0	0.0	1.9283364216144072	0.3004826373682072	0.0	0.0	0.0	0.0	0.0	1.203093119298397	0.0	0.0	0.0	0.0	0.0	2.789894842506962	0.47639129024965243	0.3004826373682072	0.0	0.0
SAMPLE-36	0.0	0.3289458590547306	0.0	0.0	0.0	0.0	0.0	1.1641549445331612	0.0	0.0	0.3289458590547306	0.0	0.0	1.9226884512751465	3.5279069297746695	0.8237281505285203	3.365025943157346	0.0	0.0	0.3289458590547306	0.0	0.0	0.0	0.0	0.0	0.0	0.0	0.0	0.0	0.0	0.3289458590547306	0.0	0.0	4.3785487170915625	0.0	2.1808699321648213	0.0	2.5943279421900414	0.0	0.3289458590547306	0.891909380763627	0.0	1.7855952276049372	1.394247782950424	2.2469433507083165	0.0	0.0	0.891909380763627	0.0	2.793624804896858	0.3289458590547306	0.0	0.0	0.0	0.0	0.0	0.0	0.0	0.0	0.0	0.5139574058554378	0.3289458590547306	0.0	1.9726095293843466	1.9673377991798349	0.0	2.4587784484425685	0.6432885064843249	0.0	0.3289458590547306	0.0	0.0	0.0	0.0	0.0	0.0	0.0	0.0	0.0	0.0	0.0	0.0	0.3289458590547306	0.5139574058554378	0.0	0.5139574058554378	0.0	0.0	0.0	0.6432885064843249	0.0	0.0	0.0	0.0	0.0	0.0	0.0	0.0	0.0	0.7428127715772563	0.0	0.0	0.0	0.0	0.0	0.0	0.0	0.0	0.0	0.3289458590547306	0.0	1.9399743004188383	0.3289458590547306	0.7428127715772563	0.0	0.5139574058554378	0.5139574058554378	0.3289458590547306	0.0	0.0	1.1641549445331612	0.8237281505285203	0.0	2.110603273388041	0.0	0.3289458590547306	0.7428127715772563	2.388363206692785	1.8859048450257083	0.3289458590547306	0.0	0.0	2.346141464633393	0.3289458590547306	0.0	0.0	0.5139574058554378	0.0	0.0	1.330211236924853	0.0	0.0	0.0	0.0	0.0	3.078172019063285	2.75647471603942	0.0	0.0	0.0
SAMPLE-37	0.9702253147507285	0.4891631630544395	0.0	0.0	0.0	0.0	0.0	1.9719871181251696	0.0	0.0	0.0	0.0	0.0	1.561505551130596	1.494474968732104	0.0	0.7133807395302496	0.0	0.0	0.0	0.0	0.0	0.0	0.0	0.0	0.0	0.0	0.0	0.0	0.0	0.0	0.0	0.0	4.44340827058441	0.0	1.1928579705805058	0.3100925844122839	0.0	0.0	0.0	0.0	0.0	0.0	0.0	2.038961815345543	0.0	0.0	1.1628108248994438	0.0	2.388932995141806	0.0	0.0	0.0	0.0	0.3100925844122839	0.0	0.0	0.0	0.0	0.0	0.0	0.0	0.0	3.719072492841975	0.0	0.0	0.0	0.4891631630544395	0.0	0.0	0.3100925844122839	0.0	0.0	0.0	0.0	0.0	0.0	0.0	0.0	0.0	0.0	0.0	0.0	0.0	0.0	0.0	0.0	0.3100925844122839	0.0	0.0	0.0	0.0	0.0	0.0	0.0	0.0	0.0	0.0	0.0	0.0	0.0	0.0	0.0	0.0	0.0	0.3100925844122839	0.3100925844122839	0.0	0.0	0.0	0.0	0.4891631630544395	0.0	0.0	0.0	1.1305292879451956	0.3100925844122839	0.0	0.0	0.0	0.9188275311505003	0.3100925844122839	0.0	0.3100925844122839	0.0	0.0	0.0	1.1305292879451956	0.3100925844122839	0.4891631630544395	0.0	0.0	2.782832711130874	0.0	0.0	0.4891631630544395	0.0	0.3100925844122839	0.0	0.0	0.0	0.0	0.0	0.0	0.0	0.9188275311505003	0.6155839298917216	0.0	0.0	0.0
SAMPLE-38	2.4341798264582795	0.0	0.0	0.0	0.0	0.0	0.0	3.1671835436501388	0.0	0.0	0.0	0.0	0.0	2.662814741542842	1.0842988077748363	0.0	0.9962397979025036	0.0	0.0	0.0	0.0	0.0	0.0	0.0	0.0	0.0	0.0	0.0	0.0	0.0	0.0	0.0	0.0	4.382026964459485	0.0	1.8096322068468058	1.6794043406267378	0.0	0.0	0.0	0.0	0.3251509956284232	0.0	0.0	3.3891774860155954	0.0	0.0	3.170790668260297	0.0	2.460100335978092	0.0	0.0	0.0	0.0	1.042497382589763	0.0	0.0	0.0	0.3251509956284232	0.0	0.0	0.0	0.0	3.406409064361324	0.0	0.0	0.0	1.299764525385796	0.0	0.3251509956284232	0.0	0.0	0.0	0.0	0.0	0.0	0.0	0.0	0.0	0.5089937919488757	0.0	0.0	0.0	0.0	0.0	0.0	0.0	0.0	0.0	0.0	0.0	0.0	0.3251509956284232	0.0	0.0	0.0	0.0	0.0	0.0	0.0	0.0	0.0	0.0	0.0	0.0	0.0	0.0	0.0	0.0	0.0	0.0	0.0	0.0	0.3251509956284232	0.0	2.1704892676303436	0.7369456724430292	0.0	0.0	0.0	0.8856633067916188	0.3251509956284232	0.0	0.3251509956284232	0.0	0.8176393936237026	0.0	1.2200854781028094	0.7369456724430292	0.3251509956284232	0.0	0.0	2.8975559393020265	0.0	0.0	0.0	0.0	0.0	0.0	0.0	0.0	0.0	0.0	0.0	0.0	0.5089937919488757	0.6377570243581153	0.0	0.0	0.6377570243581153
SAMPLE-39	2.395417267829962	2.472507469993356	0.0	0.0	0.0	0.0	0.30689375585613254	2.7375394280481373	0.8551022518159448	0.30689375585613254	0.0	0.0	0.0	2.500162797516917	3.1623977190149755	0.30689375585613254	3.090458998799919	0.0	0.0	0.48492213900505154	0.0	0.0	0.0	0.9646128581648993	0.0	0.0	0.30689375585613254	0.0	0.0	0.0	0.0	0.0	0.0	3.9998949449739256	0.0	3.2915383486727334	1.7518030499622195	0.48492213900505154	0.0	0.0	0.0	0.30689375585613254	0.0	1.7673225526552532	3.3392072560854564	0.0	0.0	4.094864315720844	0.30689375585613254	2.5936826740117924	0.0	0.0	0.30689375585613254	0.0	2.589110792497722	0.0	0.0	0.0	0.0	0.0	0.0	0.0	0.0	3.1515201595248334	0.0	0.0	0.0	1.4883873365261373	0.0	0.30689375585613254	0.0	0.0	0.0	0.0	0.0	0.30689375585613254	0.30689375585613254	0.0	0.0	0.0	0.0	0.0	0.30689375585613254	1.4736508557111438	0.0	0.30689375585613254	0.0	0.0	0.0	0.9133001887935892	0.0	0.30689375585613254	0.0	0.0	0.0	0.30689375585613254	0.0	0.0	0.0	0.48492213900505154	0.0	0.0	0.0	0.0	0.0	0.30689375585613254	0.0	0.0	0.0	0.0	0.0	0.0	0.0	0.30689375585613254	0.0	1.850331873685755	0.30689375585613254	0.0	0.0	0.0	1.333320992578656	0.48492213900505154	0.0	1.5676324928703445	0.0	1.3913814404354305	0.0	2.1119287115352403	1.0104984237590715	0.0	0.0	0.0	2.048970433135993	0.30689375585613254	0.0	0.0	0.0	0.0	0.0	0.8551022518159448	0.0	2.060764783218845	0.0	0.0	0.0	2.7861470493149927	1.0104984237590715	0.0	0.0	0.0
SAMPLE-4	0.3708994343744581	2.405907343451194	0.0	0.0	0.0	0.0	0.0	1.4868546986807187	1.402838883680808	0.0	0.7030562280422776	0.0	0.0	2.362378970878098	3.138530520748978	0.7030562280422776	1.9672579056667938	0.0	0.0	1.32707950652362	0.0	0.0	0.0	0.0	0.0	0.3708994343744581	0.0	0.0	0.0	0.0	1.2680664951961946	0.0	0.0	4.135467362050512	0.0	2.7072349399050344	0.0	2.1019712359606872	0.0	0.0	2.2906328291305296	0.0	1.7709316379848596	0.0	2.5115910321041723	0.0	0.0	2.2965927248260987	0.0	2.8999649960706004	0.0	0.0	0.0	0.0	0.3708994343744581	0.0	0.0	0.5679877639015177	0.0	0.0	0.0	0.0	0.0	3.0463582489965444	0.0	0.0	2.549568784023977	1.4868546986807187	0.0	0.0	0.3708994343744581	0.0	0.0	0.0	0.0	0.0	0.0	0.0	0.0	0.0	0.0	0.0	0.3708994343744581	0.0	1.1186548273216588	0.7030562280422776	0.0	0.0	0.0	0.3708994343744581	0.0	0.0	0.5679877639015177	0.0	0.0	0.3708994343744581	0.0	0.0	0.8059325730186079	1.3790245337666434	0.0	0.0	0.0	0.0	0.0	0.0	0.0	0.9587803938107471	1.8839393675659168	0.0	0.0	2.2295182795345245	0.0	0.7030562280422776	0.0	0.7030562280422776	0.3708994343744581	0.8059325730186079	0.5679877639015177	0.0	1.5055439546053895	0.5679877639015177	0.3708994343744581	0.3708994343744581	0.0	0.0	0.3708994343744581	3.274845448189728	2.549568784023977	0.3708994343744581	0.0	0.0	2.875693930274007	1.2985745849539427	0.0	0.3708994343744581	0.0	0.0	0.0	1.1997545413831563	0.0	3.387176803013827	0.0	0.0	0.5679877639015177	1.6708858656215548	3.951209456689432	0.0	0.0	0.0
SAMPLE-40	1.3484509824508288	1.5708085377728567	0.0	0.0	0.0	0.0	0.0	1.4578781953018631	0.0	0.0	0.0	0.0	0.0	1.3484509824508288	2.4373320010617117	1.139391096174925	3.547978079530472	0.0	0.0	0.4956484468208738	0.0	0.0	0.0	0.0	0.0	0.0	0.0	0.0	0.0	0.0	0.0	0.0	0.0	4.276968499834642	0.0	3.8762419926131244	0.8687767190956835	0.0	0.0	0.0	0.0	0.0	0.0	2.8476637261723763	2.8423749539802716	0.0	0.0	1.3880701843897099	0.0	3.049905647981574	0.0	0.0	0.4956484468208738	0.0	0.0	0.0	0.0	0.0	0.0	0.0	0.0	0.0	0.0	2.6816200333113525	0.0	0.0	0.0	0.0	0.0	0.0	0.0	0.0	0.0	0.0	0.0	0.0	0.0	0.0	0.0	0.0	0.0	0.0	0.0	0.0	0.0	0.0	0.0	0.0	0.0	0.0	0.0	0.0	0.0	0.0	0.0	0.0	0.0	0.4956484468208738	0.0	0.0	0.0	0.0	0.0	0.0	0.0	0.0	0.0	0.0	0.4956484468208738	0.0	0.0	0.4956484468208738	0.0	0.0	0.0	1.139391096174925	0.0	0.8687767190956835	0.0	0.0	0.0	0.0	0.0	0.9787738600325387	0.0	0.4956484468208738	0.0	2.2552315705798054	2.3305660368832513	0.0	0.0	0.0	2.5601788059356774	0.0	0.0	0.0	0.0	0.0	0.0	1.139391096174925	0.0	0.0	0.0	0.0	0.0	0.8687767190956835	0.9787738600325387	0.0	0.4956484468208738	0.0
SAMPLE-41	0.23071416462997524	2.215748541618717	0.0	0.0	0.0	0.0	0.23071416462997524	0.491797975833718	0.0	0.0	0.0	0.0	0.0	2.1562790189394403	3.2719971590387007	0.3805869551913588	2.6596073130774123	0.0	0.0	0.8638785949874656	0.0	0.0	0.0	0.0	0.0	0.0	0.0	0.0	0.0	0.0	0.0	0.0	0.0	4.418351317032465	0.0	3.257769883487821	0.3805869551913588	0.7165234757956014	0.0	0.0	0.23071416462997524	0.0	1.7056391501170831	0.23071416462997524	3.0823865982954626	0.0	1.1341354780418202	0.491797975833718	0.0	3.199547873860099	0.0	0.23071416462997524	0.23071416462997524	0.0	0.0	0.0	0.0	0.0	0.0	0.0	0.23071416462997524	0.0	0.0	1.3144798674162887	0.491797975833718	0.0	1.1341354780418202	0.0	0.0	0.3805869551913588	0.0	0.0	0.0	0.0	0.0	0.23071416462997524	0.0	0.0	0.23071416462997524	0.0	0.0	0.0	0.0	0.0	0.0	0.23071416462997524	0.23071416462997524	0.23071416462997524	0.23071416462997524	0.23071416462997524	0.0	0.0	0.0	0.0	0.0	0.23071416462997524	0.0	0.0	0.0	0.23071416462997524	0.0	0.0	0.23071416462997524	0.0	0.0	0.0	0.0	0.0	0.23071416462997524	0.0	0.0	1.1111837125208879	0.0	0.0	0.0	1.0049015471018459	0.5802581280663591	1.0612857699375384	0.0	0.23071416462997524	1.196502550698414	2.0996283981147674	0.23071416462997524	1.5569285094469931	0.0	0.0	0.0	2.1968159709022386	1.7618085435474822	0.0	0.0	0.0	2.337700646796638	0.3805869551913588	0.0	0.0	0.0	0.23071416462997524	0.0	0.9737032823269836	0.0	0.0	0.0	0.0	0.0	0.3805869551913588	0.5802581280663591	0.0	0.0	0.0
SAMPLE-42	1.687493751029412	0.0	0.0	0.0	0.0	0.0	0.0	2.6187420305037836	0.0	0.0	0.0	0.0	0.0	2.0528466816628006	1.311070660888006	0.0	1.2194331255993578	0.0	0.0	0.4693473637120947	0.0	0.0	0.0	0.0	0.0	0.0	0.0	0.0	0.0	0.0	0.0	0.0	0.0	4.157226369151646	0.0	3.951461359384968	0.2952126618774808	0.2952126618774808	0.0	0.0	0.0	0.0	0.2952126618774808	0.0	2.6967304850767815	0.0	0.0	1.9127069595069912	0.0	3.7521654270893396	0.0	0.0	0.0	0.0	0.2952126618774808	0.0	0.0	0.0	0.0	0.0	0.0	0.0	0.0	3.386404789661469	0.0	0.0	2.0137042113425636	1.493807203290893	0.0	0.0	0.2952126618774808	0.0	0.0	0.0	0.0	0.0	0.0	0.0	0.0	0.0	0.0	0.0	0.0	0.0	0.0	0.4693473637120947	0.0	0.0	0.6896244961825898	0.0	0.0	0.0	0.2952126618774808	0.0	0.0	0.7684119476861446	0.0	0.0	0.0	0.2952126618774808	0.2952126618774808	0.0	0.0	0.2952126618774808	0.0	0.0	0.0	0.0	0.5933045062901007	0.0	0.0	1.16516842575395	0.0	0.2952126618774808	0.0	0.8928579384508812	0.2952126618774808	1.16516842575395	0.0	0.0	0.9438460879689099	0.4693473637120947	0.0	0.2952126618774808	0.0	0.0	0.2952126618774808	2.54822568256137	1.9022449721521528	1.3505300995581093	0.0	0.0	2.7792940373517965	0.2952126618774808	0.0	0.4693473637120947	0.0	0.2952126618774808	0.0	0.0	0.0	0.0	0.0	0.0	0.0	0.2952126618774808	2.579381400308069	0.0	0.0	0.2952126618774808
SAMPLE-43	0.0	2.6041600705088395	0.0	0.0	0.0	0.0	0.0	1.277227935987072	0.0	0.0	0.5516829523787792	0.0	0.0	2.1065802929386863	3.491847987510821	0.5516829523787792	2.6513296901661363	0.0	0.0	0.6851023744685362	0.0	0.0	0.0	0.0	0.5516829523787792	0.0	0.0	0.0	0.0	0.0	1.1401795404712027	0.0	0.0	4.390807535072047	0.0	3.469031424051513	0.3581167256094132	0.3581167256094132	0.0	0.0	0.0	0.0	0.0	0.0	2.5755571012306797	0.0	0.0	0.3581167256094132	0.0	2.0254628120602827	0.0	0.0	0.0	0.0	0.0	0.0	0.0	0.0	0.0	0.0	0.0	0.0	0.0	2.0358307196129464	0.3581167256094132	0.0	0.0	0.3581167256094132	0.0	0.0	0.0	0.3581167256094132	0.0	0.0	0.0	0.0	0.3581167256094132	0.0	0.0	0.0	0.0	0.0	0.0	0.3581167256094132	0.0	0.0	0.0	0.0	0.3581167256094132	0.0	0.0	0.0	0.0	0.0	0.0	0.3581167256094132	0.0	0.0	0.0	0.9388063380045272	0.0	0.0	0.0	0.0	0.3581167256094132	0.0	0.0	0.0	0.0	0.0	0.0	1.8381600762979613	0.0	0.5516829523787792	0.0	0.5516829523787792	0.0	0.9985507457077611	0.0	0.0	1.2140874251521414	0.6851023744685362	0.3581167256094132	2.4037177262700045	0.0	0.5516829523787792	0.8695118793967953	2.5574450815528573	0.8695118793967953	0.0	0.0	0.0	2.6041600705088395	0.0	0.0	0.0	0.0	0.0	0.0	1.277227935987072	0.0	0.3581167256094132	0.0	0.0	0.0	0.8695118793967953	2.900472071514265	0.0	0.0	0.0
SAMPLE-44	0.8781617020579633	0.23759216507930367	0.0	0.0	0.0	0.0	0.0	2.0885194460772323	0.6666081505166541	0.0	0.0	0.0	0.0	1.8681697432435473	1.3151555998548838	0.0	2.6872653863335443	0.0	0.0	0.0	0.0	0.0	0.0	0.0	0.0	0.0	0.0	0.0	0.0	0.0	0.0	0.0	0.0	4.083252760464324	0.0	1.8808355784178519	0.8341371154171516	0.0	0.0	0.0	0.0	0.0	0.0	0.0	2.039416941357622	0.0	0.0	3.624727811522645	0.0	1.4574477244607893	0.0	0.0	0.0	0.0	1.149449089579109	0.0	0.0	0.0	0.0	0.0	0.0	0.0	0.0	4.219673682393998	0.0	0.0	0.0	2.2112775060942225	0.0	0.23759216507930367	0.0	0.0	0.0	0.0	0.0	0.39029650566670443	0.0	0.0	0.0	0.0	0.0	0.23759216507930367	0.0	0.39029650566670443	0.0	0.0	0.0	0.0	0.0	0.23759216507930367	0.0	0.0	0.0	0.0	0.0	0.0	0.0	0.0	0.0	0.23759216507930367	0.0	0.0	0.0	0.0	0.0	0.0	0.0	0.0	0.0	0.0	0.0	0.0	0.0	0.23759216507930367	0.0	0.0	0.0	0.0	0.0	0.0	1.5976317133106528	0.23759216507930367	0.0	0.0	0.0	0.988483699744007	0.0	0.23759216507930367	0.23759216507930367	0.503051902170942	0.0	0.0	0.785141044303003	0.592484406615161	0.0	0.0	0.0	0.0	0.23759216507930367	0.6666081505166541	0.0	0.0	0.0	0.0	0.0	2.1232074862035915	0.592484406615161	0.0	0.0	0.0
SAMPLE-45	0.3181281347899625	3.313654503633321	0.0	0.0	0.0	0.0	0.0	1.4948318222165484	0.0	0.0	0.0	0.0	0.0	0.7260129691152541	3.0776670015809273	0.0	4.347393116799751	0.0	0.3181281347899625	0.8740097076932386	0.0	0.0	0.0	0.0	0.0	0.0	0.0	0.0	0.0	0.0	0.0	0.0	0.0	3.78227334452597	0.0	1.262094156728721	0.8062852687938045	0.0	0.0	0.0	0.0	0.0	0.0	0.0	0.6274612190205286	0.0	0.0	2.598126630506982	0.0	2.673956097375173	0.0	0.0	0.3181281347899625	0.0	0.0	0.0	0.0	0.0	0.0	0.0	0.0	0.0	0.0	3.18274476107402	0.0	0.0	0.0	2.070678746246166	0.0	0.0	0.0	0.0	0.0	0.0	0.0	0.0	0.0	0.0	0.0	0.0	0.0	0.0	0.0	0.0	0.0	0.0	0.0	0.0	0.0	0.3181281347899625	0.0	0.0	0.0	0.0	0.0	0.0	0.0	0.0	0.0	0.0	0.0	0.0	0.0	0.0	0.0	0.0	0.0	0.0	0.0	0.0	0.0	0.0	0.0	0.0	0.0	0.3181281347899625	0.3181281347899625	0.0	0.0	0.0	0.3181281347899625	0.0	0.0	0.0	0.0	0.0	0.0	0.0	0.0	0.0	0.0	0.0	1.2356459836433649	0.0	0.0	0.0	0.0	0.0	0.0	0.0	0.0	0.0	0.3181281347899625	0.0	0.0	1.7489305710875052	0.49977238670623103	0.0	0.0	0.0
SAMPLE-46	0.9148417469801243	0.5690561584974534	0.0	0.0	0.0	0.0	0.0	1.7886118712695258	0.0	0.0	0.0	0.0	0.0	1.0384897126307029	1.3191776002244355	0.0	4.270860764332004	0.0	0.0	0.0	0.0	0.27930842522796734	0.0	0.0	0.0	0.0	0.0	0.0	0.0	0.0	0.0	0.0	0.0	3.9029010106767394	0.0	3.6899014182166106	0.44791083549284866	0.0	0.0	0.0	0.0	0.0	0.27930842522796734	0.0	2.2840129739933706	0.0	0.0	2.2204859196261184	0.0	1.2132863529766529	0.0	0.0	0.0	0.0	0.0	0.0	0.0	0.0	0.0	0.0	0.0	0.0	0.0	3.3320096610502588	0.27930842522796734	0.0	0.0	1.0729534030770913	0.0	0.0	0.0	0.0	0.0	0.0	0.0	0.0	0.0	0.0	0.0	0.27930842522796734	0.0	0.0	0.0	0.0	0.0	0.0	0.0	0.0	0.0	0.0	0.0	0.0	0.27930842522796734	0.0	0.0	0.27930842522796734	0.0	0.0	0.0	0.0	0.0	0.0	0.0	0.0	0.0	0.0	0.0	0.0	0.0	0.0	0.0	0.0	0.0	0.0	0.0	0.9148417469801243	0.27930842522796734	0.27930842522796734	0.0	0.0	0.9148417469801243	0.0	0.0	0.7413205775982933	0.0	0.0	0.0	0.0	0.0	0.0	0.0	0.0	0.6636741163794048	0.0	0.0	0.27930842522796734	0.0	0.0	0.0	0.0	0.0	0.0	0.27930842522796734	0.0	0.0	0.27930842522796734	0.6636741163794048	0.0	0.0	0.0
SAMPLE-47	0.0	2.2950920866158073	0.0	0.0	0.0	0.0	0.21860910739417674	0.94701020235968	0.0	0.0	0.0	0.0	0.0	1.7052246715292179	3.147095669283006	0.0	1.688085647305376	0.0	0.0	0.21860910739417674	0.0	0.0	0.0	0.0	0.0	0.0	0.0	0.0	0.0	0.0	0.3633412928136093	0.0	0.0	4.409244087632966	0.0	3.4383434561715673	0.5583630782686597	0.6924663718733486	0.0	0.0	0.0	0.0	0.0	0.0	2.594297416404795	0.0	0.0	3.14404730362525	0.0	2.3243318258294643	0.21860910739417674	0.0	0.0	0.0	0.6924663718733486	0.0	0.0	0.0	0.0	0.21860910739417674	0.0	0.0	0.0	3.0286246122476266	0.0	0.0	0.21860910739417674	0.5583630782686597	0.0	0.0	0.0	0.0	0.0	0.0	0.21860910739417674	0.3633412928136093	0.0	0.0	0.0	0.0	0.0	0.0	0.3633412928136093	0.94701020235968	0.0	0.0	0.0	0.0	0.21860910739417674	0.5583630782686597	0.0	0.0	0.0	0.0	0.0	0.0	0.0	0.0	0.0	0.5583630782686597	0.0	0.0	0.0	0.0	0.0	0.0	0.0	0.0	0.0	0.0	0.0	1.3004678664670015	0.0	0.0	0.0	1.0836017118617023	0.0	0.3633412928136093	0.0	0.0	0.21860910739417674	2.1135865035295507	0.0	1.12811890259236	0.21860910739417674	0.0	0.5583630782686597	2.1370067580476277	1.5680305369015082	0.4717083469306319	0.0	0.0	2.816427135521372	0.4717083469306319	0.0	0.21860910739417674	0.0	0.0	0.0	0.21860910739417674	0.0	0.0	0.0	0.0	0.0	0.7466312686882	0.4717083469306319	0.0	0.0	0.0
SAMPLE-48	0.2669569450320656	0.0	0.0	0.0	0.0	0.0	0.0	1.9630892159588622	0.2669569450320656	0.0	0.0	0.0	0.0	1.7496632384126645	2.5842604969139393	0.0	1.1378691170803725	0.0	0.0	0.2669569450320656	0.0	0.2669569450320656	0.0	0.0	0.0	0.0	0.0	0.0	0.0	0.0	0.0	0.0	0.0	4.159404781934455	0.0	3.583433757198491	0.6430913889816038	0.0	0.0	0.0	0.0	0.2669569450320656	0.0	0.0	2.66309300127124	0.2669569450320656	0.0	3.9857867448354583	0.0	1.9788579983342574	0.0	0.0	0.0	0.0	0.8415845112523307	0.0	0.0	0.0	0.0	0.0	0.0	0.0	0.0	3.6190745155295625	0.0	0.0	0.0	1.8541485711773764	0.0	0.43106940442729696	0.2669569450320656	0.0	0.0	0.0	0.0	0.0	0.0	0.0	0.0	0.0	0.0	0.0	0.0	0.7849389204445841	0.0	0.0	0.0	0.0	0.0	0.8415845112523307	0.0	0.0	0.0	0.0	0.0	0.0	0.0	0.0	0.0	0.2669569450320656	0.0	0.0	0.0	0.0	0.0	0.0	0.0	0.0	0.0	0.0	0.0	0.0	0.0	0.0	0.0	0.43106940442729696	0.0	0.5498925181724597	0.0	0.0	1.2117487006155863	0.6430913889816038	0.0	0.7197808042354154	0.0	0.0	0.0	2.2216010425628863	1.346883436355868	0.2669569450320656	0.0	0.0	2.71936157233094	0.2669569450320656	0.0	0.2669569450320656	0.0	0.2669569450320656	0.0	0.2669569450320656	0.0	0.0	0.0	0.0	0.0	2.214908396330177	1.2338237980884312	0.0	0.0	0.0
SAMPLE-49	0.25826181519432995	0.0	0.0	0.0	0.0	0.0	0.0	1.819508343731191	0.25826181519432995	0.25826181519432995	0.0	0.0	0.0	1.865142383030096	2.010952811376561	0.25826181519432995	3.1814501753390876	0.0	0.0	0.25826181519432995	0.0	0.0	0.0	0.0	0.25826181519432995	0.0	0.0	0.0	0.0	0.0	0.0	0.0	0.0	4.261317447799478	0.0	3.5471999879206106	0.8252330598431299	0.25826181519432995	0.0	0.0	0.25826181519432995	0.0	1.7107163989563505	0.6283612943092732	2.7814949114031435	0.25826181519432995	0.0	3.287135537288267	0.0	3.673457078825338	0.0	0.0	0.0	0.0	0.0	0.0	0.0	0.0	0.0	0.0	0.0	0.0	0.0	2.4699699831466346	0.0	0.0	0.7689778831435716	0.4191069360871939	0.0	0.25826181519432995	0.0	0.0	0.0	0.0	0.0	0.0	0.0	0.0	0.0	0.0	0.0	0.0	0.0	0.25826181519432995	0.25826181519432995	0.0	0.0	0.0	0.0	0.25826181519432995	0.0	0.0	0.0	0.0	0.0	0.0	0.0	0.0	0.0	1.2158018251146312	0.4191069360871939	0.0	0.0	0.25826181519432995	0.0	0.0	0.0	0.0	0.0	0.0	0.0	1.4043713357912129	0.0	0.0	0.0	1.146094477763892	0.0	0.8750299427523172	0.0	0.0	0.4191069360871939	0.0	0.0	1.6193189753636628	0.0	0.0	0.4191069360871939	1.6749405213201247	2.0777861135033313	0.0	0.0	0.25826181519432995	2.8732118316179442	0.5362170810286544	0.0	0.4191069360871939	0.25826181519432995	0.25826181519432995	0.0	0.25826181519432995	0.0	0.0	0.0	0.0	0.0	2.7726522762796635	3.1600195357151075	0.0	0.0	0.0
SAMPLE-5	0.3044694848304548	2.3206861706766633	0.0	0.0	0.0	0.0	0.0	0.9090913340832566	0.0	0.0	0.0	0.0	0.0	2.3472650242489985	3.3354322120159403	0.4817012135087412	3.53228347838239	0.0	0.0	1.0854663134089224	0.0	0.0	0.0	0.0	0.0	0.0	0.0	0.0	0.3044694848304548	0.0	0.0	0.0	0.0	4.324497168521811	0.0	3.4391772324425647	0.0	0.3044694848304548	0.0	0.0	2.149817842157769	0.0	0.0	0.0	2.705808360207715	0.0	0.0	0.7838686917321644	0.0	3.1560662436731173	0.0	0.0	0.0	0.0	0.0	0.0	0.0	0.0	0.0	0.0	0.0	0.0	0.0	2.3432803571361016	0.0	0.0	0.0	0.3044694848304548	0.3044694848304548	0.3044694848304548	0.0	0.0	0.0	0.0	0.3044694848304548	0.0	0.0	0.0	0.0	0.3044694848304548	0.0	0.0	0.0	0.0	0.0	0.4817012135087412	0.0	0.4817012135087412	0.0	0.3044694848304548	0.0	0.0	0.0	0.0	0.0	0.3044694848304548	0.0	0.3044694848304548	0.3044694848304548	0.9090913340832566	0.0	0.0	0.0	0.0	0.0	0.0	0.0	0.0	2.4461599249112953	0.0	0.0	1.8262928729994166	0.0	0.0	0.0	0.0	0.0	0.7044601873868382	0.0	0.0	1.4379638590294146	0.6072090638013912	0.0	0.0	0.0	0.0	0.6072090638013912	2.3852214081862098	2.6056253349892535	0.4817012135087412	0.0	0.0	2.705808360207715	1.0061716014945308	0.0	0.0	0.0	0.0	0.0	1.1524941319412854	0.0	2.482500403781424	0.0	0.3044694848304548	0.0	0.3044694848304548	2.1799925930754656	0.0	0.0	0.3044694848304548
SAMPLE-50	0.7413257867488123	1.820702957701236	0.0	0.0	0.0	0.0	0.0	2.297836083817268	0.0	0.0	0.0	0.0	0.0	2.0803482814351355	3.20867582361033	0.17648388986323693	3.158783864937575	0.0	0.0	0.6541281007693133	0.0	0.17648388986323693	0.0	0.0	0.0	0.0	0.0	0.0	0.0	0.0	0.0	0.0	0.0	4.228574929387016	0.0	3.4551060079562523	0.6029429120025808	0.30161880884395414	0.0	0.0	0.0	0.0	1.205223353318745	0.0	2.8005155131276585	0.0	0.0	3.6627526502100456	0.0	2.9527558601866684	0.0	0.0	0.39864648875156466	0.0	1.302148059014725	0.0	0.17648388986323693	0.0	0.0	0.0	0.0	0.0	0.0	3.589784330822697	0.0	0.0	0.0	0.5449089618607427	0.0	0.0	0.0	0.0	0.0	0.0	0.0	0.0	0.0	0.0	0.0	0.0	0.0	0.0	0.0	0.39864648875156466	1.097992813072669	0.0	0.0	0.17648388986323693	0.0	0.6999117226165001	0.0	0.0	0.0	0.0	0.0	0.17648388986323693	0.0	0.0	0.0	0.30161880884395414	0.0	0.0	0.39864648875156466	0.0	0.17648388986323693	0.0	0.0	0.0	0.0	0.0	0.0	0.8461069458125962	0.0	0.6999117226165001	0.0	0.779132162646054	0.17648388986323693	1.0802601277925836	0.0	0.0	1.097992813072669	0.9041198867581602	0.0	1.6686045073917914	0.17648388986323693	0.30161880884395414	0.0	1.8073384396635874	2.3426059995265027	0.0	0.0	0.17648388986323693	2.679237267706889	0.30161880884395414	0.0	0.17648388986323693	0.0	0.0	0.0	0.39864648875156466	0.0	0.0	0.17648388986323693	0.0	0.17648388986323693	1.7375517669080804	0.8139093425719034	0.0	0.0	0.0
SAMPLE-51	0.8334182899469187	2.6756799483083684	0.0	0.0	0.0	0.0	0.0	1.776618121272275	2.1146297790398996	0.0	0.0	0.0	0.0	2.0902556709385585	3.8532814198914647	0.0	1.887793482939952	0.0	0.0	2.611344890331376	0.36022529002675435	0.0	0.0	0.0	0.21643726439986766	0.21643726439986766	0.0	0.0	0.0	0.0	0.21643726439986766	0.0	0.0	4.099294924472929	0.0	2.9283666263926924	0.0	0.7901602346421694	0.0	0.0	0.0	0.0	1.4590788903921776	0.0	1.6587356726865072	0.0	0.0	3.7729307951136835	0.0	1.0785466748337826	0.0	0.0	0.21643726439986766	0.0	2.694790767868614	0.0	0.0	0.0	0.0	0.0	0.0	0.0	0.0	3.5438136599520482	0.0	0.0	0.0	1.0785466748337826	0.0	0.36022529002675435	0.0	0.0	0.0	0.0	1.217607007646549	0.21643726439986766	0.0	0.0	0.0	0.21643726439986766	0.0	0.0	0.0	2.010412007428597	0.0	0.0	0.21643726439986766	0.0	0.0	1.4873829825794342	0.0	0.0	0.0	0.21643726439986766	0.0	0.0	0.0	0.0	0.0	1.0289948737439585	0.0	0.0	0.21643726439986766	0.0	0.0	0.0	0.21643726439986766	0.21643726439986766	0.0	0.0	0.21643726439986766	0.0	0.0	0.4680642851662098	0.0	0.36022529002675435	0.0	0.4680642851662098	0.0	0.0	1.5626680940126185	1.3848373433944101	0.6880787529010176	1.0785466748337826	0.21643726439986766	0.4680642851662098	0.0	1.5626680940126185	1.9732574619829397	0.0	0.0	0.0	1.3848373433944101	0.7421119126731605	0.0	0.36022529002675435	0.0	0.0	0.0	0.7901602346421694	0.0	0.0	0.0	0.0	0.0	3.293346121506925	0.5543816566733722	0.0	0.0	0.21643726439986766
SAMPLE-52	0.0	2.466797202409442	0.0	0.35070360357636454	0.0	0.0	0.0	1.7257380752701323	0.0	0.0	0.0	0.0	0.0	1.5828644924481978	2.696092470240703	0.542165656138493	3.510352862964195	0.35070360357636454	0.0	0.775930985713513	0.0	0.0	0.0	0.0	0.0	0.0	0.0	0.0	0.0	0.0	0.0	0.542165656138493	0.0	4.365104878102646	0.0	3.549364144822053	0.35070360357636454	0.0	0.0	0.0	0.0	0.0	0.542165656138493	0.0	2.71313395957154	0.0	0.0	1.8409168625072103	0.0	2.9686130224857967	0.0	0.0	0.0	0.0	0.0	0.0	0.0	0.0	0.0	0.0	0.0	0.0	0.0	2.824869105433449	0.0	0.0	0.0	0.0	0.0	0.0	0.0	0.0	0.0	0.0	0.0	0.0	0.0	0.0	0.0	0.0	0.0	0.0	0.0	0.35070360357636454	0.0	0.0	0.0	0.0	0.0	0.0	0.0	0.0	0.0	0.0	0.0	0.0	0.35070360357636454	0.0	0.0	1.7257380752701323	0.0	0.0	0.0	0.0	0.0	0.0	0.0	0.0	0.0	0.0	0.0	0.35070360357636454	0.0	0.0	0.0	0.6745904844050079	0.0	1.085688626884452	0.0	0.0	0.542165656138493	0.6745904844050079	0.0	0.775930985713513	0.35070360357636454	0.0	0.0	2.0756321674167824	2.0277565484762583	0.0	0.0	0.0	2.923422573943553	0.0	0.0	0.35070360357636454	0.0	0.0	0.0	0.0	0.0	0.0	0.0	0.0	0.0	1.45227298729656	1.085688626884452	0.0	0.0	0.0
SAMPLE-53	0.47407606142044556	2.1321783080016705	0.0	0.0	0.0	0.0	0.0	1.7279031024432574	0.0	0.29874810480950464	0.0	0.0	0.0	1.8343399179727953	2.327884020170376	0.0	3.9941197850118244	0.0	0.0	0.29874810480950464	0.0	0.47407606142044556	0.0	0.0	0.0	0.0	0.29874810480950464	0.0	0.0	0.0	0.0	0.0	0.0	4.1804280222446595	0.0	3.3674170300759694	0.0	0.0	0.0	0.0	0.0	0.0	0.47407606142044556	0.0	2.635916128531004	0.29874810480950464	0.0	1.9039659709195491	0.0	2.482577524329269	0.0	0.0	0.0	0.29874810480950464	0.29874810480950464	0.0	0.0	0.0	0.0	0.0	0.0	0.0	0.0	3.3810323319225426	0.0	0.0	0.0	1.8528205462910117	0.0	0.0	0.0	0.0	0.0	0.0	0.0	0.0	0.0	0.0	0.0	0.0	0.0	0.0	0.0	0.0	1.1418806500204879	0.0	0.0	0.0	0.0	0.0	0.0	0.0	0.29874810480950464	0.0	0.0	0.0	0.0	0.0	0.0	0.47407606142044556	0.0	0.0	0.0	0.0	0.0	0.0	0.0	0.0	0.0	0.0	0.0	0.0	0.0	0.0	0.0	1.8150377926216572	0.29874810480950464	0.47407606142044556	0.0	0.0	1.109721221673209	0.0	0.0	0.29874810480950464	0.0	0.0	0.0	2.755854634819097	2.8049910117130956	0.0	0.0	0.0	1.7436943278674688	1.250952152236206	0.0	0.0	0.0	0.0	0.0	0.899088775195758	0.0	0.0	0.29874810480950464	0.0	0.0	2.3398372530956713	3.178697025396274	0.0	0.0	0.0
SAMPLE-54	0.0	2.899001751513421	0.0	0.0	0.0	0.0	0.0	0.5766114160603222	0.0	0.0	0.3777018455627051	0.0	0.0	1.8066604928981889	3.7284857588387688	0.7125249210960446	3.4246028117822656	0.0	0.0	1.966082516145177	0.0	0.0	0.0	0.0	0.0	0.0	0.0	0.0	0.0	0.0	0.0	0.0	0.0	4.201048197136714	0.0	3.407041231724536	0.0	0.3777018455627051	0.0	0.0	0.0	0.2286790892551596	1.9562074842022206	1.1720692358175555	2.6235771589238763	0.2286790892551596	0.0	1.6292584518996283	0.0	2.661279606765149	0.0	0.0	0.0	0.0	0.0	0.0	0.0	0.0	0.0	0.0	0.0	0.0	0.0	2.236013752372025	0.2286790892551596	0.0	0.0	0.0	0.0	0.2286790892551596	0.2286790892551596	0.0	0.0	0.2286790892551596	0.0	0.0	0.0	0.0	0.0	0.0	0.0	0.0	0.0	0.0	1.972543292339433	0.2286790892551596	0.0	0.0	0.0	0.3777018455627051	0.0	0.0	0.0	0.0	0.0	0.5766114160603222	0.0	0.0	0.0	0.48844619498679914	0.0	0.0	0.0	0.0	0.0	0.0	0.2286790892551596	0.0	0.0	0.2286790892551596	0.0	0.0	0.0	0.48844619498679914	0.0	0.2286790892551596	0.0	0.3777018455627051	0.0	0.0	0.3777018455627051	0.5766114160603222	0.0	0.89932043441362	0.3777018455627051	0.0	0.0	2.921212759873426	1.2107971856658635	0.7125249210960446	0.0	0.0	1.9215682209581755	0.2286790892551596	0.0	0.0	0.0	0.0	0.0	1.2792160648609812	0.0	0.0	0.0	0.0	0.0	3.6574555771627306	0.48844619498679914	0.0	0.0	0.0
SAMPLE-55	0.8389079591103106	0.6931953517069318	0.0	0.0	0.0	0.47231439214551324	0.0	2.045912566610024	0.0	0.0	0.0	0.0	0.0	2.291659319168496	1.951891111427874	0.0	1.763745175456998	0.0	0.0	0.0	0.0	0.0	0.0	0.0	0.0	0.0	0.0	0.0	0.0	0.0	0.6931953517069318	0.47231439214551324	0.0	4.2990877477695815	0.0	2.6873895343398133	0.8389079591103106	0.47231439214551324	0.0	0.0	0.0	0.0	1.5840211199179595	0.0	3.4369732170762464	0.0	0.0	2.8142941316546124	0.0	3.2848077642642695	0.0	0.0	0.0	0.0	0.0	0.0	0.0	0.0	0.0	0.0	0.0	0.0	0.0	2.3819654487203095	0.0	0.0	2.0302629884664127	0.6931953517069318	0.0	0.0	0.47231439214551324	0.0	0.0	0.0	0.0	0.0	0.0	0.47231439214551324	0.0	0.0	0.0	0.0	0.0	0.0	0.0	0.0	0.47231439214551324	0.0	0.0	0.0	0.0	0.0	0.47231439214551324	0.0	0.0	0.47231439214551324	0.0	0.0	0.0	0.47231439214551324	0.0	0.0	0.0	0.0	0.0	0.0	0.0	0.0	0.6931953517069318	0.0	0.0	1.5115044271034983	0.0	0.6931953517069318	0.0	1.717183018817928	0.47231439214551324	1.879355008614522	0.0	0.0	0.6931953517069318	0.6931953517069318	0.0	1.7004827182583833	0.0	0.0	0.0	3.0233761233337653	3.570148427768209	0.947821463225568	0.0	0.8389079591103106	3.4001633645802576	0.6931953517069318	0.0	0.0	0.0	0.0	0.0	0.0	0.0	1.932372654706891	0.0	0.0	0.0	0.6931953517069318	1.354814323299248	0.0	0.0	0.0
SAMPLE-56	1.3488659620376124	3.5587546263603795	0.0	0.0	0.0	0.0	0.0	2.4148201390338895	0.44363881860331267	0.20207057574043633	0.3394385186487118	0.0	0.0	2.079492256018707	3.9910079926998696	0.44363881860331267	1.9649192653643348	0.0	0.0	1.9840196631699387	0.0	0.711577156312102	0.3394385186487118	0.0	0.3394385186487118	0.0	0.20207057574043633	0.0	0.0	0.0	0.5979514606099312	0.0	0.0	3.976232818177467	0.44363881860331267	2.161276942691585	0.6584697844759153	1.1651479076680749	0.0	0.0	0.0	0.0	2.801515400984833	0.3394385186487118	2.6988463246316123	0.0	0.0	3.366248277515246	0.0	2.0529875630335828	0.20207057574043633	0.0	1.502540590051412	0.0	2.1803746285883046	0.0	0.0	0.0	0.0	0.0	0.20207057574043633	0.0	0.0	3.305379149367688	0.0	0.0	1.8649915891864115	1.839690187982002	0.0	0.20207057574043633	0.20207057574043633	0.0	0.0	0.0	0.20207057574043633	0.0	0.0	0.0	0.5979514606099312	0.20207057574043633	0.44363881860331267	0.0	0.3394385186487118	0.20207057574043633	0.0	0.44363881860331267	0.0	0.5979514606099312	0.3394385186487118	0.8015551332313227	0.0	0.0	0.44363881860331267	0.0	0.0	0.0	0.0	0.0	0.0	0.3394385186487118	0.0	0.0	0.20207057574043633	0.0	0.0	0.0	0.0	1.0203397282295876	0.0	0.0	0.0	0.711577156312102	0.0	0.3394385186487118	0.0	2.2002931963556134	0.711577156312102	1.5412127729196357	0.20207057574043633	0.0	1.8206704819076955	2.6375835200629436	1.1471902866269554	1.5628642050910404	0.20207057574043633	0.8015551332313227	0.5276131435230924	3.22023925831419	3.1938879264200293	0.20207057574043633	0.0	1.8245416438291504	2.313854048887135	0.5276131435230924	0.0	0.0	0.0	0.0	0.0	1.108881153891928	0.0	0.20207057574043633	0.0	0.0	0.0	2.5527569673950925	0.6584697844759153	0.0	0.8015551332313227	0.0
SAMPLE-57	0.760240257133599	2.9109160449630895	0.0	0.0	0.0	0.0	0.760240257133599	1.394240056037521	0.6817898143579126	0.0	0.0	0.0	0.0	1.8360561630619578	3.2177286628872146	0.29037227919365377	0.8266642904921477	0.0	0.0	1.0940586774443088	0.0	0.0	0.0	0.0	0.0	0.0	0.29037227919365377	0.0	0.0	0.0	0.0	0.0	0.0	4.365664748115931	0.0	0.6817898143579126	1.0594378462887095	0.0	0.0	0.0	0.0	0.0	1.2583331503688688	0.0	2.7335675850498795	0.0	0.0	3.1301082658169412	0.0	3.075344145304969	0.0	0.0	0.0	0.0	0.0	0.0	0.0	0.0	0.0	0.0	0.0	0.0	0.0	2.7999633335809677	0.0	0.29037227919365377	0.0	0.46285204206562974	0.0	0.46285204206562974	0.0	0.0	0.0	0.0	0.0	0.0	0.0	0.0	0.0	0.0	0.0	0.0	0.0	0.5859737056380595	0.0	0.0	0.0	0.0	0.0	0.29037227919365377	0.0	0.0	0.0	0.0	0.0	0.0	0.0	0.0	0.0	0.6817898143579126	0.0	0.0	0.0	0.0	0.0	0.0	0.0	0.0	0.0	0.29037227919365377	0.0	0.29037227919365377	0.0	0.29037227919365377	0.0	1.3218438062907474	0.0	0.29037227919365377	0.29037227919365377	0.0	0.8266642904921477	0.29037227919365377	0.0	0.29037227919365377	0.0	0.46285204206562974	0.0	2.3532581363880682	0.0	0.29037227919365377	0.0	0.0	2.1184558406711367	0.0	0.0	0.46285204206562974	0.0	0.29037227919365377	0.0	0.6817898143579126	0.0	0.46285204206562974	0.0	0.0	0.0	0.8266642904921477	3.6299901045583014	0.0	0.0	0.0
SAMPLE-58	1.166577350000253	3.0238227412258873	0.0	0.0	0.0	0.0	0.6250696121519858	2.4436026645208395	1.4002323669728989	0.0	0.0	0.0	0.0	1.820577316929975	3.9547825930148104	0.0	1.0590835473294404	0.0	0.0	0.9563654777477666	0.0	0.0	0.0	0.0	0.0	0.0	0.25633528647351145	0.0	0.0	0.0	0.0	0.0	0.0	3.8033928304922076	0.0	1.3715017019328206	1.0590835473294404	0.0	0.0	0.0	0.0	0.0	2.305571822335108	0.0	2.5481825923273744	0.0	0.0	3.5402815390843347	0.0	1.7876784106318742	0.0	0.0	0.0	0.0	1.1897536901678405	0.0	0.0	0.0	0.0	0.0	0.0	0.0	0.25633528647351145	3.9570639337664644	0.0	0.0	0.0	1.0274687899970603	0.0	0.0	0.0	0.0	0.0	0.0	0.25633528647351145	0.41644419988918346	0.0	0.0	0.0	0.0	0.0	0.0	0.0	0.25633528647351145	0.0	0.41644419988918346	0.0	0.0	0.0	0.5331656511801944	0.0	0.0	0.0	0.0	0.0	0.0	0.0	0.0	0.0	0.5331656511801944	0.0	0.0	0.0	0.0	0.0	0.25633528647351145	0.0	0.0	0.0	0.0	0.0	0.0	0.0	0.0	0.0	0.25633528647351145	0.41644419988918346	0.0	0.0	0.0	1.6632010978281937	0.7008811422035077	0.25633528647351145	0.0	0.0	1.1897536901678405	0.25633528647351145	2.337232287394989	0.7654048829698246	0.0	0.0	0.25633528647351145	1.6235069260269652	0.0	0.0	0.0	0.0	0.25633528647351145	0.0	0.7654048829698246	0.0	0.0	0.0	0.0	0.0	2.020232478644442	3.5731400029336333	0.0	0.0	0.0
SAMPLE-59	1.158536989174806	1.5207963846021946	0.0	0.0	0.0	0.0	0.0	1.538001177392167	0.0	0.0	0.5659843875690471	0.0	0.0	1.1971803335003508	1.6289805949318035	0.0	2.780259572608443	0.0	0.0	0.36932324852534654	0.0	0.0	0.0	0.0	0.36932324852534654	0.0	0.0	0.0	0.0	0.0	0.0	0.0	0.0	4.347079690008044	0.0	3.5632554183863414	0.7008538861687299	0.5659843875690471	0.0	0.0	0.0	0.0	0.0	0.0	2.5230483271416224	0.0	0.0	0.7008538861687299	0.0	3.6411417061351634	0.0	0.0	0.0	0.0	0.0	0.0	0.0	0.0	0.0	0.0	0.7008538861687299	0.36932324852534654	0.0	3.226539807938152	0.0	0.0	0.0	0.36932324852534654	0.0	0.0	0.0	0.0	0.0	0.0	0.0	0.0	0.0	0.0	0.0	0.0	0.0	0.0	0.0	0.0	0.0	0.36932324852534654	0.0	0.0	0.0	0.36932324852534654	0.0	0.0	0.36932324852534654	0.0	0.0	0.36932324852534654	0.0	0.0	0.0	0.0	0.0	0.0	0.0	0.0	0.0	0.0	0.0	0.0	0.0	0.0	0.0	0.0	0.0	0.0	0.0	0.8036151537341778	0.0	0.7008538861687299	0.0	0.0	0.5659843875690471	0.36932324852534654	0.0	1.7581872527520181	0.0	1.158536989174806	0.36932324852534654	1.938504898918431	1.9517172108673424	1.2326644063086312	0.0	0.0	2.876058457663837	0.0	0.0	0.5659843875690471	0.0	0.0	0.0	0.0	0.0	2.045039042902669	0.0	0.0	0.0	1.4001996882247247	0.5659843875690471	0.0	0.0	0.0
SAMPLE-6	0.0	2.8860672449241407	0.0	0.0	0.0	0.0	0.55504668435665	0.7255856788371049	0.0	0.0	0.0	0.0	0.0	2.6308565210818364	3.7658764066385557	0.0	3.355267828333977	0.0	0.0	0.8979355967369639	0.0	1.0871288646858333	0.0	0.0	0.0	0.0	0.6486338638205777	0.0	0.2702598787155841	0.0	0.0	0.0	0.0	4.213151826884069	0.0	3.1432505628086873	0.2702598787155841	1.1445127465846243	0.0	0.0	2.1097602444387955	0.2702598787155841	2.642965281341864	0.0	2.9945984848391753	0.0	0.0	2.873207969772243	0.0	2.5626153481044756	0.0	0.0	0.4355901241587467	0.0	0.7255856788371049	0.0	0.0	0.0	0.0	0.0	0.0	0.0	0.0	3.1609452732002015	0.0	0.0	0.0	0.2702598787155841	0.0	0.2702598787155841	0.0	0.0	0.0	0.0	0.0	0.0	0.2702598787155841	0.0	0.0	0.0	0.0	0.0	0.6486338638205777	0.2702598787155841	0.0	0.6486338638205777	0.0	0.0	0.2702598787155841	0.7255856788371049	0.2702598787155841	0.0	0.0	0.0	0.0	0.4355901241587467	0.0	0.0	0.0	0.4355901241587467	0.0	0.0	0.2702598787155841	0.55504668435665	0.0	0.2702598787155841	0.2702598787155841	0.0	2.4766400773215103	0.0	0.0	2.121253343179217	0.0	0.55504668435665	0.0	1.5811263957695383	0.55504668435665	0.55504668435665	0.0	0.0	1.8178305567823536	1.1445127465846243	0.8477214355467352	0.7255856788371049	0.0	0.0	0.0	3.253163570894385	2.354676208560511	0.2702598787155841	0.0	0.0	2.488973265237145	0.9429409357698181	0.0	0.0	0.0	0.0	0.0	1.2405700356473934	0.0	0.7909329815348792	0.9837172538362412	0.2702598787155841	0.2702598787155841	0.9429409357698181	1.8764219385149803	0.0	0.0	0.7909329815348792
SAMPLE-60	0.0	2.774098881909105	0.0	0.2785552780266191	0.0	0.0	0.2785552780266191	1.1034179230366952	0.0	0.0	0.0	0.0	0.0	1.6450129606533679	3.083227485278976	0.0	2.1244145046094594	0.0	0.0	0.6624301189071748	0.0	0.0	0.0	0.0	0.2785552780266191	0.0	0.0	0.0	0.0	0.0	0.0	0.0	0.0	4.3609444835410756	0.0	3.4540755943722266	0.0	0.6624301189071748	0.0	0.0	0.0	0.0	1.8465424970034572	1.0714987254768922	2.2141627219350055	0.0	0.0	0.7400200748073957	0.0	3.1098007607611926	0.0	0.0	0.0	0.0	0.0	0.0	0.0	0.0	0.0	0.0	0.0	0.0	0.0	2.081291953413523	0.0	0.0	0.0	0.5678961618391496	0.0	0.4468888568455689	0.0	0.0	0.0	0.0	0.0	0.0	0.0	0.0	0.0	0.2785552780266191	0.0	0.0	0.0	0.0	0.0	0.0	0.0	0.0	0.0	0.0	0.0	0.0	0.5678961618391496	0.0	0.0	0.2785552780266191	0.0	0.0	0.0	3.35747814510219	0.2785552780266191	0.0	0.0	0.0	0.0	0.0	0.0	0.2785552780266191	0.2785552780266191	0.0	0.0	0.6624301189071748	0.0	0.5678961618391496	0.0	0.0	0.0	0.8058266482316226	0.2785552780266191	0.0	0.2785552780266191	0.4468888568455689	0.0	2.373964679426941	0.0	0.0	0.2785552780266191	2.284465100958617	1.3869882097162818	0.0	0.0	0.0	2.610986874884017	0.4468888568455689	0.0	0.0	0.0	0.0	0.0	0.9996231089739047	0.0	0.0	0.0	0.2785552780266191	0.0	3.1978810863657854	0.9996231089739047	0.2785552780266191	0.0	0.0
SAMPLE-61	0.39875736942391793	3.127166855264409	0.0	0.0	0.0	0.0	0.24362203472275243	2.0476492157610755	0.24362203472275243	0.0	0.0	0.0	0.0	2.127645042264819	3.07379399004806	0.0	0.24362203472275243	0.0	0.0	1.2625497957026062	0.74147689135192	0.39875736942391793	0.0	0.0	0.0	0.0	0.0	0.0	0.0	0.0	0.0	0.0	0.0	4.301570836694292	0.0	3.747547613226242	0.9673561729209159	0.39875736942391793	0.0	0.0	0.0	0.0	0.8462652278686676	0.0	2.384722274591931	0.24362203472275243	0.0	2.5441829467016603	0.24362203472275243	3.4722857082477505	0.6030814521331962	0.0	0.0	0.0	0.9306203951809612	0.0	0.0	0.0	0.0	0.0	0.0	0.0	0.0	3.1005228256796857	0.0	0.0	2.320981387125293	1.747581903832783	0.0	0.39875736942391793	0.0	0.0	0.0	0.0	0.0	0.0	0.0	0.0	0.6030814521331962	0.6777687650321511	0.0	0.0	0.0	0.0	0.0	0.24362203472275243	0.24362203472275243	0.512826333114467	0.0	0.512826333114467	0.0	0.0	0.24362203472275243	0.0	0.0	0.39875736942391793	0.0	0.24362203472275243	0.0	0.24362203472275243	0.0	0.0	0.0	0.0	0.0	0.0	0.0	0.24362203472275243	0.0	0.0	0.0	0.6030814521331962	0.0	0.512826333114467	0.0	1.619376756225049	0.39875736942391793	0.74147689135192	0.0	0.0	1.4599519815994704	0.512826333114467	0.0	0.6777687650321511	0.0	0.6777687650321511	0.39875736942391793	2.2406530591259535	2.120276830503936	0.512826333114467	0.0	0.0	2.3765619062875762	0.0	0.24362203472275243	0.0	0.0	0.24362203472275243	0.0	0.24362203472275243	0.0	1.2443217829833222	0.7970238921563507	0.0	0.0	1.3130489640630936	0.6030814521331962	0.0	0.0	0.0
SAMPLE-7	0.5886078753657159	2.8883275122924013	0.0	0.0	0.0	0.0	0.29210837361035	2.0155638139584813	0.29210837361035	0.0	0.0	0.0	0.0	1.874300192753341	3.6919212366094536	0.0	2.042827526832166	0.0	0.4651845607335889	2.546685854565216	0.0	0.0	0.0	0.0	0.0	0.0	0.29210837361035	0.0	0.0	0.0	0.0	0.0	0.0	4.147571289892324	0.0	3.1731529400090817	0.7631784060283361	0.6846060904859127	0.0	0.0	0.0	0.0	2.7029903725626427	0.29210837361035	2.4276398135454715	0.0	0.0	3.4873967070828895	0.29210837361035	2.2608201143058917	0.0	0.0	0.4651845607335889	0.0	0.5886078753657159	0.0	0.0	0.0	0.0	0.0	0.29210837361035	0.0	0.0	3.376428734145294	0.0	0.0	0.0	1.4297846599792672	0.0	0.0	0.4651845607335889	0.0	0.0	0.0	0.0	0.29210837361035	0.0	0.0	0.0	0.0	0.0	0.0	0.0	0.0	1.2616910928877005	0.0	0.0	0.0	0.0	0.5886078753657159	0.0	0.0	0.0	0.0	0.0	1.8210854487446688	0.0	0.29210837361035	0.0	0.4651845607335889	0.0	0.0	0.0	0.0	0.0	0.0	0.0	0.0	0.0	0.0	0.0	1.6899006342891443	0.0	0.0	0.0	0.8296897219753785	0.29210837361035	2.2698662459074685	0.6846060904859127	0.0	1.3252283185325686	1.0250327243304593	0.0	1.6158660115258978	0.0	0.0	0.0	2.574193468984609	0.8296897219753785	0.0	0.0	0.29210837361035	2.6912755463316924	0.0	0.0	0.0	0.0	0.0	0.0	1.9644325903629125	0.0	0.0	0.0	0.0	0.0	1.6544590110672868	3.652497719022692	0.0	0.0	0.0
SAMPLE-8	0.29648594314745186	2.5223699189306066	0.0	0.0	0.0	0.0	0.0	1.0708138230220199	0.0	0.0	0.0	0.0	0.0	1.7544509998746596	3.8700183127618213	0.29648594314745186	3.844624173085867	0.0	0.946131027634887	2.3693003777945996	0.0	0.5952259580125469	0.0	0.0	0.29648594314745186	0.0	0.29648594314745186	0.0	0.0	0.0	0.0	0.0	0.0	4.04563087880926	0.0	3.5896566794983755	0.8951064192579545	0.4710518907648721	0.0	0.0	0.0	0.29648594314745186	0.0	0.0	2.6372884146136903	0.0	0.0	2.9556047820267364	0.0	2.4517936364959594	0.0	0.0	0.0	0.0	1.2466489899346584	0.0	0.0	0.0	0.0	0.0	0.29648594314745186	0.0	0.0	2.1868223039529897	0.0	0.0	0.0	0.4710518907648721	0.0	0.29648594314745186	0.0	0.0	0.0	0.0	0.0	0.0	0.0	0.0	0.0	0.29648594314745186	0.0	0.0	0.0	0.0	1.3337060037844803	0.29648594314745186	0.0	0.0	0.0	0.5952259580125469	0.0	0.0	0.0	0.0	0.0	1.8235085169044867	0.0	0.0	0.0	0.6916765223130811	0.0	0.0	0.4710518907648721	0.0	0.0	0.0	0.0	0.0	0.0	0.0	0.0	1.9203913818810014	0.0	0.0	0.0	1.2218555425361555	0.6916765223130811	1.6038728387864687	1.4225694369615565	0.0	1.1055168444962884	1.3714596238200916	0.0	0.9917861598063354	0.0	0.0	0.4710518907648721	2.811735783303738	1.292355243940433	0.0	0.0	0.0	2.482255323518462	0.0	0.0	0.0	0.0	0.0	0.0	1.6538223482053165	0.0	0.0	0.0	0.0	0.0	0.8951064192579545	3.0194437447370417	0.0	0.0	0.0
SAMPLE-9	0.0	2.351495745682369	0.0	0.0	0.0	0.0	0.0	1.3040754991495258	0.30263555409333914	0.0	0.0	0.0	0.0	1.9007918696371207	3.4847900858550775	0.0	3.105636386307488	0.0	0.30263555409333914	1.8544185719314805	0.0	0.0	0.0	0.0	0.0	0.0	0.0	0.0	0.0	0.0	0.0	0.0	0.0	4.055167369523555	0.0	3.7383242494803177	0.7015360564157014	0.0	0.0	0.0	0.0	0.0	2.5897842345941773	0.0	2.6138575391174115	0.0	0.0	3.5017903987502854	0.0	3.2212133129963822	0.7015360564157014	0.0	0.0	0.0	0.0	0.0	0.30263555409333914	0.0	0.0	0.0	0.0	0.30263555409333914	0.0	3.1090533747797195	0.0	0.0	1.0028857451545568	1.3040754991495258	0.0	0.0	0.0	0.0	0.0	0.0	0.0	0.0	0.0	0.0	0.0	0.0	0.0	0.0	0.0	0.0	0.47926068296351865	0.6044661085771417	0.0	0.0	0.0	0.9058958309375089	0.0	0.0	0.0	0.0	0.0	0.0	0.0	0.0	0.0	0.47926068296351865	0.0	0.0	0.30263555409333914	0.0	0.0	0.0	0.0	0.0	0.0	0.0	0.0	1.7955453829892862	0.0	0.0	0.0	0.9570927447602646	0.0	1.0443074816535851	0.7808238929718258	0.0	1.0443074816535851	1.2334662364871916	0.0	0.7808238929718258	0.0	0.0	0.30263555409333914	2.9310848431309817	1.8024950606046959	0.30263555409333914	0.0	0.0	2.4874945721117543	0.0	0.0	0.0	0.0	0.0	0.0	1.8952588627470468	0.0	0.0	0.7015360564157014	0.0	0.0	0.6044661085771417	3.630672722545104	0.0	0.0	0.0