SAMPLE_ID	Acidimicrobiia	Acidithiobacillia	Acidobacteriia	Actinobacteria	Alphaproteobacteria	Anaerolineae	Aquificae	Ardenticatenia	Bacilli	Bacteroidia	Betaproteobacteria	Blastocatellia	Caldilineae	Calditrichae	Candidatus Brocadiae	Chitinophagia	Chlamydiia	Chlorobia	Chloroflexia	Chrysiogenetes	Chthonomonadetes	Clostridia	Coprothermobacteria	Coriobacteriia	Cytophagia	Deferribacteres	Dehalococcoidia	Deinococci	Deltaproteobacteria	Dictyoglomia	Elusimicrobia	Endomicrobia	Epsilonproteobacteria	Erysipelotrichia	Fibrobacteria	Fimbriimonadia	Flavobacteriia	Fusobacteriia	Gammaproteobacteria	Gemmatimonadetes	Gloeobacteria	Halobacteria	Hydrogenophilalia	Ignavibacteria	Kiritimatiellae	Ktedonobacteria	Lentisphaeria	Methanobacteria	Methanococci	Methylacidiphilae	Mollicutes	Negativicutes	Nitriliruptoria	Nitrospira	Oligoflexia	Opitutae	Phycisphaerae	Planctomycetia	Rubrobacteria	Saprospiria	Spartobacteria	Sphingobacteriia	Spirochaetia	Synergistia	Tepidiformia	Thermodesulfobacteria	Thermoleophilia	Thermomicrobia	Thermoplasmata	Thermotogae	Tissierellia	Unclassified Actinobacteria Phylum	Unclassified Armatimonadetes Phylum	Unclassified Bacteroidetes Phylum	Unclassified Balneolaeota Phylum	Unclassified Candidatus Bipolaricaulota Phylum	Unclassified Candidatus Cloacimonetes Phylum	Unclassified Candidatus Saccharibacteria Phylum	Unclassified Chloroflexi Phylum	Unclassified Cyanobacteria Phylum	Unclassified Elusimicrobia Phylum	Unclassified Euryarchaeota Phylum	Unclassified Firmicutes Phylum	Unclassified Kiritimatiellaeota Phylum	Unclassified Planctomycetes Phylum	Unclassified Proteobacteria Phylum	Unclassified Tenericutes Phylum	Unclassified Verrucomicrobia Phylum	Unclassified candidate division Zixibacteria Phylum	Verrucomicrobiae	Vicinamibacteria	Zetaproteobacteria
SRR5865065	0.0	0.6507584354138868	0.5570236252580274	1.7786499584964452	1.921804951147212	0.2715304897502102	0.0	0.5570236252580274	3.610777244051656	4.861088485975135	2.8495553206617834	0.0	0.0	0.0	0.0	0.2715304897502102	0.9003281714888506	0.4373258442247206	0.2715304897502102	0.0	0.7278099088549663	4.643928031395676	0.0	2.528968625723421	2.6689468028613357	0.0	0.0	1.5738431047615384	2.7369144466691786	0.0	0.4373258442247206	0.0	1.2431511090244856	2.10661405476073	0.4373258442247206	0.0	2.10067087718057	3.7294275154010608	4.478091394259138	0.0	0.0	0.0	0.0	0.5570236252580274	0.0	0.0	2.912047958238342	2.1593537298662335	0.0	0.0	1.9925094083868098	3.989738305865767	1.8791236124772932	0.4373258442247206	0.5570236252580274	0.2715304897502102	0.0	0.7932290123341159	0.2715304897502102	0.2715304897502102	0.4373258442247206	1.4722561883453105	0.4373258442247206	2.462793276322816	0.2715304897502102	0.5570236252580274	0.0	0.0	0.0	0.945367521713373	0.7932290123341159	0.0	0.2715304897502102	3.5938110150303135	0.0	0.0	0.0	0.4373258442247206	0.0	0.98617175295423	0.2715304897502102	0.0	2.23144121808639	0.2715304897502102	0.7278099088549663	2.109555420290237	1.1731446965445054	0.5570236252580274	0.0	2.936302694665014	0.0	0.0
SRR5865066	0.0	0.0	2.103545942033815	1.6140275945392601	2.7380229746054443	0.8176900707439174	0.6378030338970425	0.0	3.299617699892897	4.6577339227081005	2.940737105988305	0.32518249775766606	0.0	0.5090350512844161	0.0	0.5090350512844161	0.8857153026319124	0.32518249775766606	0.0	0.0	1.1224829559555016	4.912704060909027	2.157276305794964	2.9197113474885343	1.9810121031342176	0.0	0.8176900707439174	1.507890476182476	3.452531861210109	0.0	0.32518249775766606	0.0	1.6992531014578773	2.861877190165024	0.8176900707439174	0.0	2.4324550745682343	2.717182872981068	4.245768995659097	0.0	0.0	0.0	0.0	0.0	0.0	0.0	2.2285825080649397	3.627945552259207	0.0	0.0	1.965572987206277	3.987095172842913	1.8387044171890152	0.6378030338970425	0.32518249775766606	2.059436517474134	0.0	1.817128120248987	0.0	0.0	0.0	1.084353658253568	0.9445143274982742	1.6794628630558104	1.2998213011075122	0.0	0.0	0.0	0.0	1.3458277797383849	1.1575331693210105	0.6378030338970425	0.0	3.2848014879036858	0.0	0.0	0.0	0.32518249775766606	0.0	1.94409475924132	0.0	0.32518249775766606	3.4302904839374255	0.32518249775766606	1.1224829559555016	2.170548636890149	1.0425517357256622	1.960302189676471	0.0	3.185618314251461	0.0	0.0
SRR5865067	0.3092343253189635	0.0	0.7120235527913606	2.28568368980296	1.7149073054180737	0.0	0.3092343253189635	0.0	3.067394878299757	4.955371076793708	1.5209076047649204	0.0	0.0	0.4880262766031208	0.3092343253189635	0.6143090874038337	0.7917402737809899	0.7120235527913606	0.0	0.0	0.0	4.872973127007376	0.4880262766031208	2.330046296177454	2.306209317027465	0.0	0.0	0.9687225265076809	1.8013247209736758	0.0	0.3092343253189635	0.0	1.2706416916319763	1.649353765443257	0.7917402737809899	0.7917402737809899	2.1130388851387596	1.478103979948914	2.804398922556684	0.3092343253189635	0.0	0.0	0.0	0.0	0.0	0.0	0.6143090874038337	0.9687225265076809	0.0	0.0	1.8911050032664933	3.4582599317859626	1.6691143294620328	0.4880262766031208	0.3092343253189635	0.0	0.4880262766031208	1.5209076047649204	0.0	0.6143090874038337	0.0	1.2706416916319763	1.4135578367674004	0.8590691416947951	0.9173474269544977	0.0	0.0	0.0	0.0	1.2941695354834866	0.7120235527913606	0.0	0.0	2.669433593688581	0.0	0.0	0.4880262766031208	0.3092343253189635	0.4880262766031208	1.6593464269059126	0.0	0.0	3.557206756467752	0.6143090874038337	0.8590691416947951	1.828924348898238	1.0146579966580715	0.9687225265076809	0.0	1.6286510497140514	0.3092343253189635	0.0
SRR5865068	0.0	0.0	0.5241557644825723	2.101604408382972	1.9544339004671167	0.8361894449312652	0.33677475749502306	0.0	3.8836733966458117	4.546944594752687	2.6684931952589146	0.33677475749502306	0.0	0.0	0.0	0.33677475749502306	1.513650543290117	0.654631192486989	0.0	0.0	0.8361894449312652	4.994380346761541	0.33677475749502306	2.8160679710608156	2.154608149075165	0.0	1.4977716965624306	2.7247277340098135	3.191592946801472	0.0	0.5241557644825723	1.669236991187326	1.4277236672457438	2.8888751840675346	1.6799997787496144	0.5241557644825723	2.347188682480706	2.809806109651224	4.046486865715592	0.0	0.0	0.0	0.0	0.33677475749502306	0.0	0.0	2.529447667933276	2.873490933769693	0.0	0.0	2.572361214887135	3.620324068106001	2.0548855085363624	0.0	0.0	0.33677475749502306	0.0	1.3204945910612538	0.0	0.0	0.0	1.4277236672457438	1.2103310982835502	1.1777931182406587	0.7548296529139918	0.0	0.0	0.0	0.0	1.3204945910612538	1.0623627734249041	0.9046856751365676	0.0	2.5413122053893358	0.0	0.0	0.33677475749502306	0.0	0.33677475749502306	3.46685821592918	0.33677475749502306	0.0	3.2237576741815346	0.9638360855676876	0.9046856751365676	2.2113269496204055	2.045823554558506	1.104341851441013	0.5241557644825723	3.7660737280955843	0.0	0.0
SRR5865069	0.0	0.0	0.7122048645146047	3.6136239008655	1.7771258088737114	0.7122048645146047	0.22851659329416113	0.4881781241915764	3.1171837633242245	4.32126554117268	2.029161682189071	0.22851659329416113	0.22851659329416113	0.0	0.37747123251997516	0.7669457468590601	0.5763196499372613	1.507321182973793	0.22851659329416113	0.22851659329416113	0.0	5.070157666954964	0.22851659329416113	3.689714073499903	2.1445448847672113	0.8989734631928714	0.5763196499372613	1.0000819782930304	1.7180157642748595	0.0	0.8989734631928714	0.0	2.064260200381088	2.5666642960341903	1.129179016682068	0.0	2.2724678211843217	3.0696737291588194	3.6896526278413164	0.22851659329416113	0.0	0.0	0.0	0.22851659329416113	0.0	0.0	0.37747123251997516	1.2459780457585363	0.0	0.0	2.348844733839281	4.018890762480278	0.968923318859501	0.37747123251997516	0.7669457468590601	0.22851659329416113	0.37747123251997516	1.0000819782930304	0.22851659329416113	0.22851659329416113	0.4881781241915764	0.6495553131183253	0.8989734631928714	0.815552729876288	0.37747123251997516	0.37747123251997516	0.0	0.0	0.0	1.2788398934642373	1.129179016682068	0.8592629914631047	0.0	2.7943644405572283	0.0	0.0	0.815552729876288	0.0	0.7669457468590601	1.0291540159561208	0.0	0.0	2.262724193309907	0.37747123251997516	1.129179016682068	2.0745128924600795	1.2788398934642373	0.8592629914631047	0.22851659329416113	3.866246581730681	0.0	0.0
SRR5865070	0.0	0.7658200423330676	0.6650202158106115	2.8301244519917743	1.8049325812476715	0.3440007377181182	0.0	0.0	3.1542565566135203	4.912606225319898	3.1002825881259404	0.0	0.0	0.0	0.3440007377181182	0.6650202158106115	0.916351332488192	0.5335200191605979	0.0	0.0	0.8475752759030292	4.721345528618374	0.9757101909898357	2.8086568672510164	2.564697505740467	0.3440007377181182	0.5335200191605979	2.0590056994504558	2.0941805654405514	0.0	0.3440007377181182	1.1166105608066907	1.1166105608066907	3.30265600638984	0.7658200423330676	0.0	1.9732047873309495	1.598311878983929	4.325798082400619	0.0	0.0	0.0	0.0	0.0	0.0	0.0	0.8475752759030292	2.7020266695898156	0.0	0.0	2.416177385756721	3.973374778921563	1.7617504682908411	0.3440007377181182	0.8475752759030292	0.5335200191605979	0.3440007377181182	1.3568697625795825	0.0	0.0	0.0	0.5335200191605979	1.222823348729855	0.916351332488192	0.7658200423330676	0.3440007377181182	0.0	0.0	0.0	0.8475752759030292	0.916351332488192	1.5106551860613084	0.3440007377181182	2.694671408283547	0.0	0.0	0.0	0.0	0.0	2.5910409225668585	0.3440007377181182	0.0	2.7020266695898156	0.5335200191605979	2.5923841253979627	2.428085973491167	2.126718730902197	1.222823348729855	0.3440007377181182	1.8732538391908375	0.0	0.0
SRR5865071	0.0	0.0	0.0	4.11102883080559	1.269955263260367	0.4412072161302104	0.0	0.0	4.364164367478543	3.368545759480659	1.4652389351748702	0.0	0.0	0.0	0.0	0.5614404542128162	0.6555025001009644	1.0952502608866894	0.0	0.0	0.0	5.109874118469545	0.0	2.4149710326773834	1.290032406321432	0.6555025001009644	0.0	0.5614404542128162	1.290032406321432	0.0	0.4412072161302104	0.0	1.7653823946140181	2.0209899933586657	0.0	0.0	1.8699275374099866	1.8699275374099866	3.7677805803762974	0.0	0.0	0.0	0.0	0.0	0.0	0.0	0.6555025001009644	0.9916458383393434	0.0	0.0	1.9625474197178774	2.925014933302283	0.4412072161302104	0.0	0.0	0.5614404542128162	0.0	0.27437671232935334	0.4412072161302104	0.0	0.0	0.0	0.7327746725976103	0.0	0.4412072161302104	0.0	0.0	0.0	0.0	0.85531520527543	0.9916458383393434	0.27437671232935334	0.0	2.285662137429974	0.0	0.0	0.0	0.27437671232935334	0.0	0.85531520527543	0.27437671232935334	0.0	1.6274123596433272	0.27437671232935334	0.27437671232935334	1.7970343074001216	0.9507799134116971	0.4412072161302104	0.0	1.9625474197178774	0.0	0.0
SRR5865072	0.0	0.3730210423852186	0.0	3.567615491631268	1.7542282521941377	0.0	0.570681286299501	0.3730210423852186	3.4904679483787553	4.246324226681729	2.256713474996414	0.0	0.0	0.3730210423852186	0.0	0.0	1.9312378277377225	0.3730210423852186	0.0	0.0	0.8922595491366326	5.010215766595071	0.0	3.314637807489781	2.0243445632252444	0.3730210423852186	1.4504315985735536	1.0221869567557347	3.071614427616883	0.0	0.7060156730929015	0.3730210423852186	1.6868215751233837	3.231587308591598	0.8090456921879847	0.0	1.7645115490170034	1.8475123403569118	3.253226477398056	0.3730210423852186	0.0	0.0	0.0	0.3730210423852186	0.0	0.0	0.8090456921879847	1.2715559436031505	0.0	0.0	1.7745569776571362	4.5916967772679635	1.4063811978575806	0.3730210423852186	0.0	0.570681286299501	0.0	1.4063811978575806	0.0	0.0	0.0	0.570681286299501	0.570681286299501	0.570681286299501	0.7060156730929015	0.0	0.0	0.0	0.0	1.4504315985735536	1.0749897160582533	0.7060156730929015	0.0	2.3736153596165206	0.0	0.0	0.0	0.3730210423852186	0.3730210423852186	1.5442518378305015	0.0	0.0	3.0625002049015375	0.7060156730929015	1.3020774761246678	2.1237781075103705	1.0221869567557347	0.570681286299501	0.570681286299501	1.5608078701803783	0.0	0.0
SRR5865073	0.0	0.0	0.0	2.16451301267268	1.32441569542644	0.7249742947940149	0.0	0.3867087929072859	2.8101271973366124	4.975273343833857	3.350247929649382	0.0	0.0	0.3867087929072859	0.5879749948525048	0.7249742947940149	0.5879749948525048	0.0	0.0	0.0	0.0	4.766425422758126	0.0	1.4515923886911453	1.940370058133778	0.0	0.3867087929072859	0.3867087929072859	1.2938109319362254	0.0	0.8289630862637766	0.0	0.9128002195833346	3.0070548104691355	0.7249742947940149	0.3867087929072859	1.6582163642735583	2.3146534546415847	3.3466129343499813	0.3867087929072859	0.0	0.0	0.0	0.0	0.0	0.0	0.0	0.3867087929072859	0.0	0.0	2.0901699261990188	4.16331849053427	0.5879749948525048	0.0	0.0	0.0	0.0	0.5879749948525048	0.0	0.0	0.0	0.9830423463053948	0.5879749948525048	0.3867087929072859	0.0	0.0	0.0	0.0	0.0	1.2608848304569058	0.8289630862637766	0.0	0.0	2.626582562729065	0.0	0.0	0.0	0.0	0.0	0.5879749948525048	0.0	0.0	2.30856637862772	0.0	0.9128002195833346	2.0850722928143073	0.7249742947940149	0.9128002195833346	0.0	0.8289630862637766	0.0	0.0
SRR5865074	0.0	0.0	1.226088903623534	2.2208064185574092	2.3524824196985197	0.6197231338880713	0.0	0.355339405716096	3.588125601197959	4.7032907336602285	2.6519344335523747	0.0	0.0	0.355339405716096	0.0	0.2130413447109651	1.3009479636140506	0.6811728784100435	0.2130413447109651	0.0	0.9652815171991065	4.726695992763683	0.5481227009982567	2.166245660618868	2.0309187354905487	0.2130413447109651	1.0933422995493303	2.0126111423293467	2.3831307592413804	0.0	0.6197231338880713	0.0	1.2725333207559455	2.830758969838402	0.7828780180008903	0.2130413447109651	2.406397394952228	4.1244798258559685	4.620916042754389	0.0	0.0	0.0	0.0	0.355339405716096	0.0	0.2130413447109651	0.901201136121864	2.7555854310471064	0.0	0.0	2.4416090980125684	3.586560979086765	1.5140211146380875	0.0	0.6811728784100435	0.355339405716096	0.0	1.6048614742704066	0.0	0.2130413447109651	0.0	1.618312516901621	1.4098501336172993	1.8372928791159688	1.192114823513374	0.0	0.0	0.0	0.0	1.1552557265263592	1.0465466188222752	1.6799486393751646	0.2130413447109651	2.8035302045635806	0.0	0.0	0.0	0.0	0.4623414257296284	2.2141396867860785	0.0	0.0	3.2726292049425774	0.4623414257296284	1.13558257091621	2.460109942389021	3.1745645836266685	1.1740761922224687	0.355339405716096	2.5661549078034915	0.2130413447109651	0.2130413447109651
SRR5865075	0.0	0.0	0.5778082239355651	1.9315099301615983	1.708332430689238	0.2850135445748754	0.0	0.0	3.8924118799213856	4.687646015818276	2.677537181528147	0.2850135445748754	0.0	0.2850135445748754	0.4556319805147774	0.8746612504833604	1.658241191086758	0.0	0.0	0.0	0.6730522669936507	4.831716924999904	1.115896797912695	2.8424601977636144	1.8251568694475038	0.4556319805147774	1.0118177683058946	1.6016099508903807	3.06533185946819	0.0	2.9865024644103886	0.0	1.115896797912695	3.4473719000671403	0.0	0.0	2.6376720233699706	2.5176775790987067	3.5311999050958796	0.0	0.0	0.5778082239355651	0.0	0.0	0.0	0.0	2.5988767087606157	2.680069133852498	0.0	0.0	1.684008597260324	3.4479467290894137	1.3113148027646044	0.4556319805147774	0.0	0.4556319805147774	0.0	1.6016099508903807	0.0	0.0	0.4556319805147774	1.0493512111307075	0.970731027135938	2.137844470857048	0.8746612504833604	0.0	0.0	0.0	0.0	0.7511193053797005	1.0838973311428504	0.4556319805147774	0.0	2.846494395892619	0.0	0.0	0.0	0.0	0.0	2.053991379114552	0.2850135445748754	0.0	2.899867101635777	0.5778082239355651	1.0493512111307075	1.9676926445310787	3.840213518876923	1.115896797912695	0.0	4.438895940671232	0.0	0.0
SRR5865076	0.0	0.0	0.4214184994992004	2.8853570309579677	1.8231801814381479	1.095939982012497	0.0	0.8782627638931038	3.4355968843801845	4.923633804194905	3.7377206063354205	0.0	0.0	0.0	0.0	0.7720736170746181	1.095939982012497	1.3152664432057	0.0	0.0	0.0	4.728822183670989	0.0	2.2128490211059666	2.2171872224071563	0.0	0.0	0.0	1.6056600250588131	0.0	0.7720736170746181	0.0	1.3792007457008355	3.7636234294860853	0.8782627638931038	0.0	2.0814831688292488	2.063412606555992	3.0782310327820293	0.0	0.0	0.0	0.0	0.4214184994992004	0.0	0.0	0.0	0.6312150060782964	0.0	0.0	2.2341192465545925	4.263631874281489	2.1812040230071466	0.0	0.4214184994992004	0.6312150060782964	0.4214184994992004	1.095939982012497	0.0	0.6312150060782964	0.0	1.2402678791283124	0.9635217546784147	0.6312150060782964	0.4214184994992004	0.0	0.0	0.0	0.0	1.1972766299113142	0.0	0.0	0.0	3.1498561355610404	0.0	0.0	0.0	0.0	0.0	1.2402678791283124	0.0	0.0	2.5922342762909762	0.0	0.6312150060782964	2.346837593980186	0.0	1.0347582989135693	0.0	2.147070703105718	0.0	0.0
SRR5865077	0.0	0.926004214604227	0.4946883613584874	3.291602777085351	1.5816896986842561	0.3142714928074988	0.0	0.0	3.726703332373043	4.2373703932899085	2.7126753435278133	0.0	0.0	2.090330815591743	0.0	0.4946883613584874	0.926004214604227	0.621773852976152	0.0	0.0	0.9775108818349165	4.973142113556142	1.1704066619357247	3.368107349179257	2.5256981215863528	0.0	0.8675565138672193	1.6275176390398596	2.491387302649527	0.0	0.3142714928074988	1.733164546679163	1.405246019129961	3.177749554426044	0.8675565138672193	0.0	1.8250295946326662	1.4723438811366238	4.446326600370961	0.0	0.0	0.3142714928074988	0.0	0.7199668438183063	0.0	0.0	1.715770160510496	3.3788411340695883	0.0	0.0	1.950068900392421	4.187696983589009	1.6382569674912397	0.621773852976152	0.3142714928074988	1.733164546679163	0.0	1.5816896986842561	0.0	0.0	0.0	1.0235514804425543	0.8675565138672193	1.8517878665104595	0.9775108818349165	0.0	0.0	0.0	0.0	1.44008947858322	1.3471029472063536	0.0	0.0	2.8184420263153123	0.0	0.0	0.8000013076211151	0.3142714928074988	0.8675565138672193	2.8389655787126795	0.0	0.0	2.93293333665577	0.3142714928074988	0.3142714928074988	2.7834429378568157	3.2983834991282994	1.9395961087854872	0.3142714928074988	1.3471029472063536	0.0	0.4946883613584874
SRR5865078	0.0	0.0	0.7509977130159936	1.744113561382733	1.72557600500869	0.0	0.0	0.0	3.3916511515639955	4.973066427650569	3.069237537393986	0.0	0.0	0.0	0.7509977130159936	0.33427008604425157	1.1000556430779036	0.33427008604425157	0.0	0.0	0.5208990825575339	4.320517645173769	0.0	3.0670862029468484	3.9244457145088663	0.0	0.0	0.6510123304558593	3.155734619342062	0.0	0.33427008604425157	0.0	1.3834874465459648	3.119059270329378	0.5208990825575339	0.33427008604425157	3.492390509799949	2.1166665509332008	3.891928496396629	0.0	0.0	0.0	0.0	0.0	0.0	0.0	2.6494218064964032	0.0	0.0	0.0	1.630703639673211	4.465238273551466	1.5091398802048241	0.0	0.0	0.5208990825575339	0.0	1.4596650616883435	0.0	0.0	0.0	0.9006139953709854	0.5208990825575339	1.761892141006252	0.7509977130159936	0.0	0.0	0.0	0.0	0.5208990825575339	0.8322171730072295	1.2059652651644757	0.33427008604425157	3.090593115700095	0.0	0.0	0.0	0.33427008604425157	0.0	1.3397208975080015	0.0	0.0	3.261909823294203	0.6510123304558593	0.9596902985412272	1.8693635334409284	0.8322171730072295	0.6510123304558593	0.0	1.362155267215572	0.0	0.0
SRR5865079	0.0	0.0	0.744054264137452	2.2710678543530305	2.0679899367140924	0.0	0.0	0.0	3.5722678049038397	5.0764006911410755	2.7167276510597653	0.0	0.0	0.24497564358234988	0.0	0.24497564358234988	0.4006502275184973	0.0	0.24497564358234988	0.0	0.0	4.341177299554561	0.24497564358234988	2.5857057705111797	1.9489393910254014	0.0	0.0	0.6802561851288655	3.1134073184650783	0.0	2.837329220268321	0.24497564358234988	1.142484120386473	2.253068624032109	0.4006502275184973	0.0	2.0679899367140924	1.7327776345612942	3.00871710134406	0.0	0.0	0.0	0.0	0.0	0.0	0.0	0.6054451304281478	2.8050458327994092	0.0	0.24497564358234988	1.5261644410754405	3.267726928122992	0.8932303691629548	0.24497564358234988	0.4006502275184973	0.0	1.2083472997723368	1.142484120386473	0.0	0.0	0.5150090394775657	1.5813058291031676	0.6054451304281478	0.9333987128991645	0.6054451304281478	0.0	0.0	0.0	0.0	1.004059012113719	0.6054451304281478	0.0	0.0	2.8276490020066527	0.24497564358234988	0.0	0.0	0.0	0.0	1.4151107288301406	0.5150090394775657	0.0	2.983823674888588	0.4006502275184973	0.6802561851288655	1.9338738458314277	1.004059012113719	0.4006502275184973	0.0	4.324492679982795	0.0	0.0
SRR5865080	0.0	0.31299622100979546	1.0629100090317727	2.815966185470009	2.339470875021031	0.4930040581258687	0.31299622100979546	0.31299622100979546	3.8176774556003146	4.629099202629536	4.0955652270549185	0.31299622100979546	0.0	0.31299622100979546	0.0	0.7179608364053561	2.2615248075611287	0.7179608364053561	0.0	0.0	0.9752930719919749	4.659024401247862	0.4930040581258687	3.2217039991237613	2.0319863715272413	0.0	0.0	0.8654141054359727	2.9509547616501295	0.0	1.0629100090317727	0.0	1.6665416264418367	2.3698610072347646	0.31299622100979546	0.31299622100979546	1.982400342333461	2.8338085059293885	4.166218344613281	0.0	0.0	0.0	0.0	0.4930040581258687	0.0	0.0	1.9209476567020514	0.7179608364053561	0.0	0.0	1.849343228370238	3.9779480196815267	1.5670225061296936	0.7179608364053561	0.923819359889388	0.0	1.3234909775103914	1.0629100090317727	0.0	0.0	0.4930040581258687	1.6565452442346786	0.619887917645322	1.0629100090317727	0.4930040581258687	0.0	0.0	0.0	0.0	1.0213073433567608	1.7713890186371035	0.0	0.0	3.4940142752065424	0.0	0.0	0.0	0.0	0.31299622100979546	1.420631350935486	0.0	0.0	2.507836048639692	0.31299622100979546	1.100873476164534	2.829755628378932	0.31299622100979546	1.3011539413229907	0.619887917645322	4.535707972099431	0.31299622100979546	0.31299622100979546
SRR5865081	0.0	0.47550373313814726	0.0	4.084038263684471	2.026977990212097	1.276453211199244	0.0	0.0	3.712655592867178	4.143792715571307	2.001916938332417	0.0	0.0	0.0	0.0	0.6970282542482139	1.111702099371081	1.4890116992494598	0.0	0.0	0.0	5.081929655227732	0.0	3.5304538862194716	2.2356316329112795	0.47550373313814726	1.6697211236448746	1.7379784191706877	2.796225970051729	0.0	0.6970282542482139	1.6878172310478123	1.6104147042810608	3.102401769571919	1.276453211199244	0.9520844724596152	2.101394349359808	1.7684647396420232	3.4745487306559353	0.47550373313814726	0.0	0.0	0.0	0.47550373313814726	0.0	0.0	0.9520844724596152	4.000385474030008	0.0	0.0	2.134309795912939	3.2423446004204606	1.0391854770408575	0.0	0.0	0.6970282542482139	0.0	1.6878172310478123	0.47550373313814726	0.0	0.0	0.8430172607189106	0.6970282542482139	0.9520844724596152	0.6970282542482139	1.5886985002518579	0.0	0.0	0.0	1.1738250382234878	1.3594051607364224	1.276453211199244	0.0	2.552672685073155	0.0	0.0	0.6970282542482139	0.47550373313814726	0.9520844724596152	1.7051893782762877	0.8430172607189106	0.0	3.089943121222847	0.47550373313814726	1.3594051607364224	2.1989838935600137	1.1738250382234878	0.6970282542482139	0.0	1.7829412097890167	0.0	0.0
SRR5865082	0.0	0.0	0.0	2.3460271740898193	1.7541468464801153	0.39922293794511776	0.0	0.39922293794511776	3.766461353806085	4.843838036557321	3.17873233650553	0.0	0.0	0.2439548132938169	0.39922293794511776	0.39922293794511776	1.206122897664465	0.39922293794511776	0.39922293794511776	0.0	0.9680474221007248	4.689865635357219	1.0333463133422558	3.1750293814883146	2.1135501798438403	0.0	0.0	0.8469296380805478	2.998207619070969	0.0	0.2439548132938169	0.0	1.3444619271018867	3.1841211378637717	0.6036630616298856	0.0	1.48279104610195	2.618606475418168	4.290200694529425	0.0	0.0	0.2439548132938169	0.0	0.2439548132938169	0.0	0.0	0.6036630616298856	2.2561886964226643	0.0	0.0	1.7243181812626371	4.348728571715336	1.8330139612636518	0.2439548132938169	0.5133633280423906	0.2439548132938169	0.0	1.1159155230964783	0.0	0.2439548132938169	0.0	1.226023691425503	0.39922293794511776	1.1402838129531727	0.6783808883575194	0.0	0.0	0.0	0.0	0.9680474221007248	1.1633571356214252	1.5139539056089704	0.0	2.9206880749455326	0.0	0.0	0.0	0.2439548132938169	0.39922293794511776	1.449218036983753	0.2439548132938169	0.0	2.890593677998011	0.7976750590480626	0.6036630616298856	1.9786928434768785	1.297595309215377	0.7976750590480626	0.0	1.4718858918994484	0.0	0.0
SRR5865083	0.0	0.5176641518526655	0.0	1.8194379365156903	1.8486262196311967	0.24662569695719172	0.0	0.0	3.4855887851385488	4.796974485999627	2.9284389523813665	0.0	0.0	0.0	0.24662569695719172	0.0	1.0075001293065184	0.0	0.0	0.0	0.24662569695719172	4.739742895933502	0.24662569695719172	2.966282710776898	1.7602280096277503	0.0	0.4029544587954294	1.0683057206121038	3.0673134322041204	0.24662569695719172	0.4029544587954294	1.0683057206121038	1.509809465277886	3.095656464980825	0.4029544587954294	0.0	2.5808846747980625	4.135591740711026	4.324851110431606	0.24662569695719172	0.0	0.0	0.0	0.24662569695719172	0.0	0.0	2.6302606646304922	0.24662569695719172	0.0	0.0	1.53956185026825	3.7946141052366187	1.4666764659545615	0.0	0.4029544587954294	0.0	0.0	1.6416021776710898	0.0	0.0	0.0	2.327912516949456	0.6083190593848103	1.231847756618005	0.5176641518526655	0.0	0.0	0.0	0.0	1.0683057206121038	1.0683057206121038	0.7471863159898106	0.0	3.456874341094987	0.0	0.0	0.0	0.0	0.0	1.977885937462716	0.24662569695719172	0.0	2.788809198224712	0.5176641518526655	1.9180474031141306	1.8293869307195345	0.4029544587954294	0.5176641518526655	0.0	3.6098130787019387	0.0	0.24662569695719172
SRR5865084	0.0	0.0	0.0	3.0399087231388875	1.362708018100394	0.6698120926967421	0.28303695753937885	0.0	2.619419006663739	5.0269862653325355	3.8474132010125746	0.0	0.0	0.0	0.4529609773621157	0.6698120926967421	1.0456027247479325	0.8710954252771355	0.0	0.0	0.0	4.707248001300821	0.0	2.681811160331352	1.7273250747836402	0.0	0.0	0.9670557559448989	1.3073991659074717	0.0	0.4529609773621157	0.0	1.008102586538527	2.1621359566813743	0.7477348922206412	0.0	1.8329859761480018	2.8733738546082086	2.983634011140874	0.0	0.0	0.0	0.0	0.0	0.0	0.0	0.0	0.7477348922206412	0.0	0.0	1.8827761954581081	3.777089766184608	0.5747829384496632	0.28303695753937885	0.28303695753937885	0.28303695753937885	0.28303695753937885	0.0	0.0	0.0	0.0	0.4529609773621157	0.4529609773621157	0.0	0.0	0.0	0.0	0.0	0.0	1.2206347921597278	0.28303695753937885	0.0	0.0	2.3613295631617737	0.0	0.0	0.0	0.0	0.0	1.008102586538527	0.0	0.0	1.6361494864889754	0.28303695753937885	0.8137805536297	2.2421915964205628	0.8137805536297	0.4529609773621157	0.0	1.7420263158426588	0.0	0.0
SRR5865085	0.0	0.0	1.6834215375997184	1.8129449149532664	2.58720821970489	0.7459928657634992	0.0	0.0	4.077370532768315	4.330844757942469	2.463213671330573	0.0	0.0	0.4020759269329441	0.4020759269329441	0.8509945079022507	1.2105651618784259	0.6072237640122883	0.0	0.0	0.8509945079022507	5.084321087397057	1.249519784026525	1.4980131979047762	2.4788731800929806	0.0	1.0669760938520432	1.2852661180057416	3.0055597962644987	0.0	1.167769057906784	1.5921550939773044	1.5748889068181142	2.54404091245205	1.167769057906784	0.0	2.386148527600175	2.962311132526525	3.7400674808778582	0.4020759269329441	0.0	0.0	0.0	0.0	0.0	0.0	2.7303142604291692	3.3170302033400656	0.0	0.0	2.3492631674527105	3.58756662534607	2.1002381785651263	0.4020759269329441	0.0	0.0	0.0	1.5381498348760416	0.0	0.0	0.4020759269329441	1.5748889068181142	1.6834215375997184	1.7587992450160794	1.4980131979047762	0.0	0.0	0.0	0.0	1.167769057906784	1.2105651618784259	0.0	0.4020759269329441	3.1731488944567916	0.0	0.0	0.0	0.0	0.0	1.9044122624252746	0.0	0.4020759269329441	3.307680859620293	0.0	1.476462332062102	2.2385558726540022	0.6072237640122883	1.476462332062102	0.0	1.7920895358819942	0.4020759269329441	0.0
SRR5865086	0.0	0.43174609294516914	0.9782668139763685	1.7699740797763281	2.192891787242045	0.6439218512578058	0.0	1.2558458721387102	3.578695742097019	4.563223436893306	2.5223968960795515	0.0	0.0	0.0	0.43174609294516914	0.0	0.8926238914341366	0.43174609294516914	0.0	0.43174609294516914	0.0	4.869261491553272	0.0	2.4367674958315013	2.615924256539414	0.43174609294516914	0.43174609294516914	1.3641927882756768	3.0575113901358564	0.0	1.1649183735884336	0.0	1.5849224969311526	2.6519806610367587	1.1649183735884336	0.8926238914341366	2.2463629819999014	2.1583617382878	4.392231886498472	0.0	0.0	0.0	0.0	0.43174609294516914	0.0	0.0	2.1319003838039783	3.289704958230116	0.0	0.0	2.40884466653719	3.70125875642134	2.353558291224341	0.43174609294516914	0.8926238914341366	0.43174609294516914	0.43174609294516914	1.757232554773839	0.0	0.6439218512578058	0.0	1.1111497518112725	0.7858374442648007	1.6557320841595324	0.6439218512578058	0.43174609294516914	0.0	0.0	0.0	1.6390823817721483	1.6872308575834631	0.0	0.0	2.723239844525992	0.0	0.0	0.43174609294516914	0.9782668139763685	0.6439218512578058	3.584700567484984	0.43174609294516914	0.0	2.7329192747876845	0.43174609294516914	1.5230330864471056	2.4313247086297407	4.256426890924681	0.8926238914341366	0.0	3.2194309430914765	0.0	0.0
SRR5865087	0.0	0.7286007492848745	0.0	3.3830523099406205	2.24432032469561	0.0	0.0	0.0	2.893303037541786	4.795126021728627	2.8749010849494265	0.0	0.0	0.2532076980072485	0.0	0.5281949159097985	1.0371586680243932	0.5281949159097985	0.1448017871381939	0.0	0.2532076980072485	4.831518852636346	0.2532076980072485	3.5413163830031613	2.303714282320377	0.0	0.0	1.1600139149872377	3.3836921255879706	0.1448017871381939	0.3398872271298727	0.2532076980072485	1.4332618087116324	2.451418917944685	0.7595752669692287	0.0	1.6675378247525743	3.659437732115975	2.9994082434989853	0.0	0.0	0.0	0.0	0.7595752669692287	0.1448017871381939	0.0	1.4332618087116324	2.6204579838801374	0.0	0.0	1.7131005425456154	4.391480531929341	1.2361587073696862	0.2532076980072485	0.1448017871381939	1.3259729353685803	0.1448017871381939	1.554178267185295	0.1448017871381939	0.2532076980072485	0.0	0.7286007492848745	0.8652046398350046	1.4812147990340379	0.5281949159097985	0.0	0.0	0.0	0.0	0.8880351032457168	0.7884869454554319	0.7884869454554319	0.0	2.5260659428690726	0.0	0.0	0.4740203510289874	0.2532076980072485	0.6197035875119015	1.3647563177521271	0.576354990325448	0.0	3.0524777764964077	0.2532076980072485	0.6952462541372176	1.924814339307773	0.5281949159097985	0.7884869454554319	0.1448017871381939	3.2596410982772133	0.0	0.0
SRR5865088	0.0	0.5750155268361151	0.22779086748654612	2.4961004858355245	1.1493088873605855	0.5750155268361151	0.0	0.0	3.8737417521154294	4.890902052813075	3.4542961488025106	0.0	0.0	0.4869800923609732	0.22779086748654612	0.3764408459182499	1.2771576041904447	0.6481780100689727	0.0	0.0	0.22779086748654612	4.526931343078462	0.22779086748654612	2.935680673060067	2.3031784692747377	0.3764408459182499	0.0	0.7107740347939159	2.216011755936037	0.0	0.22779086748654612	0.0	1.292697493315508	2.911029690005153	0.7654740638524924	0.0	1.8318303024946394	2.432398720405917	4.402231251873726	0.22779086748654612	0.0	0.22779086748654612	0.0	0.22779086748654612	0.22779086748654612	0.0	0.5750155268361151	0.3764408459182499	0.0	0.0	1.989217454670502	4.368448111151305	1.486486663604643	0.0	0.4869800923609732	0.3764408459182499	0.22779086748654612	0.6481780100689727	0.0	0.0	0.0	0.6481780100689727	1.2610409670771088	0.3764408459182499	0.22779086748654612	0.0	0.0	0.0	0.0	0.22779086748654612	1.2610409670771088	0.3764408459182499	0.0	3.1603059506046893	0.0	0.0	0.0	0.22779086748654612	0.0	0.8140488424367643	0.22779086748654612	0.0	1.9983320452944535	0.22779086748654612	0.7107740347939159	2.28491852734758	0.7654740638524924	0.5750155268361151	0.0	1.2268942334316357	0.0	0.22779086748654612
SRR5865089	0.0	0.0	0.8435172996461233	2.6775870067517764	2.053167391784961	0.9277916057706191	0.0	0.0	3.3108622880408736	4.14980097551678	2.435912552402221	0.0	0.0	0.0	0.39683409483133686	0.6006771584401852	1.3961691922379296	0.7388539259178032	0.0	0.0	1.0590138080959473	5.05978111933748	0.39683409483133686	2.303515763859534	2.416463589920058	0.39683409483133686	0.39683409483133686	2.1458447245367087	3.064482754833277	0.0	0.6006771584401852	1.9643169606425026	1.2023907524703432	2.981557901507305	1.4680399212309256	0.39683409483133686	2.2803336745072134	1.6465567950092885	4.485123888355289	0.39683409483133686	0.0	0.0	0.0	0.6006771584401852	0.0	0.0	0.8435172996461233	2.51995245216973	0.0	0.0	2.3692309715513975	3.4937001708024877	2.1121128153200983	0.39683409483133686	0.8435172996461233	0.6006771584401852	0.0	1.5100954823676997	0.0	0.39683409483133686	0.0	1.6748877701031037	0.9277916057706191	1.6748877701031037	0.6006771584401852	0.39683409483133686	0.0	0.0	0.0	1.2023907524703432	1.1122407778785486	0.0	0.0	3.4275044034279487	0.0	0.0	0.39683409483133686	0.0	0.39683409483133686	2.8650355687485307	0.0	0.0	3.0191394470257094	0.0	1.0590138080959473	2.3692309715513975	2.9366770976115633	1.0590138080959473	0.39683409483133686	1.421470872502445	0.0	0.0
SRR5865090	0.0	0.0	1.3947773316401864	1.7683871545950258	3.13029680193849	0.3528788926760506	0.0	0.6776828608061071	3.5854138904418225	5.039971152819767	3.0259423519916657	0.0	0.0	0.3528788926760506	0.0	0.9305244113820961	1.2052944678339557	0.0	0.0	0.0	0.3528788926760506	4.556313816148032	1.0425316265030677	1.0892866365148666	2.1226388936291336	0.8614181103507139	0.0	1.0425316265030677	2.9254011943138782	0.0	0.5449631781567996	0.0	1.4161779064280537	2.134782382097765	0.6776828608061071	0.5449631781567996	2.0703548542578	2.959576226166612	3.743466803254642	0.0	0.0	0.0	0.0	0.0	0.0	0.0	2.0213947614005563	3.2401757957803006	0.0	0.0	2.5557383421952524	4.021344388985824	2.1542961529132167	0.0	0.6776828608061071	0.3528788926760506	0.3528788926760506	0.3528788926760506	0.0	0.3528788926760506	0.0	1.2967564317031683	1.7295830720821461	0.9305244113820961	0.3528788926760506	0.0	0.0	0.0	0.0	1.0892866365148666	0.8614181103507139	0.3528788926760506	0.3528788926760506	2.9907012074121324	0.0	0.0	0.3528788926760506	0.0	0.3528788926760506	1.6397131718233602	0.3528788926760506	0.0	2.6707993043335816	0.3528788926760506	1.4161779064280537	2.2310550853879687	0.3528788926760506	0.8614181103507139	0.3528788926760506	2.8247250223611475	0.0	0.6776828608061071
SRR5865091	0.0	0.0	0.4441842874334398	1.7064190960458865	2.6171756900606047	0.4441842874334398	0.0	0.6591349184353242	3.0967035980970348	4.962205184031066	3.6379496139575633	0.0	0.0	0.6591349184353242	0.0	1.0676420344331092	1.1292467174364418	0.0	0.4441842874334398	0.0	0.0	4.65623281130686	0.6591349184353242	0.6591349184353242	2.093006878687618	0.4441842874334398	0.0	0.8022727437352682	2.578122479081254	0.0	0.4441842874334398	0.0	1.6040061190972608	1.8897408258892598	0.6591349184353242	0.0	2.21706829934528	2.7789907688813	3.8863790227943222	0.0	0.0	0.0	0.0	0.0	0.0	0.0	0.9958310336153527	0.6591349184353242	0.0	0.0	2.290295873262177	4.260791940837741	1.1292467174364418	0.0	0.0	0.4441842874334398	0.6591349184353242	0.8022727437352682	0.0	0.6591349184353242	0.0	1.6748906994879447	0.8022727437352682	1.2311645977179353	0.0	0.0	0.0	0.0	0.0	1.2743641027773025	1.1292467174364418	0.0	0.0	2.9250961913111424	0.0	0.0	0.0	0.4441842874334398	0.0	0.9097470456984831	0.0	0.0	2.458975759962613	0.0	0.8022727437352682	2.401583045193044	0.6591349184353242	0.8022727437352682	0.0	3.4695831627480427	0.0	0.0
SRR5865092	0.0	0.0	0.5871246084356537	2.644185915823683	2.127791996106845	0.3860330753365652	0.29113035965017997	0.1695166381607992	3.6213494203243815	4.916976096732764	3.3246660068996365	0.0	0.0	0.29113035965017997	0.1695166381607992	0.29113035965017997	1.435533332576507	0.529855638688463	0.0	0.1695166381607992	0.0	4.645471490323881	0.29113035965017997	1.9533156703989116	2.299174160047503	0.0	0.1695166381607992	0.959845877187165	2.3053770781808933	0.0	0.4638709503069916	0.0	1.6431730340214128	1.198694346211115	1.0954871595581521	0.1695166381607992	2.202808997981298	2.6200010022706395	4.385726639003493	0.1695166381607992	0.0	0.0	0.0	0.3860330753365652	0.0	0.0	0.3860330753365652	0.6377139819920867	0.0	0.0	2.425647465132999	3.8326661002120317	1.9779988488843714	0.3860330753365652	1.0608559639384547	0.4638709503069916	0.8279864759449723	1.7761776762239558	0.0	0.6377139819920867	0.29113035965017997	1.369971779375722	1.6793495908050091	1.657094753417235	0.7240437262862514	0.0	0.0	0.0	0.1695166381607992	1.4278593266561106	0.7240437262862514	0.1695166381607992	0.1695166381607992	2.7389173978778	0.0	0.0	0.0	0.5871246084356537	0.0	1.9147065436810495	0.3860330753365652	0.0	3.55516309071812	0.7240437262862514	1.078516662291063	2.447647738141493	0.6377139819920867	1.2116228854399949	0.1695166381607992	3.6005791698452465	0.0	0.0
SRR5865093	0.0	0.09201333552377539	0.5834056238382638	2.0292109914324197	2.022451220661612	0.2886832005059327	0.09201333552377539	0.0	3.432002929360764	4.962636202789401	2.992524882621489	0.0	0.0	0.09201333552377539	0.5263203867839293	0.9198908195685372	0.6338516163781662	0.42355676611440984	0.0	0.0	0.0	4.649191175632995	0.38308116698369965	1.313588570629208	1.9859205180476456	0.0	0.09201333552377539	0.8675620796077561	2.3597631864907957	0.0	0.49469273930496943	0.0	1.3824955435694155	2.143175523115963	0.8237121290736816	0.2886832005059327	1.783219473149945	3.3726782278041827	3.1157859277724786	0.09201333552377539	0.0	0.0	0.0	0.2886832005059327	0.0	0.0	0.2886832005059327	0.23247671789804733	0.0	0.0	1.8575230674269114	4.036022663384326	2.2578149577798405	0.42355676611440984	0.167899186131149	0.09201333552377539	0.7918083960037295	1.9483472459513747	0.0	0.0	0.6093606604997285	1.0739135638527626	1.2194544653120718	1.0471724773330302	0.966586995879559	0.0	0.0	0.0	0.0	1.1454821999617892	0.9198908195685372	0.0	0.0	2.6382307379581436	0.0	0.0	0.0	0.09201333552377539	0.09201333552377539	2.062404890762784	0.167899186131149	0.0	3.6718742900282066	0.73907545522422	0.894514118520257	1.8062349213921467	0.3384419357790872	0.7749323095215859	0.0	4.1452158929898	0.0	0.0
SRR5865094	0.0	0.0	0.3950077369385992	2.1428132060340475	2.3315842566700766	0.0	0.0	0.5983915477266342	3.171051578515597	5.0116233598231235	3.7257639122131767	0.0	0.0	0.3950077369385992	0.0	0.5983915477266342	0.925099880773702	0.0	0.3950077369385992	0.0	0.0	4.436569328183672	0.0	0.8409029943040658	2.1334403448380246	0.0	0.0	1.1568094102658948	2.423254997276144	0.0	0.8409029943040658	0.0	1.5071367241764346	2.5149446988043493	0.5983915477266342	0.3950077369385992	2.1140650339488314	3.8526762113225677	3.1140313221455656	0.0	0.0	0.0	0.0	0.3950077369385992	0.0	0.0	0.0	1.2741146050390022	0.0	0.0	2.1040432832510927	4.42508025449941	1.981924337201851	0.7363592093475742	0.0	0.0	0.0	1.0562277920270517	0.0	0.0	0.0	1.7111998856055244	0.0	0.3950077369385992	0.0	0.0	0.0	0.0	0.0	0.7363592093475742	0.7363592093475742	2.1381520603595656	0.0	2.8935589660592105	0.0	0.0	0.0	0.0	0.0	1.1568094102658948	0.0	0.0	2.488575687601443	0.7363592093475742	0.5983915477266342	2.354958815701675	0.5983915477266342	0.8409029943040658	0.0	2.0989443292618213	0.3950077369385992	0.0
SRR5865095	0.0	0.0	0.0	1.3798579194195462	1.64745709021795	0.35730456369644886	0.0	0.0	2.805736454860712	5.1334108962153095	2.130503641998158	0.0	0.0	0.5506425041133454	0.0	0.5506425041133454	0.6839543633709726	0.0	0.0	0.0	0.0	4.379082892392728	0.0	0.6839543633709726	2.9188551678639976	0.0	0.0	0.868260361511148	1.1773525935025604	0.0	0.6839543633709726	0.0	1.64745709021795	1.2127287165498333	0.35730456369644886	0.0	2.5590734341358967	3.7093158353456355	2.619015422900847	0.0	0.0	0.0	0.0	0.5506425041133454	0.0	0.0	2.501907818013343	2.078212027336663	0.0	0.0	1.985660000429925	3.257083417354393	1.3309633087028618	0.6839543633709726	0.5506425041133454	0.0	0.0	1.1773525935025604	0.0	0.7858118420218014	0.0	2.0494984115596853	0.0	0.35730456369644886	0.0	0.0	0.0	0.0	0.0	1.0497430400182832	0.7858118420218014	0.0	0.0	3.6075270475660965	0.0	0.0	0.35730456369644886	0.0	0.0	1.7373606498271246	0.0	0.0	2.849426474310131	0.7858118420218014	0.5506425041133454	1.5498700523393656	1.5002453075658764	1.3042837188379843	0.0	2.0079984909360604	0.0	0.0
SRR5865096	0.0	0.4757040843165059	1.9374162723167836	2.374458424389886	2.7358637316894265	0.6972688440722934	0.2999675516392873	0.2999675516392873	3.510023699183833	4.92875536967153	2.989100758371351	0.0	0.0	0.2999675516392873	0.2999675516392873	0.9012290007856083	1.1119798826280365	0.6972688440722934	0.0	0.0	0.0	4.729380729617792	1.3596930592223244	1.4129278740981956	2.3032344337503323	0.0	0.2999675516392873	0.9012290007856083	2.9492124108209388	0.0	0.6004653490253283	0.0	1.878714159834977	2.0547960653895405	1.039459031347637	0.0	2.09825997752853	3.161035346196485	4.099379171407153	0.0	0.0	0.0	0.0	0.6972688440722934	0.0	0.0	2.0432146984395305	2.7079940288738347	0.0	0.0	2.482179338238882	3.9492588398585218	1.906383854318197	0.6004653490253283	0.7763790636290294	0.4757040843165059	0.6004653490253283	0.9980857254061224	0.0	0.6004653490253283	0.0	1.6968851629497075	1.8430010127218839	1.340392117954767	0.0	0.0	0.0	0.2999675516392873	0.0	0.9012290007856083	0.4757040843165059	0.0	0.0	3.3905703231518665	0.0	0.0	0.2999675516392873	0.0	0.0	1.3781726021132423	0.2999675516392873	0.0	2.4324492512668203	0.2999675516392873	1.2021257632189635	2.472095927219077	1.0772314422291829	1.0772314422291829	0.0	3.4511915974481657	0.0	0.4757040843165059
SRR5865097	0.0	0.5306089466176338	0.7624078519434391	2.9399816282093814	1.9402925866194862	0.0	0.34175058403142705	0.9720262143848419	3.634351578988032	4.8083415735972155	2.7741610696099515	0.0	0.0	0.0	0.912731429426927	0.8440414204094282	1.3753958600848282	1.0707536593374125	0.0	0.0	0.912731429426927	4.683607030233392	0.0	2.0594756038866837	2.284330733426342	0.0	0.0	0.8440414204094282	3.3743580103654103	0.0	0.5306089466176338	0.0	1.8170116849525464	2.947670176787032	1.1511423150680489	0.0	2.3494081423988926	2.9529143879760116	4.489767165048129	0.0	0.0	0.0	0.0	0.0	0.0	0.0	1.580862711278738	3.5099285713226953	0.0	0.0	2.3180872500805707	4.05921565589134	1.5225504599782707	0.34175058403142705	0.6617931941616307	0.34175058403142705	0.0	1.5066612424255608	0.0	0.34175058403142705	0.0	1.952057113097794	1.2775856085421053	1.7485253121353075	0.6617931941616307	0.34175058403142705	0.0	0.0	0.0	1.0707536593374125	1.0241893600594192	1.2775856085421053	0.0	3.435089179181171	0.0	0.0	0.34175058403142705	0.0	0.0	3.3162041179369544	0.34175058403142705	0.0	2.632843919857362	0.34175058403142705	1.2492563902671665	2.53101529568519	1.0241893600594192	1.3753958600848282	0.34175058403142705	1.9691271227092026	0.0	0.0
SRR5865098	0.0	0.0	0.3566062829786946	2.7957323740025024	2.0227950308713507	0.3566062829786946	0.0	0.5497475094787255	3.4448453740265657	4.778725444179732	2.8806589096239903	0.0	0.0	0.0	0.0	0.3566062829786946	1.303099628136093	0.9364240103644291	0.5497475094787255	0.0	0.9364240103644291	4.718119781767091	0.3566062829786946	1.916318604384541	3.257369153163258	0.3566062829786946	0.3566062829786946	1.095424709014577	2.475511945791673	0.0	0.3566062829786946	0.0	1.607070002868624	2.456608968951633	0.3566062829786946	0.3566062829786946	2.1609276428998934	3.106481557848663	4.379085918641536	0.3566062829786946	0.0	0.0	0.0	0.3566062829786946	0.0	0.0	2.2973677286471523	1.6585480086090039	0.0	0.0	2.2247083368760574	4.319440397175721	2.0227950308713507	0.3566062829786946	0.8671833171943182	0.0	0.3566062829786946	0.996128468583466	0.0	0.3566062829786946	0.0	1.6205227567920137	0.8671833171943182	1.607070002868624	0.0	0.5497475094787255	0.0	0.0	0.0	1.176189520384127	0.8671833171943182	0.0	0.0	3.609282337561027	0.0	0.0	0.5497475094787255	0.0	0.0	1.137681872799239	0.0	0.0	2.4075730276649168	0.0	1.0486082912563435	2.3056515357982774	1.5162165883167407	0.5497475094787255	0.0	3.648261157765658	0.0	0.3566062829786946
SRR5865099	0.0	0.0	0.8588961052790841	3.130988034974098	2.0651329793337547	0.6141570826907546	0.0	0.0	3.4063660683065664	4.502301438633237	3.344019932899481	0.0	0.0	0.0	0.6141570826907546	0.8588961052790841	1.014476593811576	1.2191894205659446	0.40764448841758955	0.0	0.9436162537938942	5.018258351303784	0.0	2.181785733694454	2.431802931132821	0.0	1.258192112585655	1.4853430797281286	3.038262844506373	0.0	3.2635290616687604	1.0753807326101756	1.506908643040571	2.750426402705424	1.0753807326101756	0.40764448841758955	4.030595731151135	1.8320563001800128	3.6508818646755814	0.0	0.0	0.0	0.0	0.6141570826907546	0.0	0.0	1.860928518839545	2.3952954148992065	0.0	0.0	2.114573826172845	3.8077438191126767	2.4836101133547546	0.0	0.7535429893410626	0.40764448841758955	0.0	1.7317558283293832	0.0	0.0	0.0	2.104063112285427	1.3577613260253454	1.0753807326101756	0.0	0.40764448841758955	0.0	0.0	0.0	1.0753807326101756	1.6337238265201925	0.6141570826907546	0.40764448841758955	3.281218880034022	0.0	0.40764448841758955	0.6141570826907546	0.0	0.0	2.463157449414863	0.6141570826907546	0.0	3.400760959422192	0.6141570826907546	0.9436162537938942	2.5010153321490045	0.8588961052790841	1.258192112585655	0.0	2.9605204763429724	0.0	0.0
SRR5865100	0.0	0.0	2.9340940176351644	2.3366689958356384	3.4926016936099624	0.6137803709545203	0.0	0.6137803709545203	2.624046312593202	4.845687451302672	3.258587238111352	0.0	0.0	0.0	0.7531330391249053	1.128324099885572	1.677983397564742	0.6137803709545203	0.4073414798541513	0.0	0.0	4.770650838297285	0.0	1.841404567398605	2.262216036797622	0.6137803709545203	0.0	1.385974975950894	2.9487742285311764	0.0	0.7531330391249053	0.0	1.677983397564742	2.1857163650347298	0.7531330391249053	0.0	2.176820514937641	2.6976712251549686	4.209376970331039	0.6137803709545203	0.0	0.0	0.0	0.0	0.0	0.0	0.8584672347545269	3.108441593580833	0.0	0.0	2.2154907583662258	4.070552437446075	0.9431751689150192	0.0	0.4073414798541513	0.0	0.7531330391249053	1.2187216936988972	0.0	0.0	0.0	1.8315658382998627	1.438226713047952	1.4621698050766452	0.0	0.0	0.0	0.0	0.0	1.293506432774175	0.9431751689150192	1.175870674592821	0.0	3.2743064723955273	0.0	0.0	0.0	0.0	0.0	2.119241291631358	0.6137803709545203	0.0	2.5172535153398927	0.0	0.7531330391249053	2.478651448189414	0.8584672347545269	1.293506432774175	0.4073414798541513	3.7180715881761577	0.0	0.0
SRR5865101	0.0	0.0	1.256047130498296	2.1829757005720403	2.708436024439499	0.2891940905842875	0.0	0.2891940905842875	3.669640587796854	4.61876821585134	2.8562708549130016	0.0	0.0	0.0	0.7582416528962101	0.8246059659446536	1.3749226197502664	0.679874563841718	0.0	0.2891940905842875	1.4952577149518667	5.00079022130682	1.2326379748007108	2.835168995210087	2.731152201966877	0.0	1.123883829829658	1.6754598721572858	2.9681331834593547	0.0	0.7582416528962101	2.5062690568581742	1.5082007336852896	3.1677428287869542	1.0572295534953	0.0	2.3415909124303735	3.1053824817821414	3.8989843273353504	0.4612672647758036	0.0	0.2891940905842875	0.0	0.4612672647758036	0.0	0.0	2.609522410056308	3.184721846822766	0.0	0.0	2.1909908695429237	3.623189423605858	1.620009769498576	0.5841829316964079	1.123883829829658	1.2782587688822946	0.2891940905842875	1.5676935103286338	0.0	0.0	0.2891940905842875	1.3572348895037767	0.8246059659446536	1.5329840574031472	1.0918341770769957	0.2891940905842875	0.0	0.2891940905842875	0.0	1.2782587688822946	1.256047130498296	1.3749226197502664	0.2891940905842875	2.69204736583782	0.0	0.0	0.0	0.0	0.4612672647758036	2.714029006157267	0.4612672647758036	0.0	3.689659852739313	0.4612672647758036	2.6214746658371166	2.4444278298963686	2.708436024439499	1.0196270349032464	0.0	1.732304172601916	0.0	0.2891940905842875
SRR5865102	0.0	0.0	0.0	2.0917415887772073	1.794213387553145	0.0	0.0	0.0	4.151912994635926	5.034726553296379	3.710717152225539	0.0	0.0	0.0	0.0	0.5378725279768677	0.669840762472044	0.5378725279768677	0.0	0.0	0.3473714413991323	4.564286356850661	0.0	1.1222854405725073	2.0741592950412095	0.0	0.0	0.981206165611772	2.3688265380512985	0.0	0.5378725279768677	0.0	0.9217527057116274	2.2399371276512974	1.1222854405725073	0.0	1.9736640642798895	1.195970100780991	2.919963517781219	0.3473714413991323	0.0	0.0	0.0	0.0	0.0	0.0	0.669840762472044	0.7709145003185607	0.0	0.0	2.036703444236945	3.47556843704286	2.6295611164576247	0.5378725279768677	0.3473714413991323	0.3473714413991323	0.0	0.9217527057116274	0.0	0.0	0.0	1.1222854405725073	1.0334920296971466	0.3473714413991323	0.0	0.0	0.0	0.0	0.0	0.7709145003185607	0.981206165611772	0.0	0.3473714413991323	3.687528378625627	0.0	0.0	0.0	0.0	0.0	1.6542501140814203	0.0	0.0	2.4944383386118814	0.5378725279768677	1.0801540689108282	2.302568137107608	0.5378725279768677	0.8528495497788348	0.3473714413991323	1.5478478144750643	0.0	0.0
SRR5865103	0.0	0.5020707315604633	0.9871998209869386	2.157212334768617	1.9229375079582995	0.3198751846932236	0.0	0.0	2.682248743209333	4.380411988545846	2.8635763176165554	0.809120403250436	0.0	0.809120403250436	0.0	0.9871998209869386	1.2106325702853964	0.6300297358012036	0.0	0.0	0.6300297358012036	4.750438388850648	1.5543469673990093	1.450516901457533	2.2541759864467794	0.0	0.0	1.1804999087307548	3.681730843615298	0.0	0.876920375610866	1.976018904753678	1.7174100197710973	1.6041509339945772	1.0750707128358887	0.0	2.407823805761514	3.403314269646091	3.466322631978872	0.0	0.0	0.0	0.0	0.3198751846932236	0.0	0.0	2.5845809926185885	3.053905847639294	0.0	0.0	2.1265238894431397	4.048558096905636	2.1193993904753503	0.6300297358012036	0.5020707315604633	0.5020707315604633	0.9871998209869386	1.0333538534203652	0.0	0.0	0.6300297358012036	1.9340855192704247	0.876920375610866	0.7287418785077115	0.3198751846932236	0.3198751846932236	0.0	0.0	0.3198751846932236	1.336163820473294	2.1827817652513315	0.5020707315604633	0.0	4.546390225210735	0.0	0.0	0.6300297358012036	0.876920375610866	0.0	1.4156410204459502	0.0	0.0	2.6506622567880527	0.6300297358012036	1.1481196375918779	2.7116928619035146	0.7287418785077115	1.3970932940961307	0.0	4.516221481680186	0.0	0.0
SRR5865104	0.0	0.0	1.1406118947754227	3.437279083871297	2.3822792206322276	0.5226411244422839	0.5226411244422839	0.5226411244422839	3.492118331568455	4.6663360176926885	2.636984202431894	0.0	0.0	0.5226411244422839	0.3356093282038462	0.6529484825947054	1.2934085277928848	1.3645387117957004	0.5226411244422839	0.0	0.0	4.828233406942098	0.9619089900189458	1.821397443570179	2.259335869861624	0.3356093282038462	0.0	0.902792940624382	2.8269225551443222	0.0	0.6529484825947054	0.0	1.555972436702788	1.0139338072226596	1.1023496558807848	0.5226411244422839	2.781655652376006	1.7729649735142707	4.37536070073376	0.6529484825947054	0.0	0.0	0.0	0.3356093282038462	0.0	0.0	0.6529484825947054	0.3356093282038462	0.0	0.0	2.338118553388376	4.078044838949474	1.9796674297602552	0.5226411244422839	0.6529484825947054	0.0	1.3645387117957004	0.902792940624382	0.3356093282038462	0.6529484825947054	0.0	0.753048099232063	2.0913302094813546	1.6778824096571343	0.0	0.0	0.0	0.0	0.0	1.3420986201620444	1.2385621844093646	0.0	0.0	2.6663351826725057	0.0	0.0	0.0	0.0	0.3356093282038462	1.0603878743166284	0.902792940624382	0.0	2.5166373695499864	1.0139338072226596	1.425641970090437	2.5041324273473093	1.2083019933171932	1.1757744023711831	0.0	4.1948080387984	0.0	0.0
SRR5865105	0.0	1.156703318423829	0.7362660976067129	2.259833002980481	1.6434610654963162	0.3949396251688686	0.0	0.0	2.838227793550425	4.995950898169867	3.091554257312377	0.0	0.0	0.3949396251688686	0.0	0.3949396251688686	1.156703318423829	0.9249993923085504	0.5983062618856584	0.0	0.0	4.369892073070664	1.3662701133957045	1.4649806549902664	3.0641049336675175	0.0	0.3949396251688686	1.199422729394149	2.7929554538607624	0.0	0.3949396251688686	0.7362660976067129	1.156703318423829	2.387705145433648	0.9249993923085504	0.0	2.7824564810690893	1.811306041578538	4.424554545590803	0.3949396251688686	0.3949396251688686	0.0	0.0	0.5983062618856584	0.0	0.0	2.0988311967660813	1.4649806549902664	0.0	0.0	2.400695377403278	4.24905251649035	1.6434610654963162	0.0	0.9249993923085504	0.9954916155611274	0.0	1.156703318423829	0.0	0.0	0.0	0.3949396251688686	1.7354421216769185	0.3949396251688686	0.3949396251688686	0.0	0.0	0.0	0.0	1.1093187506206457	0.8408054051312656	2.1285637575442466	0.5983062618856584	2.8959071836490624	0.5983062618856584	0.0	0.0	0.0	0.5983062618856584	2.249080319702075	0.0	0.0	3.097768376480341	0.7362660976067129	1.0561237717267598	2.473571026342847	0.7362660976067129	0.9954916155611274	0.0	1.5266149465814964	0.0	0.0
SRR5865106	0.0	0.0	0.0	3.220328429616589	1.6610507598703388	0.0	0.0	0.0	3.5481913010018737	4.902397090324494	3.459634486590688	0.0	0.0	0.0	0.0	0.5157360987500473	1.0364489403811585	0.7449122677106399	0.0	0.0	0.0	4.5398688991568505	0.2454271041145985	3.163761991057332	2.177974027386145	0.0	0.2454271041145985	0.6062322531018506	2.402167180516277	0.0	0.8005502676206794	0.0	1.2665145196527543	2.739342888587709	0.6062322531018506	0.0	4.0479125568897345	2.148529250593207	3.9415517307572987	0.2454271041145985	0.0	0.0	0.0	0.0	0.0	0.0	0.849863080535971	0.7449122677106399	0.0	0.0	1.7688869872574273	4.423494555733636	1.8947846421488004	0.2454271041145985	0.2454271041145985	0.4012810185603759	0.0	1.4285917234172487	0.0	0.0	0.0	1.7744680796035914	0.8005502676206794	1.18846196058674	0.6062322531018506	0.0	0.0	0.0	0.0	0.7449122677106399	0.8005502676206794	0.2454271041145985	0.2454271041145985	2.982814552698393	0.0	0.0	0.0	0.2454271041145985	0.2454271041145985	1.6537901311846055	0.0	0.0	3.1680400871601195	0.0	0.7449122677106399	2.0488664870260394	0.7449122677106399	1.1434553016663558	0.4012810185603759	2.7259097096567024	0.0	0.0
SRR5865107	0.0	0.0	0.0	3.1598929577325636	1.4495893036136402	0.2250325214491996	0.0	0.0	3.4219388424744115	4.894355949041668	3.2647096439768446	0.2250325214491996	0.0	0.0	0.0	0.3725179181692731	0.7598572435231977	0.5700428572935294	0.2250325214491996	0.0	0.2250325214491996	4.641892426691892	0.0	3.022569027216301	2.1692299900973753	0.3725179181692731	0.3725179181692731	0.5700428572935294	2.489332829098119	0.0	2.2218283961622096	0.0	1.5082706529962706	2.605225728465299	0.2250325214491996	0.4824146479705392	4.155849368968826	2.3764792815451172	3.891973713036501	0.0	0.0	0.0	0.0	0.0	0.0	0.0	1.0741899834553772	1.6412020801905025	0.0	0.0	1.6412020801905025	4.287301212845194	1.5348831455190883	0.0	0.0	0.3725179181692731	0.0	1.4495893036136402	0.0	0.0	0.0	1.7931173099639177	0.6429241628185185	1.1212556091685835	0.7598572435231977	0.0	0.0	0.0	0.0	0.8518920561977773	0.8083080805196129	0.2250325214491996	0.2250325214491996	3.0054401999000193	0.0	0.0	0.0	0.0	0.0	1.7038231348127861	0.2250325214491996	0.0	3.1559987831457246	0.0	0.0	1.8631238253284412	1.2023916995649977	0.2250325214491996	0.0	2.284336387940965	0.0	0.0
SRR5865108	0.0	0.2836100675640101	0.2836100675640101	1.735911888869192	2.168783688523349	0.5756608703414008	0.2836100675640101	0.2836100675640101	3.1149077332101283	5.022626825462138	3.670217622159382	0.2836100675640101	0.0	0.4537358727252086	0.0	0.6707525501100148	1.0466911714617404	0.0	0.0	0.0	0.2836100675640101	4.512994541700571	0.0	1.0812172956734556	1.964802603106912	0.0	0.0	1.1131996066113847	2.3795479937756903	0.0	0.5756608703414008	0.0	1.1970558695084712	0.6707525501100148	1.0091813332320803	0.2836100675640101	2.1077134844313026	4.139308118521079	3.4867570406784005	0.4537358727252086	0.0	0.0	0.0	0.0	0.0	0.0	0.2836100675640101	0.4537358727252086	0.0	0.0	2.3109520132958994	4.017052396010723	0.9681228793163885	0.5756608703414008	0.4537358727252086	0.0	0.6707525501100148	1.3461849867964635	0.0	0.0	0.0	1.2217589142855971	0.7487173306664606	0.8147931255075355	0.0	0.2836100675640101	0.0	0.0	0.0	1.0812172956734556	0.7487173306664606	0.2836100675640101	0.0	2.7519530468569156	0.0	0.0	0.0	0.2836100675640101	0.0	1.7574212118567363	0.2836100675640101	0.0	2.7024871931700756	0.4537358727252086	0.6707525501100148	2.3109520132958994	1.1708624971244872	1.142987364234686	0.0	3.1856077076974807	0.0	0.0
SRR5865109	0.0	0.0	0.3814493325353955	1.7360805458974677	2.0331048725114442	0.0	0.3814493325353955	0.0	2.976076725707125	5.05431230664492	3.5291305371477395	0.0	0.0	0.0	0.0	0.9750230681583485	1.1355036425596472	0.3814493325353955	0.3814493325353955	0.0	0.0	4.31576387363917	0.0	1.901914148274641	2.1010930843938924	0.0	0.3814493325353955	0.9750230681583485	2.4331543911186913	0.0	0.0	0.3814493325353955	2.0551800106522466	2.375391223840547	0.9750230681583485	0.3814493325353955	2.009847285743682	4.180774847315083	3.2218606712327356	0.0	0.0	0.0	0.0	0.0	0.0	0.0	0.717716684990431	0.5813469150343035	0.0	0.0	2.0605278207003543	4.241589822749164	1.0883067111576155	0.3814493325353955	0.5813469150343035	0.0	0.0	0.8213436302377136	0.0	0.0	0.5813469150343035	0.717716684990431	0.5813469150343035	0.5813469150343035	0.0	0.0	0.0	0.0	0.0	0.9750230681583485	0.3814493325353955	2.2578633343015424	0.0	2.7553931225992083	0.0	0.0	0.0	0.0	0.0	0.8213436302377136	0.0	0.0	2.264559816985656	0.8213436302377136	0.8213436302377136	2.219064658148402	0.717716684990431	0.8213436302377136	0.0	1.7130422523197337	0.0	0.0
SRR5865110	0.0	0.6836993272048426	0.0	2.1746327678070343	1.5768197377542634	0.0	0.0	0.0	2.7023443344781195	5.050672787262674	3.696649591370486	0.0	0.0	0.0	0.0	0.5180329103061667	1.2513918632010808	0.0	0.0	0.0	0.0	4.267018680234779	0.6836993272048426	2.811443878987311	1.8630384114134353	0.0	0.4032746318024848	0.6087180940941527	2.39754186440028	0.0	0.24685516850055023	0.0	1.2513918632010808	2.9774452347981013	0.4032746318024848	0.0	2.5197079300744267	1.2513918632010808	4.3011438384756495	0.0	0.0	0.0	0.0	0.0	0.0	0.0	0.8033302762699644	0.8033302762699644	0.0	0.0	1.8675714939779082	4.144900750176001	0.9372414646339894	0.24685516850055023	0.7476210432028828	0.0	0.5180329103061667	1.4556998502226564	0.0	0.0	0.0	0.6087180940941527	0.9740480744914733	0.4032746318024848	0.7476210432028828	0.0	0.0	0.0	0.0	0.4032746318024848	0.6087180940941527	0.0	0.4032746318024848	2.251842937024507	0.0	0.0	0.0	0.0	0.24685516850055023	1.4671878401630372	0.0	0.0	3.2376991118378986	0.24685516850055023	0.6836993272048426	2.204698797529169	0.4032746318024848	0.4032746318024848	0.24685516850055023	1.2696372904966915	0.0	0.0
SRR5865111	0.0	0.3256713431126511	0.3256713431126511	2.1514053704312155	1.7953357711755615	0.5096751887890241	0.0	0.5096751887890241	2.9569241877724544	4.818943043639766	3.071580242827154	0.0	0.0	0.5096751887890241	0.0	0.0	1.3467130615494898	0.8184761842425874	0.0	0.0	0.3256713431126511	4.848641324618264	0.0	2.5663356488261013	2.0809624500928043	0.0	0.5096751887890241	0.8184761842425874	2.5818526443740355	0.0	0.5096751887890241	1.7546382718306286	1.0852044422587466	2.3552316299456937	0.3256713431126511	0.0	1.8253531471474487	3.573508845112588	4.316534850371323	0.0	0.0	0.0	0.0	0.6385168062498086	0.0	0.0	2.0967717468053233	1.866814744025171	0.0	0.0	1.8396180400593223	3.960653981554536	1.8180410592487901	0.3256713431126511	0.0	0.0	0.0	1.123340150695795	0.0	0.5096751887890241	0.0	0.7377518224017509	0.8865218521699815	0.8184761842425874	0.3256713431126511	0.0	0.0	0.0	0.0	0.9971271808455228	0.8865218521699815	0.5096751887890241	0.0	2.526374943554755	0.0	0.0	0.5096751887890241	0.0	0.3256713431126511	1.9919257121086298	0.3256713431126511	0.0	2.4594030026635534	0.6385168062498086	0.9971271808455228	2.235185100946533	0.3256713431126511	0.7377518224017509	0.3256713431126511	2.130369276150108	0.0	0.0
SRR5865112	0.0	0.0	0.457186657205264	2.1794525237774818	2.007458005346844	0.674936284860738	0.0	0.2861654849493644	3.2012321072162444	4.892033891063408	3.4196962363811867	0.0	0.0	0.0	0.2861654849493644	0.457186657205264	0.927454388586782	0.2861654849493644	0.0	0.0	0.0	4.644164986702128	1.0860911773140682	2.7780038304862136	2.733226143804918	0.2861654849493644	0.0	1.2934529937553454	3.0139200541822233	0.0	0.927454388586782	0.674936284860738	1.4022668886982927	2.558656605872654	0.8192956405276448	0.0	3.17034079918457	4.095422884760666	3.8585452435958096	0.0	0.0	0.0	0.0	0.579567980110662	0.0	0.0	1.8995315410496534	1.733712039389092	0.0	0.0	1.8214435865871954	4.332472937789976	2.0771988312305334	0.7530866764654659	0.927454388586782	0.2861654849493644	0.0	1.1758181267307062	0.0	0.0	0.0	1.6139083735931532	0.579567980110662	0.2861654849493644	0.0	0.0	0.0	0.0	0.0	1.5387919112541693	0.7530866764654659	0.2861654849493644	0.0	3.2411377743016283	0.0	0.0	0.2861654849493644	0.0	0.0	1.2501438001053065	0.0	0.0	2.5344955647634695	0.579567980110662	2.2104734236633754	2.103513377692735	2.6171976662826317	1.013976120191525	0.0	1.5021436774151555	0.0	0.0
SRR5865113	0.0	0.0	0.8006248248557641	2.3334859490902873	1.7680368576690897	0.4429319962381506	0.0	0.0	3.3027435539709855	4.843808291935666	3.1024179511654544	0.0	0.0	0.0	0.4429319962381506	0.7349769264087478	1.1813600816789995	0.0	0.0	0.0	0.5634014360506846	4.747914972572412	1.0658528004209618	2.8714790522132856	3.117362859901488	0.2756436734382314	0.4429319962381506	1.6209307553414987	3.344743633389209	0.0	0.4429319962381506	1.0977346746303487	1.592366055386614	2.8688835395095302	0.5634014360506846	0.0	3.505774476811181	2.191006631783412	4.223793716597072	0.0	0.0	0.0	0.0	0.4429319962381506	0.0	0.0	2.237970610527237	2.154822082722036	0.0	0.0	1.823453215293886	4.183510586314814	1.6890238431810942	0.5634014360506846	0.2756436734382314	0.4429319962381506	0.0	1.4678473688852278	0.0	0.0	0.0	1.2060031741728563	0.8576400477186431	1.0977346746303487	0.5634014360506846	0.0	0.0	0.0	0.0	0.9940719688661818	0.9080313742722061	1.0314437048768155	0.0	3.4044915654082666	0.0	0.0	0.6576076262876019	0.0	0.0	1.1274352925099553	0.0	0.0	2.7309311224255746	0.4429319962381506	2.6370734025449964	2.2127708670633917	3.0080192317341923	1.0977346746303487	0.4429319962381506	1.592366055386614	0.0	0.0
SRR5865114	0.0	0.0	0.3046712291540119	2.3273640650084904	1.484133647628331	0.3046712291540119	0.3046712291540119	0.7047814135170128	3.080964472754346	4.7741925900479405	3.373858810016936	0.0	0.0	0.7842031221500103	0.0	0.0	1.7705561679021131	0.4819694799368766	0.0	0.0	0.0	4.8330999574008215	0.0	3.3230092062166663	2.1075656538213328	1.047990568155416	0.0	0.4819694799368766	2.569525351594584	0.0	0.6075104568077103	0.0	2.002814733928677	2.86517748123225	0.7047814135170128	0.3046712291540119	2.341672645318519	3.500847332543424	3.5152406836030794	0.3046712291540119	0.0	0.0	0.0	0.0	0.0	0.0	1.2109224430149366	0.4819694799368766	0.0	0.0	1.852247476975491	4.511301243057646	1.4383495045903625	0.3046712291540119	0.3046712291540119	0.6075104568077103	0.3046712291540119	0.7842031221500103	0.0	0.6075104568077103	0.0	1.047990568155416	0.3046712291540119	0.0	0.0	0.0	0.0	0.0	0.0	1.3686672204183061	0.8513215892920036	0.6075104568077103	0.3046712291540119	2.520447729860504	0.0	0.0	0.0	0.0	0.3046712291540119	0.7842031221500103	0.0	0.0	2.506916514233307	0.4819694799368766	0.6075104568077103	2.2140333947053565	1.047990568155416	0.7047814135170128	0.0	1.83321963813809	0.0	0.0
SRR5865115	0.21170167988620325	0.0	0.7799871755249649	2.480761378502064	1.9303159681040536	0.46007531969052456	0.35340733014920284	0.7321717858242216	3.377819152027104	4.3766479717107	2.3622650715946305	0.0	0.0	0.0	0.0	0.35340733014920284	1.349433460860383	0.6170932960805253	0.0	0.0	1.1520350973238007	4.95721786568651	1.0433951283750955	3.138841886115024	2.239921667268064	0.21170167988620325	0.6784331003744937	1.2061848536943298	2.627766636730876	0.0	0.35340733014920284	1.9700773555740374	1.2228316878150693	2.575213039157219	0.7321717858242216	0.0	1.8217128330120587	1.9004881415814057	3.5497916799034543	0.21170167988620325	0.0	0.0	0.0	0.21170167988620325	0.0	0.0	1.759939301305991	3.579233584563641	0.0	0.0	2.424003374104746	4.1861939175436635	1.8378606837226577	0.35340733014920284	0.35340733014920284	0.0	0.0	1.1323732070597263	0.0	0.21170167988620325	0.0	1.5946003842873524	0.7799871755249649	0.8230563733563381	0.5456421691652835	0.0	0.0	0.0	0.0	1.349433460860383	1.06740614568838	0.46007531969052456	0.0	4.464961240771403	0.0	0.0	0.7321717858242216	0.0	0.5456421691652835	2.561953176121192	0.0	0.0	2.871284185098292	0.35340733014920284	1.2836887540452646	1.907295836260964	0.5456421691652835	0.21170167988620325	0.6784331003744937	3.144159622521588	0.0	0.35340733014920284
SRR5865116	0.0	0.0	0.30477427560511094	3.3106489335686864	1.5387179783799096	0.8514971784338466	0.0	0.30477427560511094	3.9151356640704837	4.32003548918807	2.615964378292035	0.0	0.0	0.0	0.0	0.8514971784338466	0.7843739022573095	0.7049454544941195	0.0	0.0	0.48210648852861016	4.839294237994648	0.30477427560511094	3.3304987759553732	2.075579224137386	0.7049454544941195	0.0	0.30477427560511094	1.9896507709909894	0.0	0.6076643748849048	0.0	2.0566085637829	2.7317184747227232	0.6076643748849048	0.48210648852861016	3.2407022429359333	2.89786805824289	4.154327930151257	0.30477427560511094	0.0	0.0	0.0	0.0	0.0	0.0	0.48210648852861016	2.1312526058702046	0.0	0.0	2.097301556572523	4.713268823310658	1.2858208804071456	0.6076643748849048	0.48210648852861016	0.48210648852861016	0.0	1.1530562038245724	0.30477427560511094	0.0	0.0	1.1208308487301235	1.3293236630126541	0.48210648852861016	0.48210648852861016	0.0	0.0	0.0	0.0	0.9096214432708095	1.368862840501577	0.48210648852861016	0.0	2.6170327986818127	0.0	0.0	0.30477427560511094	0.0	0.0	1.4385464206670369	0.30477427560511094	0.0	3.237645581745783	0.48210648852861016	0.7049454544941195	2.150418164843317	1.1530562038245724	0.8514971784338466	0.30477427560511094	2.2578350213647975	0.0	0.0
SRR5865117	0.0	0.0	0.23116913750648121	3.2202027009252663	2.0411452251705673	0.0	0.0	0.5810715619527065	2.8824440233443736	4.866046226847345	3.229118438238047	0.0	0.0	0.0	0.23116913750648121	0.23116913750648121	1.8126243609191781	0.7723034280882405	0.0	0.0	0.7174149507338292	4.94350284973678	0.381231195743058	3.0175241039150658	2.049395600224826	0.0	0.23116913750648121	0.6545719208678852	2.7479887731598263	0.0	0.5810715619527065	0.0	1.112201561540277	2.445003733299901	0.7723034280882405	0.381231195743058	1.7733050075407053	1.4944513525226282	2.7592918352530753	0.0	0.0	0.23116913750648121	0.0	0.23116913750648121	0.0	0.0	0.5810715619527065	0.381231195743058	0.0	0.0	1.6558849100248105	3.742014635763695	1.807899759474917	0.23116913750648121	0.381231195743058	0.381231195743058	0.0	0.9046190211706655	0.0	0.23116913750648121	0.0	1.4640849012094315	0.23116913750648121	0.381231195743058	0.23116913750648121	0.0	0.0	0.0	0.0	0.974689362004171	0.6545719208678852	1.062293232317984	0.23116913750648121	2.7020144895734397	0.0	0.0	0.4925459324780572	0.0	0.4925459324780572	0.4925459324780572	0.0	0.0	2.364598770936793	0.4925459324780572	0.974689362004171	2.4847577155706153	0.7174149507338292	1.3440904515364676	0.0	1.7784190560027093	0.0	0.0
SRR5865118	0.0	0.47697619214406384	0.7779699145919987	1.9188631028193426	2.2428216804559007	0.6018967925230427	0.3009212032750644	0.0	3.527798793683673	4.901213465659102	3.3759943297785604	0.0	0.0	0.3009212032750644	0.3009212032750644	0.6987959234299566	2.1901154904308857	0.47697619214406384	0.0	0.0	0.6018967925230427	4.749356396222858	0.0	2.0861440027857028	2.237829749277654	0.3009212032750644	0.0	1.2785474448992298	3.154206513611442	0.0	1.2550669854843999	0.0	1.397731103209847	1.361519687640664	1.0411948605395247	0.3009212032750644	2.2646013939408314	1.6230368608667052	4.2384807105884255	0.6018967925230427	0.0	0.0	0.0	0.6018967925230427	0.0	0.0	0.3009212032750644	0.999804154073601	0.0	0.0	2.3281630133087345	3.6682615375945633	1.4469481930410162	0.6018967925230427	0.9028995824228895	0.0	0.9028995824228895	0.9540490819023849	0.0	0.3009212032750644	0.6018967925230427	0.6987959234299566	0.6987959234299566	1.3008232668183608	0.0	0.0	0.3009212032750644	0.0	0.0	1.397731103209847	0.8449115220872806	0.3009212032750644	0.0	2.6093773319946165	0.0	0.0	0.0	0.0	0.47697619214406384	1.175888157880103	0.0	0.0	2.548786264865096	0.7779699145919987	1.1459259709742489	2.5235295064698193	1.0411948605395247	1.0411948605395247	0.3009212032750644	3.8804817058290153	0.3009212032750644	0.0
SRR5865119	0.0	0.0	0.8477544358759871	2.2044752648475434	1.3251698452191731	0.0	0.7014498117429983	0.0	3.4215633964458627	4.639816004579763	1.9715473118776232	0.0	0.0	0.0	0.4791887429518273	0.0	1.2333648757763962	0.0	0.0	0.0	0.0	4.859651197764995	0.0	1.0442095536945495	2.6126843786575282	0.0	0.0	1.0442095536945495	1.6158061220221307	0.0	1.36469117131589	0.0	1.3251698452191731	1.36469117131589	1.2816886745818825	0.7014498117429983	2.5358428805994984	1.8291262857199286	3.5175115295141257	0.4791887429518273	0.0	0.0	0.0	0.4791887429518273	0.0	0.0	0.9569969789811896	1.1168034148956822	0.0	0.4791887429518273	2.215266221324019	3.227628775210985	1.727315182343956	0.7014498117429983	0.7014498117429983	0.0	0.0	0.7014498117429983	0.0	0.0	0.0	1.5470774018595113	0.8477544358759871	1.0442095536945495	0.7014498117429983	0.4791887429518273	0.4791887429518273	0.0	0.0	1.4653891058046176	0.7014498117429983	0.0	0.0	4.69452380445767	0.0	0.0	0.0	0.0	0.0	1.36469117131589	0.0	0.0	2.1522947749169994	0.4791887429518273	1.2333648757763962	1.9221384567582267	1.36469117131589	0.9569969789811896	0.0	1.6751297351752985	0.0	0.0
SRR5865120	0.0	0.0	0.8523352336189768	1.77171575031883	1.6984573832011138	0.6083991037532004	0.0	0.0	3.01553092157118	4.791319702659823	3.304324347360676	0.0	0.0	0.4030186792387422	0.0	0.7472735229609904	0.7472735229609904	0.7472735229609904	0.0	0.0	0.0	4.968595518500182	0.4030186792387422	0.7472735229609904	2.021187898558943	0.0	0.4030186792387422	0.6083991037532004	2.495542928086487	0.0	0.4030186792387422	0.0	1.6710080162005394	2.4578804876832825	0.7472735229609904	0.0	2.2939457939342445	3.295332793271625	3.7373923746274076	0.4030186792387422	0.0	0.0	0.0	0.0	0.0	0.0	0.6083991037532004	0.4030186792387422	0.0	0.0	2.2660641910046277	3.8024302126761045	0.8523352336189768	0.4030186792387422	0.9368671629138727	0.0	0.0	0.9368671629138727	0.0	0.0	0.0	1.4779706118193905	0.9368671629138727	0.9368671629138727	0.0	0.0	0.0	0.0	0.4030186792387422	1.4552914528086958	1.169223481892839	0.0	0.0	2.9125957097110486	0.0	0.0	0.0	0.0	0.0	0.4030186792387422	0.0	0.0	2.8892343582930744	0.4030186792387422	1.169223481892839	2.146673717077854	0.8523352336189768	1.1217322895896338	0.0	2.34485300445795	0.0	0.0
SRR5865121	0.0	0.0	1.3092769907138126	2.0383183898476114	2.098217618201122	0.41751898232590756	0.0	0.0	3.180275533529858	4.856907827341205	3.0045590837638008	0.0	0.0	0.41751898232590756	0.6263988352067689	0.0	1.1437103029011293	0.0	0.0	0.0	1.1913828970051992	4.8333826356451155	1.5995210178749872	1.5995210178749872	2.6804481865732575	0.0	1.0901519637853663	1.7719565933482775	3.2941170701173936	0.0	1.1437103029011293	1.4288562267239715	1.6942413154120466	2.770088492342957	1.543086421321539	0.41751898232590756	3.14807727801734	1.0901519637853663	3.7516489388837724	0.0	0.0	0.0	0.0	0.0	0.0	0.0	2.543945813223056	2.4377238127809675	0.0	0.0	2.2675060349485996	4.166316723496632	2.188793681960455	0.41751898232590756	0.0	1.0901519637853663	0.0	1.3731693120632387	0.0	0.0	0.0	2.1146869639378125	0.7668479844895172	1.1437103029011293	1.234336227890615	0.8728051322170938	0.0	0.0	2.223688851093518	1.234336227890615	1.2734210564735289	0.0	0.0	3.414432247957558	0.0	0.0	0.41751898232590756	0.0	0.9579147648862892	1.616812724095349	0.0	0.0	2.772464164629286	1.029047110956315	1.3092769907138126	2.4299738419009467	3.142555143848315	1.234336227890615	0.41751898232590756	2.9387237725056137	0.0	0.0
SRR5865122	0.0	0.0	0.9312300067600083	1.6922062883590014	2.0901713658474868	0.39917236508493165	0.0	0.6035998912211723	3.546181486058809	4.507229045794776	3.2106264314249082	0.0	0.0	0.0	0.0	0.0	1.0018472257422433	0.39917236508493165	0.39917236508493165	0.0	0.6035998912211723	5.034858025182043	0.39917236508493165	1.6200507539106734	2.3354897637497514	0.0	0.7420423099157657	1.2806978317983122	3.002700898429449	0.0	3.297618052317551	1.1158378396521675	1.939044429247031	2.332456196015236	0.9312300067600083	0.39917236508493165	3.6991064699205185	2.1543259164901833	3.716423271761812	0.6035998912211723	0.0	0.0	0.0	0.0	0.0	0.0	1.923713946926662	2.752942276337135	0.0	0.39917236508493165	2.287598690776924	3.8874694874770763	2.3590243913309377	0.39917236508493165	0.9312300067600083	0.8468574805603764	0.39917236508493165	1.9078224380906001	0.0	0.0	0.0	2.0211486889517865	1.2806978317983122	1.062571779807819	0.9312300067600083	0.0	0.0	0.0	0.0	0.8468574805603764	1.8182620335741122	0.6035998912211723	0.0	3.19587070472625	0.0	0.0	0.39917236508493165	0.0	0.6035998912211723	2.338502288767919	0.7420423099157657	0.0	3.4885526415475123	0.39917236508493165	0.7420423099157657	2.462942748026224	1.0018472257422433	1.4252206050541487	0.39917236508493165	2.994161391996374	0.0	0.39917236508493165
SRR5865123	0.0	0.0	1.9821641413350557	1.6516193967395265	2.589068053532066	0.45124405666537437	0.0	0.0	3.384662113311882	4.805451060304827	2.746690784056158	0.0	0.0	0.45124405666537437	0.0	0.0	1.3241001952263252	0.0	0.45124405666537437	0.0	0.0	4.8968096589573324	0.45124405666537437	1.5058274132362173	2.335504459985948	0.0	0.45124405666537437	1.668960532516556	2.708067662742989	0.0	0.6677270591908554	0.6677270591908554	1.8904861388198761	2.6535126541706897	0.919385211858037	0.0	2.5229879436619354	2.450674040307433	3.751928422107559	0.6677270591908554	0.0	0.0	0.0	0.45124405666537437	0.0	0.0	2.942443678153703	3.568583080920564	0.0	0.0	2.064710545358576	3.9953345989270375	2.3012145325995648	0.45124405666537437	0.811535038370203	1.7741297426936762	0.45124405666537437	1.7465877847216758	0.0	0.0	0.45124405666537437	1.900575318561742	0.0	1.241501929432116	0.6677270591908554	0.45124405666537437	0.0	0.0	0.0	1.1934513975773844	1.1934513975773844	0.0	0.0	3.317199635387752	0.0	0.0	0.45124405666537437	0.0	0.0	2.116206535187043	0.811535038370203	0.0	3.5040410328435905	0.0	1.1394154423419067	2.139832167655734	1.0057097318189294	2.110093700501181	0.6677270591908554	2.660502124551597	0.0	0.0
SRR5865124	0.0	0.0	0.0	1.932484343828699	1.6973069097375646	0.4194539851359726	0.0	0.7694430214552985	3.1870919118835377	4.907599649348927	3.220664832330759	0.0	0.0	0.0	0.4194539851359726	0.6287899668628293	1.1943108443300057	0.0	0.0	0.0	0.0	4.813639773827476	0.7694430214552985	1.6025712483721115	2.4089742836533437	0.0	0.0	1.0930272170118653	2.664106371842528	0.0	0.7694430214552985	0.0	1.5657674418319034	2.7035996476822084	1.1943108443300057	0.0	2.4089742836533437	1.7750325165013305	4.054773387166007	0.0	0.0	0.0	0.0	0.0	0.0	0.0	0.4194539851359726	0.4194539851359726	0.0	0.0	2.2629725843926427	4.01330355203371	2.2309701970565303	0.0	0.6287899668628293	0.6287899668628293	0.0	0.6287899668628293	0.0	0.6287899668628293	0.0	1.619866015025925	0.7694430214552985	0.4194539851359726	0.0	0.0	0.0	0.0	0.0	1.4318687130556813	1.0930272170118653	0.6287899668628293	0.0	3.1843274993937563	0.0	0.0	0.0	0.0	0.0	0.9606997983738954	0.0	0.0	2.4408410638104785	0.0	1.0318840717233644	2.2140389101238585	1.1943108443300057	0.9606997983738954	0.0	1.1943108443300057	0.0	0.0
SRR5865125	0.0	0.0	0.7121558182189391	2.0649402886940917	2.023033533967283	0.44409848838459276	0.20233786969947107	0.20233786969947107	2.96530428463914	4.904749998570961	3.1175163965275563	0.0	0.0	0.33982809272411363	0.33982809272411363	0.659030308907236	1.6801757701210045	0.20233786969947107	0.0	0.0	0.0	4.790744398154139	0.0	1.478262633851032	1.995279297674697	0.0	0.33982809272411363	1.0209893323710972	1.7587420078906557	0.0	0.7594852700549093	0.20233786969947107	1.2459206477006721	2.5335675663160067	0.9957105791072172	0.33982809272411363	2.0156383844102472	4.158160335442958	3.6153477259857394	0.20233786969947107	0.0	0.0	0.20233786969947107	0.44409848838459276	0.0	0.0	0.5984884224317998	0.44409848838459276	0.0	0.0	2.0327018369216083	3.3660794307346302	2.3729218860196943	0.5281182554699713	0.5984884224317998	0.0	0.9688690037840058	1.4950701453302813	0.20233786969947107	0.20233786969947107	0.44409848838459276	1.3720097288630677	1.674759548343584	0.8021598866576356	0.44409848838459276	0.0	0.0	0.0	0.0	1.634827801767556	0.9402585595828463	0.0	0.0	3.0011883675850175	0.0	0.0	0.44409848838459276	0.0	0.0	1.5032361079671612	0.33982809272411363	0.0	3.120651141277719	0.5281182554699713	0.8766753967607355	2.218496301007063	0.33982809272411363	1.0448772812025344	0.0	3.772673474325855	0.0	0.0
SRR5865126	0.0	0.3599355135446152	1.1008785673443995	1.908553139172487	3.3462388695577934	0.3599355135446152	0.0	0.554010995409627	2.6982255258309236	4.9185307145141515	3.105864692432017	0.0	0.0	0.3599355135446152	0.0	0.6876700663231955	0.8723100024776586	0.3599355135446152	0.0	0.0	0.0	4.414109684649807	0.554010995409627	1.5989635940616056	1.9606463920661994	0.3599355135446152	0.0	0.8723100024776586	3.3362768171338377	0.0	0.554010995409627	0.0	1.5047787750053567	2.096529896914087	0.7897294515234224	0.3599355135446152	2.878498010681723	4.36579299786547	4.450810118411021	0.3599355135446152	0.0	0.3599355135446152	0.0	0.554010995409627	0.0	0.0	1.9544663483664355	0.9416686795697615	0.0	0.0	2.3820857281376466	3.458638571233779	1.4682233080413674	0.8723100024776586	1.1008785673443995	0.0	0.3599355135446152	1.3087332489270909	0.0	0.0	0.3599355135446152	1.2498549965960404	1.6128511463426358	1.569780744046333	0.6876700663231955	0.0	0.0	0.0	0.0	1.4283057289237957	1.0014607924183618	0.0	0.0	2.8517413913318346	0.0	0.0	0.0	0.0	0.554010995409627	1.6128511463426358	0.0	0.0	3.129789990063014	0.3599355135446152	0.9416686795697615	2.436641707251671	0.554010995409627	1.1008785673443995	0.3599355135446152	3.2155188634873677	0.0	0.0
SRR5865127	0.0	0.0	0.0	3.245182214128141	1.9789769618536779	0.7629501421705146	0.0	0.0	3.967765423135091	4.810779002180291	3.518173468227852	0.0	0.0	0.0	0.7629501421705146	0.9537292407229786	1.5769296167342015	1.0858297232012144	0.0	0.0	0.0	4.836845559761843	0.4146180727087692	1.268966540551255	2.1795522219061336	0.0	0.4146180727087692	0.4146180727087692	2.837642590613225	0.0	0.7629501421705146	0.0	2.312870708281508	3.233180230321176	1.0858297232012144	0.4146180727087692	2.099107764540809	2.600832037358916	3.6285263159404573	0.0	0.0	0.0	0.0	0.0	0.0	0.0	0.6228093829333622	0.6228093829333622	0.0	0.0	2.0206173324284395	4.216827539450621	2.4927429939143626	0.6228093829333622	0.4146180727087692	0.0	0.0	1.6122204805140636	0.0	0.0	0.0	1.3973856522411103	0.9537292407229786	0.4146180727087692	0.6228093829333622	0.4146180727087692	0.0	0.0	0.0	1.3686630813478113	0.6228093829333622	0.0	0.0	2.864053043768551	0.0	0.0	0.0	0.0	0.0	1.660300624742998	0.0	0.0	3.187450946148021	0.0	1.0247829063999823	2.2885683353888218	0.9537292407229786	1.0247829063999823	0.0	2.0586121899800047	0.0	0.0
SRR5865128	0.0	0.0	0.901275774114797	1.8562914469381715	1.6654236536166962	0.5214279817776563	0.5214279817776563	0.0	3.268955102171714	4.543379559649143	1.4045476949443043	0.0	0.0	0.0	0.3346765603995523	0.0	1.2066750547682514	0.6516002547669214	0.0	0.0	1.0588045764786218	5.059074906794586	0.0	1.7712597790098539	2.3000507398201773	0.3346765603995523	0.3346765603995523	0.751620382233741	2.0510228351033453	0.0	0.3346765603995523	0.0	1.7263186335417864	1.6430676860125304	1.1741558287642713	0.0	2.128810978394978	1.1390030967806914	3.36282168436343	0.5214279817776563	0.0	0.0	0.0	0.0	0.0	0.0	0.6516002547669214	0.901275774114797	0.0	0.0	2.132543296239588	4.067637424081478	1.4939989378736005	0.3346765603995523	0.0	0.5214279817776563	0.0	2.105717303996215	0.0	0.3346765603995523	0.0	0.6516002547669214	0.901275774114797	1.0588045764786218	1.1390030967806914	0.0	0.0	0.0	0.0	1.1007524338731638	1.265210084491847	0.0	0.0	2.6501769652722005	0.0	0.0	0.0	0.0	0.5214279817776563	2.231779992229015	0.0	0.0	3.8875547299966122	0.5214279817776563	0.5214279817776563	1.6543895048552717	1.265210084491847	1.1741558287642713	0.0	2.0554835247285865	0.0	0.3346765603995523
SRR5865129	0.0	0.0	0.7999259477527935	2.8199259708661915	1.8992750537148375	0.6973490852031248	0.36681960356573245	0.0	3.030190493903417	4.68213282601941	2.706964000127879	0.0	0.0	0.36681960356573245	0.36681960356573245	0.36681960356573245	1.7538834044635667	0.9524411141697723	0.0	0.0	0.7999259477527935	5.013532453275513	0.7999259477527935	1.947385739682971	2.938989475156456	0.36681960356573245	0.36681960356573245	1.6381694730372738	2.3097366763698046	0.0	0.5627981178353094	1.1120725231635358	1.3470174201418756	2.5967685287442186	1.1120725231635358	0.6973490852031248	2.090241988551318	1.2285413286307094	3.270511766217043	0.36681960356573245	0.0	0.36681960356573245	0.0	0.6973490852031248	0.0	0.0	0.8828444263515032	2.7396533305006354	0.0	0.0	2.0710971724664082	3.617310249186552	1.6639102998968343	0.0	0.36681960356573245	0.6973490852031248	0.36681960356573245	1.1120725231635358	0.36681960356573245	0.0	0.0	1.0650938159722676	0.8828444263515032	0.6973490852031248	0.6973490852031248	0.36681960356573245	0.0	0.0	0.0	1.2613251519930833	1.2918069622766177	1.0650938159722676	0.0	4.076321123241159	0.0	0.0	0.0	0.0	0.0	1.4604409595348868	0.0	0.0	2.7279509734004557	0.7999259477527935	0.8828444263515032	2.108578364706942	1.154461837640393	1.5165484102860287	0.5627981178353094	2.11304399595772	0.0	0.0
SRR5865130	0.0	0.0	0.555629175709719	3.411377102883354	1.5719639889666057	0.3612009748003428	0.0	0.0	3.2599975210175396	4.784699752713292	3.486064618173822	0.0	0.0	0.3612009748003428	0.3612009748003428	0.0	1.9107690250374203	1.4090368732903	0.0	0.0	0.0	4.969339442995692	0.0	1.882173003537207	2.316508416889516	0.0	0.0	0.6894539896000978	2.551981489350971	0.0	0.9436561729735551	0.0	1.540673495573821	2.7148219387412884	0.555629175709719	0.0	1.9566850054993996	1.3864955115295523	3.7982840213617335	0.0	0.0	0.0	0.0	0.0	0.3612009748003428	0.0	0.3612009748003428	0.555629175709719	0.0	0.0	1.9566850054993996	3.5995504732555963	2.0563612519773806	0.0	1.0560541618333983	0.0	0.0	0.555629175709719	0.0	0.0	0.0	1.8270963614128524	0.7916096657928683	1.0034812228052468	0.3612009748003428	0.0	0.0	0.0	0.0	1.3375667416473205	0.9436561729735551	0.555629175709719	0.0	2.596984253068803	0.0	0.0	0.0	0.0	0.0	0.8742531479620923	0.3612009748003428	0.0	2.7432055606705523	0.0	1.1452621401374208	2.5358810038376185	0.8742531479620923	1.0034812228052468	0.3612009748003428	2.1495234373365313	0.0	0.0
SRR5865131	0.0	0.0	1.3150885221762239	1.8438743461829934	2.5677175353606314	0.0	0.6310717509632892	0.0	3.3048317074173825	4.593874349679986	2.6353209493782828	0.4213023912501495	0.0	0.6310717509632892	0.0	1.0345885913005688	1.484114943935708	0.0	0.0	0.0	0.9633551239530602	4.987520028864902	1.1971015336201007	1.95951466315036	2.4119433227458646	0.6310717509632892	0.8781005448419115	2.0379006366828762	2.836168399795782	0.0	1.0957680061225272	2.15691419864283	2.0753574037352065	2.2921274276391834	1.4347394343492905	0.7719182536307289	2.5715505212069343	3.015494699980813	4.09805443510454	0.4213023912501495	0.0	0.0	0.0	0.0	0.0	0.0	1.506845643093448	3.4851793094157597	0.6310717509632892	0.0	2.4119433227458646	4.089802224816452	2.2126631967634625	0.6310717509632892	0.8781005448419115	0.8781005448419115	0.0	1.528445570419849	0.0	0.0	0.0	1.484114943935708	1.6054776917964493	1.528445570419849	0.6310717509632892	0.4213023912501495	0.0	0.0	0.0	1.2400916637737573	1.3482304521424673	0.0	0.0	3.0485312714460426	0.0	0.0	0.4213023912501495	0.0	0.0	2.3133840768799017	0.0	0.0	2.967642917299385	0.7719182536307289	1.4077734388036214	2.420132113258255	2.615087000419835	1.149383596941181	0.4213023912501495	3.0517008072272076	0.0	0.0
SRR5865132	0.0	0.0	0.5443215623747918	2.5697278372561096	2.157204312826745	0.5443215623747918	0.0	0.3523797115850035	3.9412322600689245	4.1252990224618475	1.9826224216389838	0.0	0.0	0.0	0.3523797115850035	0.3523797115850035	1.2371234181626634	0.5443215623747918	0.3523797115850035	0.0	1.2371234181626634	5.109045879262856	0.5443215623747918	2.0100147311484085	2.242770038245372	0.0	0.5443215623747918	0.7784470070280278	2.832703578204111	0.0	0.3523797115850035	1.3225572858905268	1.1306623745593936	1.7944885409257874	1.267507436718018	0.5443215623747918	1.7944885409257874	2.6509044398945942	3.7026560763032275	0.0	0.0	0.3523797115850035	0.0	0.0	0.0	0.0	0.6769738051503975	0.7784470070280278	0.0	0.0	2.2204608348652823	3.994495958981964	1.204452694723114	0.5443215623747918	0.0	0.0	0.7784470070280278	1.0884620132727671	0.3523797115850035	0.0	0.3523797115850035	0.5443215623747918	0.3523797115850035	0.6769738051503975	0.5443215623747918	0.3523797115850035	0.0	0.0	0.0	1.3225572858905268	1.204452694723114	0.0	0.0	2.702353654154713	0.0	0.0	0.3523797115850035	0.3523797115850035	0.3523797115850035	2.1378646523077274	0.3523797115850035	0.0	3.130205571538553	0.6769738051503975	0.3523797115850035	1.9020811273818699	2.467961780743216	1.0884620132727671	0.5443215623747918	3.66848435901858	0.0	0.0
SRR5865133	0.0	0.931280069006862	0.9908975041739904	1.9843580143650061	1.8456227462029353	0.0	0.0	0.0	3.232811771139148	4.6794509308944106	3.2822304868398704	0.0	0.0	0.0	0.0	0.54557529853063	1.3730870330715101	0.931280069006862	0.35335527869359873	0.0	0.6783592182664452	4.781910706410832	0.35335527869359873	1.2060971830071647	3.022157054558014	0.0	0.8621564544069285	1.1707580752885045	3.140725599332715	0.0	0.6783592182664452	0.35335527869359873	1.475524949833204	2.9294765707297366	1.132286613763331	0.35335527869359873	2.2445138407818033	3.195162339836174	4.52538023519697	0.35335527869359873	0.35335527869359873	0.0	0.0	0.35335527869359873	0.0	0.0	2.511976476583348	2.773692615707054	0.0	0.0	2.475223480621171	4.1345203331965354	1.8216207561030204	0.0	0.9908975041739904	1.989976672986718	0.0	1.6148412409854547	0.0	0.0	0.35335527869359873	1.132286613763331	1.7304231551327196	1.4934025252141707	1.132286613763331	0.0	0.0	0.0	0.0	1.132286613763331	0.8621564544069285	0.35335527869359873	0.35335527869359873	3.643061453177704	0.0	0.0	0.0	0.0	0.54557529853063	2.3185930833274235	0.0	0.35335527869359873	3.3952002288873895	0.6783592182664452	1.4170011275920518	2.6853765684788153	2.8478237113271447	1.238775829638588	0.35335527869359873	2.8834905867290983	0.35335527869359873	0.35335527869359873
SRR5865134	0.0	0.0	1.4624704643195545	2.281108028610565	2.252927666001673	0.8451623730512912	0.0	0.0	3.894446498568461	4.517363343205332	2.731663680234895	0.0	0.0	0.47717129234978506	0.0	0.0	1.176161310123728	0.8451623730512912	0.47717129234978506	0.0	0.9543092249984302	5.004503912655248	0.47717129234978506	2.2856319744423295	2.340518826439398	0.6990300488003874	1.51858671997965	1.959115621902655	2.985501450757529	0.0	1.0414609168609341	1.1140126336443246	1.8633968863506323	2.6999126303546412	0.8451623730512912	0.9543092249984302	2.4233206450209024	3.250738931608656	3.9849172779173654	0.47717129234978506	0.0	0.0	0.0	0.0	0.0	0.0	1.9494642176938302	3.165912627746385	0.0	0.0	3.07011285702071	3.8645267911877768	1.8865648048080819	0.0	0.47717129234978506	0.47717129234978506	0.0	1.7994144125004787	0.0	0.0	0.47717129234978506	1.3617996273410047	1.6532859003267142	1.3980120610331528	1.3617996273410047	0.0	0.0	0.0	0.0	1.1140126336443246	1.2305195610628863	0.9543092249984302	0.0	2.7716624081802324	0.47717129234978506	0.0	0.6990300488003874	0.0	0.0	3.5851972210821055	0.6990300488003874	0.0	3.490174035067274	0.47717129234978506	1.3980120610331528	2.1904062682741032	2.5404043127981697	1.176161310123728	0.0	1.8513323459899698	0.0	0.8451623730512912
SRR5865135	0.0	0.3796712342398546	0.5791013702462726	2.816111500318063	1.7757905489024481	0.0	0.0	0.0	2.617542585480651	4.943401552266488	3.232172091315016	0.0	0.0	0.715255462061304	0.9022797237807669	1.282423375271746	1.9285036943495368	1.0855096794251935	0.3796712342398546	0.3796712342398546	0.5791013702462726	4.850943475167553	0.3796712342398546	2.3233607106393968	2.3825339921771778	0.0	0.0	0.8187582479849015	2.4045946127254885	0.0	0.8187582479849015	0.0	1.3935629247607064	0.715255462061304	0.9022797237807669	0.8187582479849015	2.3973648722824095	1.1752269245095666	3.0636075216383403	0.715255462061304	0.0	0.3796712342398546	0.0	0.0	0.0	0.0	0.715255462061304	0.5791013702462726	0.0	0.0	1.962871766091944	3.561795113753962	1.6181894781550046	0.5791013702462726	0.715255462061304	0.3796712342398546	0.5791013702462726	0.8187582479849015	0.0	0.0	0.5791013702462726	0.3796712342398546	0.715255462061304	0.3796712342398546	0.0	0.5791013702462726	0.0	0.0	0.0	1.2139742378889433	0.715255462061304	0.3796712342398546	0.0	2.770221780546905	0.0	0.0	0.0	0.0	0.0	0.9022797237807669	0.3796712342398546	0.0	2.3850412441810307	0.3796712342398546	1.1326809355070526	2.234102417406904	0.715255462061304	1.1752269245095666	0.3796712342398546	3.800985127206947	0.0	0.3796712342398546